sector,source_type,source_name,title,text,cleaned_text,Cost & ROI,Security & Privacy,Scalability & Tech,Sustainability & Green
healthcare,News Media,PRNewswire,"IotaComm® Unveils the Next Generation of Delphi360®, an AI-Powered Operational Intelligence Platform","Delphi360 unifies data from sensors, equipment, infrastructure, energy systems, and physical environments with digital twin context and AI-assisted intelligence, helping teams understand what is happening, why it matters, and what to do next. CHAPEL HILL, N.C…",delphi unifies data sensors equipment infrastructure energy systems physical environments digital twin context aiassisted intelligence helping teams understand happening matters next chapel hill nc,,,0.758,0.758
healthcare,News Media,PRNewswire,Siemens to acquire Precision Innovations to expand AI-powered system-on-a-chip design exploration and optimization,"Acquisition expands Siemens' electronic design automation (EDA) portfolio with AI-powered, shift-left chip planning capabilities to support faster design exploration for advanced system-on-a-chip (SoC) architectures Precision Innovations' technology helps sem…",acquisition expands siemens electronic design automation eda portfolio aipowered shiftleft chip planning capabilities support faster design exploration advanced systemonachip soc architectures precision innovations technology helps sem,,,,
healthcare,News Media,GlobeNewswire,Data Center Infrastructure Management Market Size to Hit $12.82 Billion by 2035 | SNS Insider,"The U.S. Data Center Infrastructure Management Market is projected to surpass $3.38 billion by 2035, while Europe is expected to reach $4.16 billion, driven by rising AI infrastructure investments, sustainability regulations, multi-cloud adoption, and growing…",us data center infrastructure management market projected surpass billion europe expected reach billion driven rising ai infrastructure investments sustainability regulations multicloud adoption growing,0.202,,0.202,0.202
healthcare,News Media,PRNewswire,"Digital Twin Market Expands Rapidly with AI, IoT, and Smart Manufacturing Driving 31.1% CAGR Through 2033, Reports Grand View Research","Digital Twin Technology Emerges as Cornerstone of Enterprise AI and Industrial Automation Strategies as Next-Generation Digital Twins Transform Industrial Intelligence, Creating Multi-Billion-Dollar Market Opportunities SAN FRANCISCO, June 24, 2026 /PRNewswir…",digital twin technology emerges cornerstone enterprise ai industrial automation strategies nextgeneration digital twins transform industrial intelligence creating multibilliondollar market opportunities san francisco june prnewswir,,,,
healthcare,News Media,PRNewswire,Siemens and IFS partner to close the loop across the product lifecycle with Industrial AI,"Industrial AI leaders to connect design, production and asset performance in one continuous loop - from engineering intent to operational outcome Partnership focused on delivering productivity and adaptability for manufacturers by connecting leading AI-native…",industrial ai leaders connect design production asset performance one continuous loop engineering intent operational outcome partnership focused delivering productivity adaptability manufacturers connecting leading ainative,,,,
healthcare,News Media,GlobeNewswire,"Global Facility Management Services Market 2025 Just Released — Profiles CBRE, ISS, Sodexo, and More","Key market opportunities in facility management services include expansion in services and real estate segments, adoption of smart building technologies, and growth in cloud and SMEs segments. Rapid growth is expected in Asia Pacific and Africa. Strategic foc…",key market opportunities facility management services include expansion services real estate segments adoption smart building technologies growth cloud smes segments rapid growth expected asia pacific africa strategic foc,,,0.859,
healthcare,News Media,BusinessLine,"IMARC Engineering Introduces End-to-End Factory Setup Services in India, Targeting Greenfield and Brownfield Manufacturing Investors","IMARC Engineering Introduces End-to-End Factory Setup Services in India, Targeting Greenfield and Brownfield Manufacturing Investors",imarc engineering introduces endtoend factory setup services india targeting greenfield brownfield manufacturing investors,,,,0.0
healthcare,News Media,PRNewswire,"Data Center Robotics Market to Reach USD 113,432.96 Million by 2035 Amid Hyperscale Expansion and AI-Driven Operations - DC Market Insights","LONDON, July 14, 2026 /PRNewswire/ -- The ""Data Center Robotics Market – Growth, Share, Opportunities & Competitive Analysis, 2025 – 2035"" report has been added to the DCMI (DC Market Insights) offering. The global Data Center Robotics Market was valued at US…",london july prnewswire data center robotics market growth share opportunities competitive analysis report added dcmi dc market insights offering global data center robotics market valued us,,,,
healthcare,News Media,GlobeNewswire,"The Global Advanced Robotics Market 2026-2046: Industry Growth Driven by Advancements in AI, Decreased Component Costs, and the Rise of Robot-as-a-Service Models","Dublin, July  06, 2026  (GLOBE NEWSWIRE) -- The ""The Global Advanced Robotics Market 2026-2046"" has been added to  ResearchAndMarkets.com's offering.    ...",dublin july globe newswire global advanced robotics market added researchandmarketscoms offering,,,,
healthcare,News Media,Databricks.com,Foundational context: Cross-industry & function-specific accelerators for Lakebase,"- Automated Database Migration & Modernization: Partners with specialized accelerators that automate the risk assessment, schema conversion, and code migration from legacy systems like Oracle, Informatica, and SQL Server, using Lakebase database branching to …",automated database migration modernization partners specialized accelerators automate risk assessment schema conversion code migration legacy systems like oracle informatica sql server using lakebase database branching,,,,
manufacturing,News Media,BusinessLine,Can Industry 4.0 accelerate India’s agriculture growth through smarter fertiliser and chemical manufacturing?,"As farming becomes more and more data-driven and tech-enabled, the supporting industries also have to move along.",farming becomes datadriven techenabled supporting industries also move along,,,,
manufacturing,News Media,GlobeNewswire,"Digital Biomanufacturing Market Size to Reach USD 73.35 Billion by 2035, Growing at 12.24% CAGR | SNS Insider","AI-Driven Bioprocess Optimization, Digital Twins, and Industry 4.0 Accelerate Global Digital Biomanufacturing Market Growth Across the U.S., Europe, and Asia Pacific AI-Driven Bioprocess Optimization, Digital Twins, and Industry 4.0 Accelerate Global Digital …",aidriven bioprocess optimization digital twins industry accelerate global digital biomanufacturing market growth across us europe asia pacific aidriven bioprocess optimization digital twins industry accelerate global digital,,,,
manufacturing,News Media,GlobeNewswire,AI Revolution Transforms Foam Insulation Production as Industry Shifts Toward Smart Manufacturing and Sustainability,"AI is helping manufacturers reduce material waste, improve thermal performance and accelerate the development of next-generation insulation products....",ai helping manufacturers reduce material waste improve thermal performance accelerate development nextgeneration insulation products,,,,0.318
manufacturing,News Media,GlobeNewswire,Industrial System Integrator and IIoT Technology Market to Reach USD 2.20 Trillion by 2032,"Global market projected to expand at a 23.47% CAGR as industrial enterprises accelerate smart manufacturing, OT-IT convergence, edge computing, artificial intelligence and cybersecurity investments Global market projected to expand at a 23.47% CAGR as industr…",global market projected expand cagr industrial enterprises accelerate smart manufacturing otit convergence edge computing artificial intelligence cybersecurity investments global market projected expand cagr industr,0.856,0.856,,
manufacturing,News Media,Iasbaba.com,DAILY CURRENT AFFAIRS IAS | UPSC Prelims and Mains Exam – 27th June 2026,"Archives (PRELIMS  Focus) (MAINS Focus)  
The post DAILY CURRENT AFFAIRS IAS | UPSC Prelims and Mains Exam – 27th June 2026 appeared first on IASbaba.",archives prelims focus mains focus post daily current affairs ias upsc prelims mains exam th june appeared first iasbaba,,,,
manufacturing,News Media,Financial Post,Revolutionizing Canada’s food and fermentation sectors with new AI technology,"New partnership will develop and enable AI technology that will reduce energy use and enhance ingredient production Summerland, BC, June 24, 2026 (GLOBE NEWSWIRE) — Canada’s ability to create more value from its agricultural resources is taking a significant …",new partnership develop enable ai technology reduce energy use enhance ingredient production summerland bc june globe newswire canadas ability create value agricultural resources taking significant,,,,0.827
manufacturing,News Media,GlobeNewswire,"Acrylic-Based Masking Tapes Market Report Just Released; Profiles 3M, Avery Dennison, and 19 Other Key Players","The acrylic-based masking tapes market is set for strong growth due to rising demand for lightweight, residue-free solutions, increasing adoption in electric vehicle manufacturing, expansion of sustainable materials, and automation in manufacturing. The focus…",acrylicbased masking tapes market set strong growth due rising demand lightweight residuefree solutions increasing adoption electric vehicle manufacturing expansion sustainable materials automation manufacturing focus,,,,
manufacturing,News Media,GlobeNewswire,PECVD Loading and Unloading Machines Market to Experience 15.1% CAGR Due to Rise in Automated Wafer Handling and AI Integration,"The PECVD loading and unloading machines market is set to grow rapidly due to increased semiconductor fabrication, solar cell manufacturing automation, and adoption of robotics. Opportunities lie in AI-enabled automation, advanced wafer handling, and regional…",pecvd loading unloading machines market set grow rapidly due increased semiconductor fabrication solar cell manufacturing automation adoption robotics opportunities lie aienabled automation advanced wafer handling regional,,,,
manufacturing,News Media,GlobeNewswire,Revolutionizing Canada’s food and fermentation sectors with new AI technology,New partnership will develop and enable AI technology that will reduce energy use and enhance ingredient production New partnership will develop and enable AI technology that will reduce energy use and enhance ingredient production,new partnership develop enable ai technology reduce energy use enhance ingredient production new partnership develop enable ai technology reduce energy use enhance ingredient production,,,,0.494
manufacturing,News Media,GlobeNewswire,Hybrid Robots Market Projected to Reach $10.03 Billion by 2030 as Smart Manufacturing Accelerates,"Opportunities center on smart manufacturing, logistics, hazardous-environment operations, and human-robot collaboration, supported by edge AI, sensor fusion, and adaptive autonomy. North America leads adoption, while Asia-Pacific presents strong expansion pot…",opportunities center smart manufacturing logistics hazardousenvironment operations humanrobot collaboration supported edge ai sensor fusion adaptive autonomy north america leads adoption asiapacific presents strong expansion pot,,,,
manufacturing,News Media,GlobeNewswire,Magnetic Plastics Market Size to Hit USD 17.18 Billion by 2035 as EVs and Electronics Drive Global Demand | SNS Insider,"U.S. Magnetic Plastics Market Projected to Hit USD 4.87 Billion by 2035, While Europe Advances Toward USD 4.23 Billion on EV and Industrial Automation Growth U.S. Magnetic Plastics Market Projected to Hit USD 4.87 Billion by 2035, While Europe Advances Toward…",us magnetic plastics market projected hit usd billion europe advances toward usd billion ev industrial automation growth us magnetic plastics market projected hit usd billion europe advances toward,,,,
manufacturing,News Media,GlobeNewswire,"Global Multi-Head Liquid Filling Machine Market Report Now Available, Covers 10 Geographies Including North America and Asia-Pacific","Key market opportunities in the multi-head liquid filling machine sector arise from the growth of the packaged goods industry, demand for automation and efficiency, increased adoption of smart factory solutions, and expansion in food, beverage, and pharmaceut…",key market opportunities multihead liquid filling machine sector arise growth packaged goods industry demand automation efficiency increased adoption smart factory solutions expansion food beverage pharmaceut,,,,
manufacturing,News Media,GlobeNewswire,Exponential Growth Expected: AI in Industrial Machinery Market Projected to Reach $9.04 Billion by 2030 with a 29.1% CAGR,"Key market opportunities include the rising AI adoption for smart manufacturing, predictive maintenance, and operational efficiency. These trends are driven by increasing investment in AI platforms, demand for process optimization, and advancements in AI-driv…",key market opportunities include rising ai adoption smart manufacturing predictive maintenance operational efficiency trends driven increasing investment ai platforms demand process optimization advancements aidriv,0.836,,,
manufacturing,News Media,GlobeNewswire,Revolutionary Growth: Generative AI in IoT to Drive Predictive Maintenance and Anomaly Detection,"Key market opportunities include integrating generative AI for advanced IoT analytics, expanding edge AI solutions, and developing context-aware systems. Increasing demand for IoT anomaly detection drives security enhancements. Major verticals include manufac…",key market opportunities include integrating generative ai advanced iot analytics expanding edge ai solutions developing contextaware systems increasing demand iot anomaly detection drives security enhancements major verticals include manufac,,0.735,,
manufacturing,News Media,GlobeNewswire,Healthcare Procurement Business Process Outsourcing (BPO) Global Market Report 2026,"Key market opportunities in healthcare procurement BPO include the increasing adoption of digital tools and automation, demand for cost-effective supply chain solutions, and the need for compliance and risk reduction. Emphasis on sustainability, AI, cloud-bas…",key market opportunities healthcare procurement bpo include increasing adoption digital tools automation demand costeffective supply chain solutions need compliance risk reduction emphasis sustainability ai cloudbas,0.178,,0.178,0.178
manufacturing,News Media,GlobeNewswire,Cloud Computing Surge Fuels Data Center DCIM Services Market Expansion to $8.38 Billion,"Key market opportunities include growing demand for hybrid infrastructure management, real-time analytics, and cloud-based DCIM services. Expansion in colocation and hyperscale data centers, focus on energy optimization, and sustainability compliance drive gr…",key market opportunities include growing demand hybrid infrastructure management realtime analytics cloudbased dcim services expansion colocation hyperscale data centers focus energy optimization sustainability compliance drive gr,,,0.758,0.758
manufacturing,News Media,PRNewswire,Onshore Wind Market worth $321.14 billion by 2035 | MarketsandMarkets™,"DELRAY BEACH, Fla., July 6, 2026 /PRNewswire/ -- According to MarketsandMarkets™, the global Onshore Wind Market size is projected to grow from USD 132.47 billion in 2026 to USD 321.14 billion by 2035 at a compound annual growth rate (CAGR) of 10.3% during th…",delray beach fla july prnewswire according marketsandmarkets global onshore wind market size projected grow usd billion usd billion compound annual growth rate cagr th,,,,
manufacturing,News Media,GlobeNewswire,AI in Food and Beverages Market Report 2026,"Key opportunities in the AI in food and beverage market stem from automation in food manufacturing, AI-driven supply chain optimization, personalized dietary supplements, and smart production technologies. These are propelled by factors like the rising demand…",key opportunities ai food beverage market stem automation food manufacturing aidriven supply chain optimization personalized dietary supplements smart production technologies propelled factors like rising demand,,,,
manufacturing,News Media,GlobeNewswire,"Generative AI in Engineering Report Now Available; Features Leading Companies: Google, IBM, and 22 Others","Generative AI in engineering presents key opportunities in automation, AI-driven design optimization, and cloud-based platforms, addressing demands for innovative, efficient solutions. Rapid growth is fueled by adoption of generative design tools, digital twi…",generative ai engineering presents key opportunities automation aidriven design optimization cloudbased platforms addressing demands innovative efficient solutions rapid growth fueled adoption generative design tools digital twi,,,0.922,
manufacturing,News Media,GlobeNewswire,Cell Culture Plates Market Report 2026,"The main market opportunities for cell culture plates include the growing demand for advanced models due to increased regenerative medicine research, expanding biopharmaceutical manufacturing, and a rising focus on precision medicine. The adoption of high-thr…",main market opportunities cell culture plates include growing demand advanced models due increased regenerative medicine research expanding biopharmaceutical manufacturing rising focus precision medicine adoption highthr,,,,
manufacturing,News Media,GlobeNewswire,Global AI and Omics Sector Fueled by Precision Medicine and Deep Learning Innovations,"Key market opportunities in AI for omics studies include the demand for precision medicine, adoption of AI in drug discovery, and AI-powered multi-omics data integration. Emphasis on personalized healthcare and cloud-based platforms offers room for growth, wh…",key market opportunities ai omics studies include demand precision medicine adoption ai drug discovery aipowered multiomics data integration emphasis personalized healthcare cloudbased platforms offers room growth wh,,,0.572,
manufacturing,News Media,GlobeNewswire,AI in Ultrasound Imaging Market to Reach $2.23 Billion by 2030 with Growing Demand for Point-of-Care Diagnostics,"The AI in ultrasound imaging market is poised for rapid growth due to demand for point-of-care diagnostics, AI advancements, and cancer prevalence. Major opportunities include AI-enhanced image accuracy, portable devices, and workflow automation. Regions like…",ai ultrasound imaging market poised rapid growth due demand pointofcare diagnostics ai advancements cancer prevalence major opportunities include aienhanced image accuracy portable devices workflow automation regions like,,,,
manufacturing,News Media,GlobeNewswire,"Biomaterial Wound Dressing Market Report 2026 Now Available — Breaks Down Alginate, Collagen, and Chitosan Product Segments","Opportunities in the biomaterial wound dressing market include rising demand due to aging populations, chronic disease management, and increased surgeries. Innovations in advanced dressing types and regional manufacturing driven by tariffs present growth area…",opportunities biomaterial wound dressing market include rising demand due aging populations chronic disease management increased surgeries innovations advanced dressing types regional manufacturing driven tariffs present growth area,,,,
manufacturing,News Media,GlobeNewswire,Advanced Composites: Global Market 2027-2037,"The advanced composites market is evolving beyond its aerospace roots, poised for growth across diverse sectors like mobility and energy. This transition is guided by developments such as hydrogen infrastructure expansion, thermoplastic adoption, and carbon-f…",advanced composites market evolving beyond aerospace roots poised growth across diverse sectors like mobility energy transition guided developments hydrogen infrastructure expansion thermoplastic adoption carbonf,,,0.848,0.848
manufacturing,News Media,GlobeNewswire,AI in Mining Market to Surge from USD 2.60 Billion in 2025 to USD 9.93 Billion by 2032,"The AI in mining market is projected to bloom from USD 2.60 billion in 2025 to USD 9.93 billion by 2032, growing at a CAGR of 21.1%. This growth is fueled by the rapid digital transformation, extensive deployment of IoT, cloud computing, and 5G connectivity i…",ai mining market projected bloom usd billion usd billion growing cagr growth fueled rapid digital transformation extensive deployment iot cloud computing g connectivity,,,0.511,
manufacturing,News Media,GlobeNewswire,Medium Voltage Drive Market Size to Hit USD 12.31 Billion by 2035 | Research by SNS Insider,"Global Medium Voltage Drive Market Size, Share, Trends & Segmented by Application, End Use Industry, Control Type, and Power Range and Forecast 2026–2035....",global medium voltage drive market size share trends segmented application end use industry control type power range forecast,,,,
manufacturing,News Media,GlobeNewswire,"Data Center Storage Market Report Published; Profiles Samsung, SK HYNIX, Micron Technology & 5 Other Leaders","Key market opportunities include the growth of hyperscale/cloud service providers driven by AI and cloud expansion, rising demand for cloud-based deployments due to increasing digital workloads, and the dominance of Asia Pacific with its rapid data center exp…",key market opportunities include growth hyperscalecloud service providers driven ai cloud expansion rising demand cloudbased deployments due increasing digital workloads dominance asia pacific rapid data center exp,,,0.67,
manufacturing,News Media,PRNewswire,A Decade of Driving Innovation: STARTUP AUTOBAHN powered by Plug and Play Celebrates 10th Anniversary at Expo 2026,"STUTTGART, Germany, June 29, 2026 /PRNewswire/ -- STARTUP AUTOBAHN powered by Plug and Play, founded in 2016, brings the automotive ecosystem together at Expo 2026 on July 2 in Stuttgart to showcase real startup–corporate collaboration projects and celebrate …",stuttgart germany june prnewswire startup autobahn powered plug play founded brings automotive ecosystem together expo july stuttgart showcase real startupcorporate collaboration projects celebrate,,,,
manufacturing,News Media,GlobeNewswire,Blow-Fill-Seal Technology Market Report 2026,"Key opportunities in the blow-fill-seal (BFS) technology market include rising demand for sterile pharmaceutical packaging, growing biologics and vaccine production, increased preference for ready-to-use formats, and expanding BFS use in food and beverage pac…",key opportunities blowfillseal bfs technology market include rising demand sterile pharmaceutical packaging growing biologics vaccine production increased preference readytouse formats expanding bfs use food beverage pac,,,,
manufacturing,News Media,GlobeNewswire,"New Report: 'Generative AI in Material Science Market Report 2026' Profiles Microsoft, NVIDIA, IBM, Siemens, and 29 Other Key Players","Key opportunities in the generative AI in material science market include accelerated AI-led material discovery, integration with digital twins, and growth in cloud-based simulations. Rising AI investments and demand for sustainable materials further drive in…",key opportunities generative ai material science market include accelerated ailed material discovery integration digital twins growth cloudbased simulations rising ai investments demand sustainable materials drive,0.572,,0.572,
manufacturing,News Media,GlobeNewswire,Partnerships and Technological Advancements Drive Expansion in Single-Use Bioreactor Bags Market,"Market opportunities in the single-use bioreactor bags sector include the rising demand for flexible biomanufacturing, growth in biologics and vaccines production, expansion of biopharma in emerging markets, and innovations in bag technology and automation. T…",market opportunities singleuse bioreactor bags sector include rising demand flexible biomanufacturing growth biologics vaccines production expansion biopharma emerging markets innovations bag technology automation,,,,
manufacturing,News Media,GlobeNewswire,Construction Boom to Propel Light Diffusion PC Market for LED Lighting: Urbanization and Government Initiatives Lead the Way,"Market opportunities for light diffusion polycarbonate in LED lighting are driven by the rising adoption of smart and energy-efficient systems, growing construction and infrastructure projects, and advancements in polycarbonate technologies enabling customize…",market opportunities light diffusion polycarbonate led lighting driven rising adoption smart energyefficient systems growing construction infrastructure projects advancements polycarbonate technologies enabling customize,,,0.718,0.718
manufacturing,News Media,GlobeNewswire,Flywheel Energy Storage System Market - Global Forecast 2026-2032,"Key opportunities include grid stabilization, renewable integration, critical-power backup, rail energy recovery, microgrids, industrial power quality and AI-optimized hybrid storage. Key opportunities include grid stabilization, renewable integration, critic…",key opportunities include grid stabilization renewable integration criticalpower backup rail energy recovery microgrids industrial power quality aioptimized hybrid storage key opportunities include grid stabilization renewable integration critic,,,0.637,0.637
manufacturing,News Media,GlobeNewswire,"Advanced Packaging Technologies Market to Surge Beyond $15 Billion by 2030, Driven by Demand for Compact Electronics","Opportunities in advanced packaging arise from increasing semiconductor complexity, demand for compact electronics, automotive electronics growth, and high-performance computing. Trends include 3D IC stacking, fan-out wafer packaging, and system-in-package so…",opportunities advanced packaging arise increasing semiconductor complexity demand compact electronics automotive electronics growth highperformance computing trends include ic stacking fanout wafer packaging systeminpackage,,,,
manufacturing,News Media,GlobeNewswire,Implant-Grade PEEK Polymer Machining Services Market to Reach $0.73 Billion by 2030,"Precision CNC machining, customized medical implants and minimally invasive surgery are accelerating global market growth. Precision CNC machining, customized medical implants and minimally invasive surgery are accelerating global market growth.",precision cnc machining customized medical implants minimally invasive surgery accelerating global market growth precision cnc machining customized medical implants minimally invasive surgery accelerating global market growth,,,,
manufacturing,News Media,GlobeNewswire,Ultraviolet Dye Kit Market Forecast to Reach $1.5 Billion by 2030 as Demand for Advanced Leak Detection Grow,"Opportunities include portable, high-sensitivity UV kits for automotive, EV, HVAC and industrial leak detection; AI-enabled predictive maintenance; integrated dye-and-sealant tools; eco-friendly chemistries; and Asia-Pacific expansion. Opportunities include p…",opportunities include portable highsensitivity uv kits automotive ev hvac industrial leak detection aienabled predictive maintenance integrated dyeandsealant tools ecofriendly chemistries asiapacific expansion opportunities include p,,,,
manufacturing,News Media,GlobeNewswire,AI Fridge Market to Reach $6.27 Billion by 2030: Key Trends and Growth Drivers,"Key market opportunities for AI fridges include rising adoption of smart home automation, increased smartphone penetration for remote control, and expansion in energy-efficient, AI-driven systems. Growth is supported by consumer trends in food waste reduction…",key market opportunities ai fridges include rising adoption smart home automation increased smartphone penetration remote control expansion energyefficient aidriven systems growth supported consumer trends food waste reduction,,,,0.818
manufacturing,News Media,GlobeNewswire,Warehouse Shuttle Software Market to Reach $2.66 Billion by 2030 as AI and Automation Transform Logistics,"Opportunities center on AI-enabled orchestration, cloud-integrated control, IoT monitoring, digital twins, and autonomous multi-shuttle coordination for high-density fulfillment. North America offers scale, while Asia-Pacific presents rapid expansion potentia…",opportunities center aienabled orchestration cloudintegrated control iot monitoring digital twins autonomous multishuttle coordination highdensity fulfillment north america offers scale asiapacific presents rapid expansion potentia,,,0.382,
manufacturing,News Media,GlobeNewswire,Automation Outsourcing Global Market Report 2026,"The automation outsourcing market is rapidly expanding, driven by increasing demand for operational efficiency and AI-driven solutions. Key opportunities lie in adopting intelligent automation, cloud-based platforms, and RPA services across various sectors. G…",automation outsourcing market rapidly expanding driven increasing demand operational efficiency aidriven solutions key opportunities lie adopting intelligent automation cloudbased platforms rpa services across various sectors g,,,0.807,
manufacturing,News Media,GlobeNewswire,Health and Safety Management Market Forecast to Reach $2.87 Billion by 2030 as AI and Connected Safety Adoption Accelerate,"Opportunities include AI risk prediction, IoT monitoring, cloud compliance platforms, safety wearables, and automated reporting and audits. Rising workplace accidents and regulatory pressure are driving demand, while Asia-Pacific offers expansion potential. O…",opportunities include ai risk prediction iot monitoring cloud compliance platforms safety wearables automated reporting audits rising workplace accidents regulatory pressure driving demand asiapacific offers expansion potential,,,-0.178,
manufacturing,News Media,GlobeNewswire,Predictive Analytics and AI Tools Propel Revolution in Talent Acquisition Industry,"AI in talent acquisition is poised for rapid growth driven by predictive analytics, automated recruitment platforms, and remote work trends. Key opportunities include AI-based candidate matching, global talent sourcing, and personalized engagement, supported …",ai talent acquisition poised rapid growth driven predictive analytics automated recruitment platforms remote work trends key opportunities include aibased candidate matching global talent sourcing personalized engagement supported,,,,
manufacturing,News Media,GlobeNewswire,"Global Small Cell Poles Market Report Released; In-Depth Analysis Across North America, Asia-Pacific, and Europe","The small cell poles market is driven by increasing mobile data consumption, 5G adoption, demand for smart city connectivity, and fiber network expansion. Opportunities lie in enhanced mobile broadband, integrated pole innovations, and localized production gr…",small cell poles market driven increasing mobile data consumption g adoption demand smart city connectivity fiber network expansion opportunities lie enhanced mobile broadband integrated pole innovations localized production gr,,,,
manufacturing,News Media,GlobeNewswire,Explosive Growth Forecast in Generative AI for Computer Vision: Market to Reach $53.15 Billion by 2030,"The generative AI in computer vision market offers opportunities in automated image editing, medical imaging, VR content, and industrial inspection. Key growth drivers include deep learning advancements, AI adoption for content creation, and increased use of …",generative ai computer vision market offers opportunities automated image editing medical imaging vr content industrial inspection key growth drivers include deep learning advancements ai adoption content creation increased use,,,,
manufacturing,News Media,GlobeNewswire,Generative AI in Organizational Collaboration Market to Surge from $8.88 Billion in 2025 to $28.59 Billion by 2030,"Exponential growth in generative AI for organizational collaboration is driven by global remote/hybrid work adoption, need for productivity tools, and enterprise AI integration. Key trends include AI-powered assistants and automated content creation, with lea…",exponential growth generative ai organizational collaboration driven global remotehybrid work adoption need productivity tools enterprise ai integration key trends include aipowered assistants automated content creation lea,,,0.572,
business,News Media,GlobeNewswire,"Aircraft Turbofan Engine Market Report Published, Segments the Market by Engine Type, Application, Component, and Thrust Range","Opportunities in the Aircraft Turbofan Engine Market are driven by commercial aviation expansion, demand for efficient propulsion technologies, and fleet modernization. Digital twin technology enhances maintenance efficiency, while a focus on sustainability b…",opportunities aircraft turbofan engine market driven commercial aviation expansion demand efficient propulsion technologies fleet modernization digital twin technology enhances maintenance efficiency focus sustainability b,,,,0.751
business,News Media,GlobeNewswire,"Company Rivalry Intensifies: Innovative Sensor Technologies from Honeywell, Collins Aerospace, Northrop Grumman, Ball Aerospace, and Raytheon Lead the Charge","Opportunities in the spacecraft attitude sensor market include leveraging miniaturization, quantum and optical advances, modular integration, and navigating tariff impacts for supply chain resilience. Opportunities in the spacecraft attitude sensor market inc…",opportunities spacecraft attitude sensor market include leveraging miniaturization quantum optical advances modular integration navigating tariff impacts supply chain resilience opportunities spacecraft attitude sensor market inc,,,0.637,
business,News Media,GlobeNewswire,"Data Center Infrastructure Management (DCIM) Software Market Report Published; Profiles Schneider Electric, Vertiv, IBM, Cisco, HPE & 10 Others; Segments by Deployment, Solution, Data Center & Industry","The DCIM software market is poised for growth driven by booming data center expansion, cloud computing, AI adoption, and the need for real-time infrastructure management. Key opportunities include AI-enhanced optimization for energy efficiency, supporting sca…",dcim software market poised growth driven booming data center expansion cloud computing ai adoption need realtime infrastructure management key opportunities include aienhanced optimization energy efficiency supporting sca,,,0.936,0.936
business,News Media,GlobeNewswire,"Europe Airport Operations Market Set to Reach $30.6 Billion by 2031, Driven by Sustainable Infrastructure and Biometric Technologies","Key market opportunities in Europe Airport Operations are driven by recovering passenger demand, EU-backed infrastructure investments, rapid tech adoption, and sustainable initiatives. Growth is spurred by privatisation, smart airport technology, and modernis…",key market opportunities europe airport operations driven recovering passenger demand eubacked infrastructure investments rapid tech adoption sustainable initiatives growth spurred privatisation smart airport technology modernis,0.751,,0.751,
healthcare,News Media (GNews),GlobeNewswire,[Latest] Global Bioprocess Digital Twin Market Size/Share,"[220+ Pages Latest Report] According to a market research study published by Healthcare Foresights, the demand analysis of Global Bioprocess Digital Twin...",pages latest report according market research study published healthcare foresights demand analysis global bioprocess digital twin,,,,
manufacturing,News Media (GNews),Bnn Bloomberg,Siemens advances digital manufacturing across Canadian operations,"Siemens Canada CEO Faisal Kazi discusses investment opportunities in AI, electrification, battery manufacturing and digital-twin technology.",siemens canada ceo faisal kazi discusses investment opportunities ai electrification battery manufacturing digitaltwin technology,0.382,,,
manufacturing,News Media (GNews),Fast Company,Inside PepsiCo’s digital twin revolution,How the company is redesigning its manufacturing facilities without touching a single machine,company redesigning manufacturing facilities without touching single machine,,,,
manufacturing,News Media (GNews),Forbes,From Digital Twin To AI-Native Factory: Moving Manufacturing From Insight To Action,"For years, digital twins were viewed as useful but optional. Digital twins are rapidly evolving into essential intelligence layers for manufacturing.",years digital twins viewed useful optional digital twins rapidly evolving essential intelligence layers manufacturing,,,,
manufacturing,News Media (GNews),Telegraph India,"ITC flags twin risks for economy as West Asia conflict, weak monsoon loom over growth","Moreover, the Centre’s sustained focus on next generation physical and digital public infrastructure, enhancing the competitiveness of the manufacturing ecosystem, advancing taxation and financial sector reforms and improving ease of doing business is expected to support sustainable growth, it added",moreover centres sustained focus next generation physical digital public infrastructure enhancing competitiveness manufacturing ecosystem advancing taxation financial sector reforms improving ease business expected support sustainable growth added,,,0.863,
manufacturing,News Media (GNews),PR Newswire UK,"Digital Twin Market Expands Rapidly with AI, IoT, and Smart Manufacturing Driving 31.1% CAGR Through 2033, Reports Grand View Research","/PRNewswire/ -- The global digital twin market size is projected to reach USD 328.5 billion by 2033, expanding at a compound annual growth rate (CAGR) of 31.1%...",prnewswire global digital twin market size projected reach usd billion expanding compound annual growth rate cagr,,,,
healthcare,Academic Paper,arXiv Repository,Current Progress of Digital Twin Construction Using Medical Imaging,"Medical imaging has played a pivotal role in advancing and refining digital twin technology, allowing for the development of highly personalized virtual models that represent human anatomy and physiological functions. A key component in constructing these digital twins is the integration of high-resolution imaging data, such as MRI, CT, PET, and ultrasound, with sophisticated computational models. Advances in medical imaging significantly enhance real-time simulation, predictive modeling, and early disease diagnosis, individualized treatment planning, ultimately boosting precision and personalized care. Although challenges persist, such as the complexity of anatomical modeling, integrating various imaging modalities, and high computational demands, recent progress in imaging and machine learning has greatly improved the precision and clinical applicability of digital twins. This review investigates the role of medical imaging in developing digital twins across organ systems. Key findings demonstrate that improvements in medical imaging have enhanced the diagnostic and therapeutic potential of digital twins beyond traditional methods, particularly in imaging accuracy, treatment effectiveness, and patient outcomes. The review also examines the technical barriers that currently limit further development of digital twin technology, despite advances in medical imaging, and outlines future research avenues aimed at overcoming these challenges to unlock the full potential of this technology in precision medicine.",medical imaging played pivotal role advancing refining digital twin technology allowing development highly personalized virtual models represent human anatomy physiological functions key component constructing digital twins integration highresolution imaging data mri ct pet ultrasound sophisticated computational models advances medical imaging significantly enhance realtime simulation predictive modeling early disease diagnosis individualized treatment planning ultimately boosting precision personalized care although challenges persist complexity anatomical modeling integrating various imaging modalities high computational demands recent progress imaging machine learning greatly improved precision clinical applicability digital twins review investigates role medical imaging developing digital twins across organ systems key findings demonstrate improvements medical imaging enhanced diagnostic therapeutic potential digital twins beyond traditional methods particularly imaging accuracy treatment effectiveness patient outcomes review also examines technical barriers currently limit development digital twin technology despite advances medical imaging outlines future research avenues aimed overcoming challenges unlock full potential technology precision medicine,,,0.962,
healthcare,Academic Paper,arXiv Repository,Validation of a Hospital Digital Twin with Machine Learning,Recently there has been a surge of interest in developing Digital Twins of process flows in healthcare to better understand bottlenecks and areas of improvement. A key challenge is in the validation process. We describe a work in progress for a digital twin using an agent based simulation model for determining bed turnaround time for patients in hospitals. We employ a strategy using machine learning for validating the model and implementing sensitivity analysis.,recently surge interest developing digital twins process flows healthcare better understand bottlenecks areas improvement key challenge validation process describe work progress digital twin using agent based simulation model determining bed turnaround time patients hospitals employ strategy using machine learning validating model implementing sensitivity analysis,,,,
healthcare,Academic Paper,arXiv Repository,TF-TransUNet1D: Time-Frequency Guided Transformer U-Net for Robust ECG Denoising in Digital Twin,"Electrocardiogram (ECG) signals serve as a foundational data source for cardiac digital twins, yet their diagnostic utility is frequently compromised by noise and artifacts. To address this issue, we propose TF-TransUNet1D, a novel one-dimensional deep neural network that integrates a U-Net-based encoder-decoder architecture with a Transformer encoder, guided by a hybrid time-frequency domain loss. The model is designed to simultaneously capture local morphological features and long-range temporal dependencies, which are critical for preserving the diagnostic integrity of ECG signals. To enhance denoising robustness, we introduce a dual-domain loss function that jointly optimizes waveform reconstruction in the time domain and spectral fidelity in the frequency domain. In particular, the frequency-domain component effectively suppresses high-frequency noise while maintaining the spectral structure of the signal, enabling recovery of subtle but clinically significant waveform components. We evaluate TF-TransUNet1D using synthetically corrupted signals from the MIT-BIH Arrhythmia Database and the Noise Stress Test Database (NSTDB). Comparative experiments against state-of-the-art baselines demonstrate consistent superiority of our model in terms of SNR improvement and error metrics, achieving a mean absolute error of 0.1285 and Pearson correlation coefficient of 0.9540. By delivering high-precision denoising, this work bridges a critical gap in pre-processing pipelines for cardiac digital twins, enabling more reliable real-time monitoring and personalized modeling.",electrocardiogram ecg signals serve foundational data source cardiac digital twins yet diagnostic utility frequently compromised noise artifacts address issue propose tftransunetd novel onedimensional deep neural network integrates unetbased encoderdecoder architecture transformer encoder guided hybrid timefrequency domain loss model designed simultaneously capture local morphological features longrange temporal dependencies critical preserving diagnostic integrity ecg signals enhance denoising robustness introduce dualdomain loss function jointly optimizes waveform reconstruction time domain spectral fidelity frequency domain particular frequencydomain component effectively suppresses highfrequency noise maintaining spectral structure signal enabling recovery subtle clinically significant waveform components evaluate tftransunetd using synthetically corrupted signals mitbih arrhythmia database noise stress test database nstdb comparative experiments stateoftheart baselines demonstrate consistent superiority model terms snr improvement error metrics achieving mean absolute error pearson correlation coefficient delivering highprecision denoising work bridges critical gap preprocessing pipelines cardiac digital twins enabling reliable realtime monitoring personalized modeling,,,,
healthcare,Academic Paper,arXiv Repository,"Bridging Service Design, Visualizations, and Visual Analytics in Healthcare Digital Twins: Challenges, Gaps, and Research Opportunities","Digital twins (DT) are increasingly used in healthcare to model patients, processes, and physiological systems. While recent solutions leverage visualization, visual analytics, and user interaction, these systems rarely incorporate structured service design methodologies. Bridging service design with visual analytics and visualization can be valuable for the healthcare DT community. This paper aims to introduce the service design discipline to visualization researchers by framing this integration gap and suggesting research directions to enhance the real-world applicability of DT solutions.",digital twins dt increasingly used healthcare model patients processes physiological systems recent solutions leverage visualization visual analytics user interaction systems rarely incorporate structured service design methodologies bridging service design visual analytics visualization valuable healthcare dt community paper aims introduce service design discipline visualization researchers framing integration gap suggesting research directions enhance realworld applicability dt solutions,,,0.67,
healthcare,Academic Paper,arXiv Repository,Quantum Computing for Healthcare Digital Twin Systems,"The growing complexity of healthcare systems requires advanced computational models for real-time monitoring, secure data exchange, and intelligent decision-making. Digital Twins (DTs) provide virtual representations of physical healthcare entities, enabling continuous patient monitoring and personalized care. However, classical DT frameworks face limitations in scalability, computational efficiency, and security. Recent studies have introduced Quantum Digital Twins (QDTs) to enhance performance through quantum computing, addressing challenges such as quantum-resistant security and efficient task offloading in healthcare environments. Despite these advances, most existing QDT models remain constrained by fundamental challenges related to quantum hardware limitations, hybrid classical-quantum system integration, cloud-based quantum access, scalability, and clinical trust. This paper provides a comprehensive review of QDTs for healthcare, with a particular focus on identifying and analyzing the key challenges that currently hinder their real-world adoption. Furthermore, it outlines critical research directions and enabling strategies aimed at advancing the development of secure, reliable, and clinically viable quantum digital twin systems for next-generation healthcare applications.",growing complexity healthcare systems requires advanced computational models realtime monitoring secure data exchange intelligent decisionmaking digital twins dts provide virtual representations physical healthcare entities enabling continuous patient monitoring personalized care however classical dt frameworks face limitations scalability computational efficiency security recent studies introduced quantum digital twins qdts enhance performance quantum computing addressing challenges quantumresistant security efficient task offloading healthcare environments despite advances existing qdt models remain constrained fundamental challenges related quantum hardware limitations hybrid classicalquantum system integration cloudbased quantum access scalability clinical trust paper provides comprehensive review qdts healthcare particular focus identifying analyzing key challenges currently hinder realworld adoption furthermore outlines critical research directions enabling strategies aimed advancing development secure reliable clinically viable quantum digital twin systems nextgeneration healthcare applications,,0.976,0.976,
healthcare,Academic Paper,arXiv Repository,BedreFlyt: Improving Patient Flows through Hospital Wards with Digital Twins,"Digital twins are emerging as a valuable tool for short-term decision-making as well as for long-term strategic planning across numerous domains, including process industry, energy, space, transport, and healthcare. This paper reports on our ongoing work on designing a digital twin to enhance resource planning, e.g., for the in-patient ward needs in hospitals. By leveraging executable formal models for system exploration, ontologies for knowledge representation and an SMT solver for constraint satisfiability, our approach aims to explore hypothetical ""what-if"" scenarios to improve strategic planning processes, as well as to solve concrete, short-term decision-making tasks. Our proposed solution uses the executable formal model to turn a stream of arriving patients, that need to be hospitalized, into a stream of optimization problems, e.g., capturing daily inpatient ward needs, that can be solved by SMT techniques. The knowledge base, which formalizes domain knowledge, is used to model the needed configuration in the digital twin, allowing the twin to support both short-term decision-making and long-term strategic planning by generating scenarios spanning average-case as well as worst-case resource needs, depending on the expected treatment of patients, as well as ranging over variations in available resources, e.g., bed distribution in different rooms. We illustrate our digital twin architecture by considering the problem of bed bay allocation in a hospital ward.",digital twins emerging valuable tool shortterm decisionmaking well longterm strategic planning across numerous domains including process industry energy space transport healthcare paper reports ongoing work designing digital twin enhance resource planning eg inpatient ward needs hospitals leveraging executable formal models system exploration ontologies knowledge representation smt solver constraint satisfiability approach aims explore hypothetical whatif scenarios improve strategic planning processes well solve concrete shortterm decisionmaking tasks proposed solution uses executable formal model turn stream arriving patients need hospitalized stream optimization problems eg capturing daily inpatient ward needs solved smt techniques knowledge base formalizes domain knowledge used model needed configuration digital twin allowing twin support shortterm decisionmaking longterm strategic planning generating scenarios spanning averagecase well worstcase resource needs depending expected treatment patients well ranging variations available resources eg bed distribution different rooms illustrate digital twin architecture considering problem bed bay allocation hospital ward,,,,0.961
healthcare,Academic Paper,arXiv Repository,Human Digital Twins in Personalized Healthcare: An Overview and Future Perspectives,"Digital twins (DTs) are redefining healthcare by paving the way for more personalized, proactive, and intelligent medical interventions. As the shift toward personalized care intensifies, there is a growing need for an individual's virtual replica that delivers the right treatment at the optimal time and in the most effective manner. The emerging concept of a Human Digital Twin (HDT) holds the potential to revolutionize the traditional healthcare system much like digital twins have transformed manufacturing and aviation. An HDT mirrors the physical entity of a human body through a dynamic virtual model that continuously reflects changes in molecular, physiological, emotional, and lifestyle factors. This digital representation not only supports remote monitoring, diagnosis, and prescription but also facilitates surgery, rehabilitation, and overall personalized care, thereby relieving pressure on conventional healthcare frameworks. Despite its promising advantages, there are considerable research challenges to overcome as HDT technology evolves. In this study, I will initially delineate the distinctions between traditional digital twins and HDTs, followed by an exploration of the networking architecture integral to their operation--from data acquisition and communication to computation, management, and decision-making--thereby offering insights into how these innovations may reshape the modern healthcare industry.",digital twins dts redefining healthcare paving way personalized proactive intelligent medical interventions shift toward personalized care intensifies growing need individuals virtual replica delivers right treatment optimal time effective manner emerging concept human digital twin hdt holds potential revolutionize traditional healthcare system much like digital twins transformed manufacturing aviation hdt mirrors physical entity human body dynamic virtual model continuously reflects changes molecular physiological emotional lifestyle factors digital representation supports remote monitoring diagnosis prescription also facilitates surgery rehabilitation overall personalized care thereby relieving pressure conventional healthcare frameworks despite promising advantages considerable research challenges overcome hdt technology evolves study initially delineate distinctions traditional digital twins hdts followed exploration networking architecture integral operationfrom data acquisition communication computation management decisionmakingthereby offering insights innovations may reshape modern healthcare industry,,,,
healthcare,Academic Paper,arXiv Repository,GeoVision-Enabled Digital Twin for Hybrid Autonomous-Teleoperated Medical Responses,"Remote medical response systems are increasingly being deployed to support emergency care in disaster-affected and infrastructure-limited environments. Enabled by GeoVision capabilities, this paper presents a Digital Twin architecture for hybrid autonomous-teleoperated medical response systems. The proposed framework integrates perception and adaptive navigation with a Digital Twin, synchronized in real-time, that mirrors system states, environmental dynamics, patient conditions, and mission objectives. Unlike traditional ground control interfaces, the Digital Twin provides remote clinical and operational users with an intuitive, continuously updated virtual representation of the platform and its operational context, enabling enhanced situational awareness and informed decision-making.",remote medical response systems increasingly deployed support emergency care disasteraffected infrastructurelimited environments enabled geovision capabilities paper presents digital twin architecture hybrid autonomousteleoperated medical response systems proposed framework integrates perception adaptive navigation digital twin synchronized realtime mirrors system states environmental dynamics patient conditions mission objectives unlike traditional ground control interfaces digital twin provides remote clinical operational users intuitive continuously updated virtual representation platform operational context enabling enhanced situational awareness informed decisionmaking,,,0.66,
healthcare,Academic Paper,arXiv Repository,Surrogate Modeling and Control of Medical Digital Twins,"The vision of personalized medicine is to identify interventions that maintain or restore a person's health based on their individual biology. Medical digital twins, computational models that integrate a wide range of health-related data about a person and can be dynamically updated, are a key technology that can help guide medical decisions. Such medical digital twin models can be high-dimensional, multi-scale, and stochastic. To be practical for healthcare applications, they often need to be simplified into low-dimensional surrogate models that can be used for the optimal design of interventions. This paper introduces surrogate modeling algorithms for the purpose of optimal control applications. As a use case, we focus on agent-based models (ABMs), a common model type in biomedicine for which there are no readily available optimal control algorithms. By deriving surrogate models that are based on systems of ordinary differential equations, we show how optimal control methods can be employed to compute effective interventions, which can then be lifted back to a given ABM. The relevance of the methods introduced here extends beyond medical digital twins to other complex dynamical systems.",vision personalized medicine identify interventions maintain restore persons health based individual biology medical digital twins computational models integrate wide range healthrelated data person dynamically updated key technology help guide medical decisions medical digital twin models highdimensional multiscale stochastic practical healthcare applications often need simplified lowdimensional surrogate models used optimal design interventions paper introduces surrogate modeling algorithms purpose optimal control applications use case focus agentbased models abms common model type biomedicine readily available optimal control algorithms deriving surrogate models based systems ordinary differential equations show optimal control methods employed compute effective interventions lifted back given abm relevance methods introduced extends beyond medical digital twins complex dynamical systems,,,0.969,
healthcare,Academic Paper,arXiv Repository,Uncertainty-Aware Environment Simulation of Medical Devices Digital Twins,"Smart medical devices are an integral component of the healthcare Internet of Things (IoT), providing patients with various healthcare services through an IoT-based application. Ensuring the dependability of such applications through system and integration-level testing mandates the physical integration of numerous medical devices, which is costly and impractical. In this context, digital twins of medical devices play an essential role in facilitating testing automation. Testing with digital twins without accounting for uncertain environmental factors of medical devices leaves many functionalities of IoT-based healthcare applications untested. In addition, digital twins operating without environmental factors remain out of sync and uncalibrated with their corresponding devices functioning in the real environment. To deal with these challenges, in this paper, we propose a model-based approach (EnvDT) for modeling and simulating the environment of medical devices' digital twins under uncertainties. We empirically evaluate the EnvDT using three medicine dispensers, Karie, Medido, and Pilly connected to a real-world IoT-based healthcare application. Our evaluation targets analyzing the coverage of environment models and the diversity of uncertain scenarios generated for digital twins. Results show that EnvDT achieves approximately 61% coverage of environment models and generates diverse uncertain scenarios (with a near-maximum diversity value of 0.62) during multiple environmental simulations.",smart medical devices integral component healthcare internet things iot providing patients various healthcare services iotbased application ensuring dependability applications system integrationlevel testing mandates physical integration numerous medical devices costly impractical context digital twins medical devices play essential role facilitating testing automation testing digital twins without accounting uncertain environmental factors medical devices leaves many functionalities iotbased healthcare applications untested addition digital twins operating without environmental factors remain sync uncalibrated corresponding devices functioning real environment deal challenges paper propose modelbased approach envdt modeling simulating environment medical devices digital twins uncertainties empirically evaluate envdt using three medicine dispensers karie medido pilly connected realworld iotbased healthcare application evaluation targets analyzing coverage environment models diversity uncertain scenarios generated digital twins results show envdt achieves approximately coverage environment models generates diverse uncertain scenarios nearmaximum diversity value multiple environmental simulations,0.868,,0.868,
healthcare,Academic Paper,arXiv Repository,Digital Twin for Smart Societies: A Catalyst for Inclusive and Accessible Healthcare,"With rapid digitization and digitalization, drawing a fine line between the digital and the physical world has become nearly impossible. It has become essential more than ever to integrate all spheres of life into a single Digital Thread to address pressing challenges of modern society: accessible and inclusive healthcare in terms of equality and equity. Techno-social advancements and mutual acceptance have enabled the infusion of digital models to simulate social settings with minimum resource utilization to make effective decisions. However, a significant gap exists in feeding back the models with appropriate real-time changes. In other words, active behavioral modeling of modern society is lacking, influencing community healthcare as a whole. By creating virtual replicas of (physical) behavioral systems, digital twins can enable real-time monitoring, simulation, and optimization of urban dynamics. This paper explores the potential of digital twins to promote inclusive healthcare for evolving smart cities. We argue that digital twins can be used to: Identify and address disparities in access to healthcare services, Facilitate community participation, Simulate the impact of urban policies and interventions on different groups of people, and Aid policy-making bodies for better access to healthcare. This paper proposes several ways to use digital twins to stitch the actual and virtual societies. Several discussed concepts within this framework envision an active, integrated, and synchronized community aware of data privacy and security. The proposal also provides high-level step-wise transitions that will enable this transformation.",rapid digitization digitalization drawing fine line digital physical world become nearly impossible become essential ever integrate spheres life single digital thread address pressing challenges modern society accessible inclusive healthcare terms equality equity technosocial advancements mutual acceptance enabled infusion digital models simulate social settings minimum resource utilization make effective decisions however significant gap exists feeding back models appropriate realtime changes words active behavioral modeling modern society lacking influencing community healthcare whole creating virtual replicas physical behavioral systems digital twins enable realtime monitoring simulation optimization urban dynamics paper explores potential digital twins promote inclusive healthcare evolving smart cities argue digital twins used identify address disparities access healthcare services facilitate community participation simulate impact urban policies interventions different groups people aid policymaking bodies better access healthcare paper proposes several ways use digital twins stitch actual virtual societies several discussed concepts within framework envision active integrated synchronized community aware data privacy security proposal also provides highlevel stepwise transitions enable transformation,,0.979,,
healthcare,Academic Paper,arXiv Repository,A Revolution of Personalized Healthcare: Enabling Human Digital Twin with Mobile AIGC,"Mobile Artificial Intelligence-Generated Content (AIGC) technology refers to the adoption of AI algorithms deployed at mobile edge networks to automate the information creation process while fulfilling the requirements of end users. Mobile AIGC has recently attracted phenomenal attentions and can be a key enabling technology for an emerging application, called human digital twin (HDT). HDT empowered by the mobile AIGC is expected to revolutionize the personalized healthcare by generating rare disease data, modeling high-fidelity digital twin, building versatile testbeds, and providing 24/7 customized medical services. To promote the development of this new breed of paradigm, in this article, we propose a system architecture of mobile AIGC-driven HDT and highlight the corresponding design requirements and challenges. Moreover, we illustrate two use cases, i.e., mobile AIGC-driven HDT in customized surgery planning and personalized medication. In addition, we conduct an experimental study to prove the effectiveness of the proposed mobile AIGC-driven HDT solution, which shows a particular application in a virtual physical therapy teaching platform. Finally, we conclude this article by briefly discussing several open issues and future directions.",mobile artificial intelligencegenerated content aigc technology refers adoption ai algorithms deployed mobile edge networks automate information creation process fulfilling requirements end users mobile aigc recently attracted phenomenal attentions key enabling technology emerging application called human digital twin hdt hdt empowered mobile aigc expected revolutionize personalized healthcare generating rare disease data modeling highfidelity digital twin building versatile testbeds providing customized medical services promote development new breed paradigm article propose system architecture mobile aigcdriven hdt highlight corresponding design requirements challenges moreover illustrate two use cases ie mobile aigcdriven hdt customized surgery planning personalized medication addition conduct experimental study prove effectiveness proposed mobile aigcdriven hdt solution shows particular application virtual physical therapy teaching platform finally conclude article briefly discussing several open issues future directions,,,,
healthcare,Academic Paper,arXiv Repository,Stakeholder Perspectives on Digital Twin Implementation Challenges in Healthcare: Insights from a Provider Digital Twin Case Study,"Digital twin (DT) technology holds immense potential for transforming healthcare systems through real-time monitoring, predictive analysis, and agile interventions to support various decision-making needs. However, its successful implementation depends on addressing a range of complex sociotechnical challenges. Using a case study of provider workload DT, this research investigates DT implementation challenges in healthcare by capturing the perspectives of four distinct stakeholders: family medicine specialists (FMS), organizational psychologists (OP), engineers (EE), and implementation scientists (IS). We conducted semi-structured interviews guided by the updated Consolidated Framework for Implementation Research (CFIR 2.0), a widely used implementation science framework for understanding factors that influence implementation outcomes. We then mapped each stakeholder group's preferences and concerns, revealing a nuanced landscape of converging and diverging perspectives that highlight both shared and group-specific implementation barriers. Through thematic coding, the 66 identified challenges were categorized into seven domains: data-related, financial and economic, operational, organizational, personnel, regulatory and ethical, and technological. Our findings reveal shared concerns such as data privacy and security, interoperability, and regulatory compliance. However, divergences also emerged, reflecting each group's functional focus. These findings emphasize the need for a multidisciplinary, stakeholder-sensitive approach that addresses both functional and practical concerns, highlighting the importance of tailored implementation strategies to support successful DT adoption in healthcare.",digital twin dt technology holds immense potential transforming healthcare systems realtime monitoring predictive analysis agile interventions support various decisionmaking needs however successful implementation depends addressing range complex sociotechnical challenges using case study provider workload dt research investigates dt implementation challenges healthcare capturing perspectives four distinct stakeholders family medicine specialists fms organizational psychologists op engineers ee implementation scientists conducted semistructured interviews guided updated consolidated framework implementation research cfir widely used implementation science framework understanding factors influence implementation outcomes mapped stakeholder groups preferences concerns revealing nuanced landscape converging diverging perspectives highlight shared groupspecific implementation barriers thematic coding identified challenges categorized seven domains datarelated financial economic operational organizational personnel regulatory ethical technological findings reveal shared concerns data privacy security interoperability regulatory compliance however divergences also emerged reflecting groups functional focus findings emphasize need multidisciplinary stakeholdersensitive approach addresses functional practical concerns highlighting importance tailored implementation strategies support successful dt adoption healthcare,,0.981,0.981,
healthcare,Academic Paper,arXiv Repository,A Brief History of Digital Twin Technology,"Emerging from NASA's spacecraft simulations in the 1960s, digital twin technology has advanced through industrial adoption to spark a healthcare transformation. A digital twin is a dynamic, data-driven virtual counterpart of a physical system, continuously updated through real-time data streams and capable of bidirectional interaction. In medicine, digital twin integrates imaging, biosensors, and computational models to generate patient-specific simulations that support diagnosis, treatment planning, and drug development. Representative applications include cardiac digital twin for predicting arrhythmia treatment outcomes, oncology digital twin for tracking tumor progression and optimizing radiotherapy, and pharmacological digital twin for accelerating drug discovery. Despite rapid progress, major challenges, including interoperability, data privacy, and model fidelity, continue to limit widespread clinical integration. Emerging solutions such as explainable AI, federated learning, and harmonized regulatory frameworks offer promising pathways forward. Looking ahead, advances in multi-organ digital twin, genomics integration, and ethical governance will be essential to ensure that digital twin shifts healthcare from reactive treatment to predictive, preventive, and truly personalized medicine.",emerging nasas spacecraft simulations digital twin technology advanced industrial adoption spark healthcare transformation digital twin dynamic datadriven virtual counterpart physical system continuously updated realtime data streams capable bidirectional interaction medicine digital twin integrates imaging biosensors computational models generate patientspecific simulations support diagnosis treatment planning drug development representative applications include cardiac digital twin predicting arrhythmia treatment outcomes oncology digital twin tracking tumor progression optimizing radiotherapy pharmacological digital twin accelerating drug discovery despite rapid progress major challenges including interoperability data privacy model fidelity continue limit widespread clinical integration emerging solutions explainable ai federated learning harmonized regulatory frameworks offer promising pathways forward looking ahead advances multiorgan digital twin genomics integration ethical governance essential ensure digital twin shifts healthcare reactive treatment predictive preventive truly personalized medicine,,0.972,0.972,
healthcare,Academic Paper,arXiv Repository,Digital Twin Ecosystem for Oncology Clinical Operations,"Artificial Intelligence (AI) and Large Language Models (LLMs) hold significant promise in revolutionizing healthcare, especially in clinical applications. Simultaneously, Digital Twin technology, which models and simulates complex systems, has gained traction in enhancing patient care. However, despite the advances in experimental clinical settings, the potential of AI and digital twins to streamline clinical operations remains largely untapped. This paper introduces a novel digital twin framework specifically designed to enhance oncology clinical operations. We propose the integration of multiple specialized digital twins, such as the Medical Necessity Twin, Care Navigator Twin, and Clinical History Twin, to enhance workflow efficiency and personalize care for each patient based on their unique data. Furthermore, by synthesizing multiple data sources and aligning them with the National Comprehensive Cancer Network (NCCN) guidelines, we create a dynamic Cancer Care Path, a continuously evolving knowledge base that enables these digital twins to provide precise, tailored clinical recommendations.",artificial intelligence ai large language models llms hold significant promise revolutionizing healthcare especially clinical applications simultaneously digital twin technology models simulates complex systems gained traction enhancing patient care however despite advances experimental clinical settings potential ai digital twins streamline clinical operations remains largely untapped paper introduces novel digital twin framework specifically designed enhance oncology clinical operations propose integration multiple specialized digital twins medical necessity twin care navigator twin clinical history twin enhance workflow efficiency personalize care patient based unique data furthermore synthesizing multiple data sources aligning national comprehensive cancer network nccn guidelines create dynamic cancer care path continuously evolving knowledge base enables digital twins provide precise tailored clinical recommendations,,,0.965,
healthcare,Academic Paper,arXiv Repository,"Digital Twins, Internet of Things and Mobile Medicine: a Review of Current Platforms to Support Smart Healthcare","As the population grows, the need for a quality level of medical services grows correspondingly, so does the demand for information technology in medicine. The concept of ""Smart Healthcare"" offers many approaches aimed at solving the acute problems faced by modern healthcare. In this paper, we review the main problems of modern healthcare, analyze existing approaches and technologies in the areas of digital twins, the Internet of Things and mobile medicine, determine their effectiveness in solving the set problems, consider the technologies that are used to monitor and treat patients and propose the concept of the Smart Healthcare platform.",population grows need quality level medical services grows correspondingly demand information technology medicine concept smart healthcare offers many approaches aimed solving acute problems faced modern healthcare paper review main problems modern healthcare analyze existing approaches technologies areas digital twins internet things mobile medicine determine effectiveness solving set problems consider technologies used monitor treat patients propose concept smart healthcare platform,,,,
healthcare,Academic Paper,arXiv Repository,Accurate AI-Driven Emergency Vehicle Location Tracking in Healthcare ITS Digital Twin,"Creating a Digital Twin (DT) for Healthcare Intelligent Transportation Systems (HITS) is a hot research trend focusing on enhancing HITS management, particularly in emergencies where ambulance vehicles must arrive at the crash scene on time and track their real-time location is crucial to the medical authorities. Despite the claim of real-time representation, a temporal misalignment persists between the physical and virtual domains, leading to discrepancies in the ambulance's location representation. This study proposes integrating AI predictive models, specifically Support Vector Regression (SVR) and Deep Neural Networks (DNN), within a constructed mock DT data pipeline framework to anticipate the medical vehicle's next location in the virtual world. These models align virtual representations with their physical counterparts, i.e., metaphorically offsetting the synchronization delay between the two worlds. Trained meticulously on a historical geospatial dataset, SVR and DNN exhibit exceptional prediction accuracy in MATLAB and Python environments. Through various testing scenarios, we visually demonstrate the efficacy of our methodology, showcasing SVR and DNN's key role in significantly reducing the witnessed gap within the HITS's DT. This transformative approach enhances real-time synchronization in emergency HITS by approximately 88% to 93%.",creating digital twin dt healthcare intelligent transportation systems hits hot research trend focusing enhancing hits management particularly emergencies ambulance vehicles must arrive crash scene time track realtime location crucial medical authorities despite claim realtime representation temporal misalignment persists physical virtual domains leading discrepancies ambulances location representation study proposes integrating ai predictive models specifically support vector regression svr deep neural networks dnn within constructed mock dt data pipeline framework anticipate medical vehicles next location virtual world models align virtual representations physical counterparts ie metaphorically offsetting synchronization delay two worlds trained meticulously historical geospatial dataset svr dnn exhibit exceptional prediction accuracy matlab python environments various testing scenarios visually demonstrate efficacy methodology showcasing svr dnns key role significantly reducing witnessed gap within hitss dt transformative approach enhances realtime synchronization emergency hits approximately,,,,
healthcare,Academic Paper,arXiv Repository,Generative AI-Driven Human Digital Twin in IoT-Healthcare: A Comprehensive Survey,"The Internet of things (IoT) can significantly enhance the quality of human life, specifically in healthcare, attracting extensive attentions to IoT-healthcare services. Meanwhile, the human digital twin (HDT) is proposed as an innovative paradigm that can comprehensively characterize the replication of the individual human body in the digital world and reflect its physical status in real time. Naturally, HDT is envisioned to empower IoT-healthcare beyond the application of healthcare monitoring by acting as a versatile and vivid human digital testbed, simulating the outcomes and guiding the practical treatments. However, successfully establishing HDT requires high-fidelity virtual modeling and strong information interactions but possibly with scarce, biased and noisy data. Fortunately, a recent popular technology called generative artificial intelligence (GAI) may be a promising solution because it can leverage advanced AI algorithms to automatically create, manipulate, and modify valuable while diverse data. This survey particularly focuses on the implementation of GAI-driven HDT in IoT-healthcare. We start by introducing the background of IoT-healthcare and the potential of GAI-driven HDT. Then, we delve into the fundamental techniques and present the overall framework of GAI-driven HDT. After that, we explore the realization of GAI-driven HDT in detail, including GAI-enabled data acquisition, communication, data management, digital modeling, and data analysis. Besides, we discuss typical IoT-healthcare applications that can be revolutionized by GAI-driven HDT, namely personalized health monitoring and diagnosis, personalized prescription, and personalized rehabilitation. Finally, we conclude this survey by highlighting some future research directions.",internet things iot significantly enhance quality human life specifically healthcare attracting extensive attentions iothealthcare services meanwhile human digital twin hdt proposed innovative paradigm comprehensively characterize replication individual human body digital world reflect physical status real time naturally hdt envisioned empower iothealthcare beyond application healthcare monitoring acting versatile vivid human digital testbed simulating outcomes guiding practical treatments however successfully establishing hdt requires highfidelity virtual modeling strong information interactions possibly scarce biased noisy data fortunately recent popular technology called generative artificial intelligence gai may promising solution leverage advanced ai algorithms automatically create manipulate modify valuable diverse data survey particularly focuses implementation gaidriven hdt iothealthcare start introducing background iothealthcare potential gaidriven hdt delve fundamental techniques present overall framework gaidriven hdt explore realization gaidriven hdt detail including gaienabled data acquisition communication data management digital modeling data analysis besides discuss typical iothealthcare applications revolutionized gaidriven hdt namely personalized health monitoring diagnosis personalized prescription personalized rehabilitation finally conclude survey highlighting future research directions,,,,
healthcare,Academic Paper,arXiv Repository,Digital-twin imaging based on descattering Gaussian splatting,"Three-dimensional imaging through scattering media is important in medical science and astronomy. We propose a digital-twin imaging method based on Gaussian splatting to observe an object behind a scattering medium. A digital twin model built through data assimilation, emulates the behavior of objects and environmental changes in a virtual space. By constructing a digital twin using point clouds composed of Gaussians and simulating the scattering process through the convolution of a point spread function, three-dimensional objects behind a scattering medium can be reproduced as a digital twin. In this study, a high-contrast digital twin reproducing a three-dimensional object was successfully constructed from degraded images, assuming that data were acquired from wavefronts disturbed by a scattering medium. This technique reproduces objects by integrating data processing with image measurements.",threedimensional imaging scattering media important medical science astronomy propose digitaltwin imaging method based gaussian splatting observe object behind scattering medium digital twin model built data assimilation emulates behavior objects environmental changes virtual space constructing digital twin using point clouds composed gaussians simulating scattering process convolution point spread function threedimensional objects behind scattering medium reproduced digital twin study highcontrast digital twin reproducing threedimensional object successfully constructed degraded images assuming data acquired wavefronts disturbed scattering medium technique reproduces objects integrating data processing image measurements,,,-0.103,
healthcare,Academic Paper,arXiv Repository,Model-based Digital Twins of Medicine Dispensers for Healthcare IoT Applications,"Healthcare applications with the Internet of Things (IoT) are often safety-critical, thus, require extensive testing. Such applications are often connected to smart medical devices from various vendors. System-level testing of such applications requires test infrastructures physically integrating medical devices, which is time and monetary-wise expensive. Moreover, applications continuously evolve, e.g., introducing new devices and users and updating software. Nevertheless, a test infrastructure enabling testing with a few devices is insufficient for testing healthcare IoT systems, hence compromising their dependability. In this paper, we propose a model-based approach for the creation and operation of digital twins (DTs) of medicine dispensers as a replacement for physical devices to support the automated testing of IoT applications at scale. We evaluate our approach with an industrial IoT system with medicine dispensers in the context of Oslo City and its industrial partners, providing healthcare services to its residents. We study the fidelity of DTs in terms of their functional similarities with their physical counterparts: medicine dispensers. Results show that the DTs behave more than 92% similar to the physical medicine dispensers, providing a faithful replacement for the dispenser.",healthcare applications internet things iot often safetycritical thus require extensive testing applications often connected smart medical devices various vendors systemlevel testing applications requires test infrastructures physically integrating medical devices time monetarywise expensive moreover applications continuously evolve eg introducing new devices users updating software nevertheless test infrastructure enabling testing devices insufficient testing healthcare iot systems hence compromising dependability paper propose modelbased approach creation operation digital twins dts medicine dispensers replacement physical devices support automated testing iot applications scale evaluate approach industrial iot system medicine dispensers context oslo city industrial partners providing healthcare services residents study fidelity dts terms functional similarities physical counterparts medicine dispensers results show dts behave similar physical medicine dispensers providing faithful replacement dispenser,0.856,,0.856,
healthcare,Academic Paper,arXiv Repository,Human Digital Twin: A Survey,"Digital twin has recently attracted growing attention, leading to intensive research and applications. Along with this, a new research area, dubbed as ""human digital twin"" (HDT), has emerged. Similar to the conception of digital twin, HDT is referred to as the replica of a physical-world human in the digital world. Nevertheless, HDT is much more complicated and delicate compared to digital twins of any physical systems and processes, due to humans' dynamic and evolutionary nature, including physical, behavioral, social, physiological, psychological, cognitive, and biological dimensions. Studies on HDT are limited, and the research is still in its infancy. In this paper, we first examine the inception, development, and application of the digital twin concept, providing a context within which we formally define and characterize HDT based on the similarities and differences between digital twin and HDT. Then we conduct an extensive literature review on HDT research, analyzing underpinning technologies and establishing typical frameworks in which the core HDT functions or components are organized. Built upon the findings from the above work, we propose a generic architecture for the HDT system and describe the core function blocks and corresponding technologies. Following this, we present the state of the art of HDT technologies and applications in the healthcare, industry, and daily life domain. Finally, we discuss various issues related to the development of HDT and point out the trends and challenges of future HDT research and development.",digital twin recently attracted growing attention leading intensive research applications along new research area dubbed human digital twin hdt emerged similar conception digital twin hdt referred replica physicalworld human digital world nevertheless hdt much complicated delicate compared digital twins physical systems processes due humans dynamic evolutionary nature including physical behavioral social physiological psychological cognitive biological dimensions studies hdt limited research still infancy paper first examine inception development application digital twin concept providing context within formally define characterize hdt based similarities differences digital twin hdt conduct extensive literature review hdt research analyzing underpinning technologies establishing typical frameworks core hdt functions components organized built upon findings work propose generic architecture hdt system describe core function blocks corresponding technologies following present state art hdt technologies applications healthcare industry daily life domain finally discuss various issues related development hdt point trends challenges future hdt research development,,,,
healthcare,Academic Paper,arXiv Repository,Synthetic Observational Health Data with GANs: from slow adoption to a boom in medical research and ultimately digital twins?,"After being collected for patient care, Observational Health Data (OHD) can further benefit patient well-being by sustaining the development of health informatics and medical research. Vast potential is unexploited because of the fiercely private nature of patient-related data and regulations to protect it.   Generative Adversarial Networks (GANs) have recently emerged as a groundbreaking way to learn generative models that produce realistic synthetic data. They have revolutionized practices in multiple domains such as self-driving cars, fraud detection, digital twin simulations in industrial sectors, and medical imaging.   The digital twin concept could readily apply to modelling and quantifying disease progression. In addition, GANs posses many capabilities relevant to common problems in healthcare: lack of data, class imbalance, rare diseases, and preserving privacy. Unlocking open access to privacy-preserving OHD could be transformative for scientific research. In the midst of COVID-19, the healthcare system is facing unprecedented challenges, many of which of are data related for the reasons stated above.   Considering these facts, publications concerning GAN applied to OHD seemed to be severely lacking. To uncover the reasons for this slow adoption, we broadly reviewed the published literature on the subject. Our findings show that the properties of OHD were initially challenging for the existing GAN algorithms (unlike medical imaging, for which state-of-the-art model were directly transferable) and the evaluation synthetic data lacked clear metrics.   We find more publications on the subject than expected, starting slowly in 2017, and since then at an increasing rate. The difficulties of OHD remain, and we discuss issues relating to evaluation, consistency, benchmarking, data modelling, and reproducibility.",collected patient care observational health data ohd benefit patient wellbeing sustaining development health informatics medical research vast potential unexploited fiercely private nature patientrelated data regulations protect generative adversarial networks gans recently emerged groundbreaking way learn generative models produce realistic synthetic data revolutionized practices multiple domains selfdriving cars fraud detection digital twin simulations industrial sectors medical imaging digital twin concept could readily apply modelling quantifying disease progression addition gans posses many capabilities relevant common problems healthcare lack data class imbalance rare diseases preserving privacy unlocking open access privacypreserving ohd could transformative scientific research midst covid healthcare system facing unprecedented challenges many data related reasons stated considering facts publications concerning gan applied ohd seemed severely lacking uncover reasons slow adoption broadly reviewed published literature subject findings show properties ohd initially challenging existing gan algorithms unlike medical imaging stateoftheart model directly transferable evaluation synthetic data lacked clear metrics find publications subject expected starting slowly since increasing rate difficulties ohd remain discuss issues relating evaluation consistency benchmarking data modelling reproducibility,,-0.494,,
healthcare,Academic Paper,arXiv Repository,Automated Detection and Mitigation of Dependability Failures in Healthcare Scenarios through Digital Twins,"Medical Cyber-Physical Systems (CPSs) integrating Patients, Devices, and healthcare personnel (Physicians) form safety-critical PDP triads whose dependability is challenged by system heterogeneity and uncertainty in human and physiological behavior. While existing clinical decision support systems support clinical practice, there remains a need for proactive, reliability-oriented methodologies capable of identifying and mitigating failure scenarios before patient safety is compromised. This paper presents M-GENGAR, a methodology based on a closed-loop Digital Twin (DT) paradigm for dependability assurance of medical CPSs. The approach combines Stochastic Hybrid Automata modeling, data-driven learning of patient dynamics, and Statistical Model Checking with an offline critical scenario detection phase that integrates model-space exploration and diversity analysis to systematically identify and classify scenarios violating expert-defined dependability requirements. M-GENGAR also supports the automated synthesis of mitigation strategies, enabling runtime feedback and control within the DT loop. We evaluate M-GENGAR on a representative use case study involving a pulmonary ventilator. Results show that, in 87.5% of the evaluated scenarios, strategies synthesized through formal game-theoretic analysis stabilize patient vital metrics at least as effectively as human decision-making, while maintaining relevant metrics 20% closer to nominal healthy values on average.",medical cyberphysical systems cpss integrating patients devices healthcare personnel physicians form safetycritical pdp triads whose dependability challenged system heterogeneity uncertainty human physiological behavior existing clinical decision support systems support clinical practice remains need proactive reliabilityoriented methodologies capable identifying mitigating failure scenarios patient safety compromised paper presents mgengar methodology based closedloop digital twin dt paradigm dependability assurance medical cpss approach combines stochastic hybrid automata modeling datadriven learning patient dynamics statistical model checking offline critical scenario detection phase integrates modelspace exploration diversity analysis systematically identify classify scenarios violating expertdefined dependability requirements mgengar also supports automated synthesis mitigation strategies enabling runtime feedback control within dt loop evaluate mgengar representative use case study involving pulmonary ventilator results show evaluated scenarios strategies synthesized formal gametheoretic analysis stabilize patient vital metrics least effectively human decisionmaking maintaining relevant metrics closer nominal healthy values average,,0.906,,
healthcare,Academic Paper,arXiv Repository,Hierarchical Federated Learning based Anomaly Detection using Digital Twins for Smart Healthcare,"Internet of Medical Things (IoMT) is becoming ubiquitous with a proliferation of smart medical devices and applications used in smart hospitals, smart-home based care, and nursing homes. It utilizes smart medical devices and cloud computing services along with core Internet of Things (IoT) technologies to sense patients' vital body parameters, monitor health conditions and generate multivariate data to support just-in-time health services. Mostly, this large amount of data is analyzed in centralized servers. Anomaly Detection (AD) in a centralized healthcare ecosystem is often plagued by significant delays in response time with high performance overhead. Moreover, there are inherent privacy issues associated with sending patients' personal health data to a centralized server, which may also introduce several security threats to the AD model, such as possibility of data poisoning. To overcome these issues with centralized AD models, here we propose a Federated Learning (FL) based AD model which utilizes edge cloudlets to run AD models locally without sharing patients' data. Since existing FL approaches perform aggregation on a single server which restricts the scope of FL, in this paper, we introduce a hierarchical FL that allows aggregation at different levels enabling multi-party collaboration. We introduce a novel disease-based grouping mechanism where different AD models are grouped based on specific types of diseases. Furthermore, we develop a new Federated Time Distributed (FedTimeDis) Long Short-Term Memory (LSTM) approach to train the AD model. We present a Remote Patient Monitoring (RPM) use case to demonstrate our model, and illustrate a proof-of-concept implementation using Digital Twin (DT) and edge cloudlets.",internet medical things iomt becoming ubiquitous proliferation smart medical devices applications used smart hospitals smarthome based care nursing homes utilizes smart medical devices cloud computing services along core internet things iot technologies sense patients vital body parameters monitor health conditions generate multivariate data support justintime health services mostly large amount data analyzed centralized servers anomaly detection ad centralized healthcare ecosystem often plagued significant delays response time high performance overhead moreover inherent privacy issues associated sending patients personal health data centralized server may also introduce several security threats ad model possibility data poisoning overcome issues centralized ad models propose federated learning fl based ad model utilizes edge cloudlets run ad models locally without sharing patients data since existing fl approaches perform aggregation single server restricts scope fl paper introduce hierarchical fl allows aggregation different levels enabling multiparty collaboration introduce novel diseasebased grouping mechanism different ad models grouped based specific types diseases furthermore develop new federated time distributed fedtimedis long shortterm memory lstm approach train ad model present remote patient monitoring rpm use case demonstrate model illustrate proofofconcept implementation using digital twin dt edge cloudlets,,0.858,0.858,
healthcare,Academic Paper,arXiv Repository,"Digital Twin: Enabling Technologies, Challenges and Open Research","Digital Twin technology is an emerging concept that has become the centre of attention for industry and, in more recent years, academia. The advancements in industry 4.0 concepts have facilitated its growth, particularly in the manufacturing industry. The Digital Twin is defined extensively but is best described as the effortless integration of data between a physical and virtual machine in either direction. The challenges, applications, and enabling technologies for Artificial Intelligence, Internet of Things (IoT) and Digital Twins are presented. A review of publications relating to Digital Twins is performed, producing a categorical review of recent papers. The review has categorised them by research areas: manufacturing, healthcare and smart cities, discussing a range of papers that reflect these areas and the current state of research. The paper provides an assessment of the enabling technologies, challenges and open research for Digital Twins.",digital twin technology emerging concept become centre attention industry recent years academia advancements industry concepts facilitated growth particularly manufacturing industry digital twin defined extensively best described effortless integration data physical virtual machine either direction challenges applications enabling technologies artificial intelligence internet things iot digital twins presented review publications relating digital twins performed producing categorical review recent papers review categorised research areas manufacturing healthcare smart cities discussing range papers reflect areas current state research paper provides assessment enabling technologies challenges open research digital twins,,,0.922,
healthcare,Academic Paper,arXiv Repository,Control of Medical Digital Twins with Artificial Neural Networks,"The objective of personalized medicine is to tailor interventions to an individual patient's unique characteristics. A key technology for this purpose involves medical digital twins, computational models of human biology that can be personalized and dynamically updated to incorporate patient-specific data collected over time. Certain aspects of human biology, such as the immune system, are not easily captured with physics-based models, such as differential equations. Instead, they are often multi-scale, stochastic, and hybrid. This poses a challenge to existing model-based control and optimization approaches that cannot be readily applied to such models. Recent advances in automatic differentiation and neural-network control methods hold promise in addressing complex control problems. However, the application of these approaches to biomedical systems is still in its early stages. This work introduces dynamics-informed neural-network controllers as an alternative approach to control of medical digital twins. As a first use case for this method, the focus is on agent-based models, a versatile and increasingly common modeling platform in biomedicine. The effectiveness of the proposed neural-network control method is illustrated and benchmarked against other methods with two widely-used agent-based model types. The relevance of the method introduced here extends beyond medical digital twins to other complex dynamical systems.",objective personalized medicine tailor interventions individual patients unique characteristics key technology purpose involves medical digital twins computational models human biology personalized dynamically updated incorporate patientspecific data collected time certain aspects human biology immune system easily captured physicsbased models differential equations instead often multiscale stochastic hybrid poses challenge existing modelbased control optimization approaches readily applied models recent advances automatic differentiation neuralnetwork control methods hold promise addressing complex control problems however application approaches biomedical systems still early stages work introduces dynamicsinformed neuralnetwork controllers alternative approach control medical digital twins first use case method focus agentbased models versatile increasingly common modeling platform biomedicine effectiveness proposed neuralnetwork control method illustrated benchmarked methods two widelyused agentbased model types relevance method introduced extends beyond medical digital twins complex dynamical systems,,,0.908,
healthcare,Academic Paper,arXiv Repository,Building Digital Twins of Different Human Organs for Personalized Healthcare,"Digital twins are virtual replicas of physical entities and are poised to transform personalized medicine through the real-time simulation and prediction of human physiology. Translating this paradigm from engineering to biomedicine requires overcoming profound challenges, including anatomical variability, multi-scale biological processes, and the integration of multi-physics phenomena. This survey systematically reviews methodologies for building digital twins of human organs, structured around a pipeline decoupled into anatomical twinning (capturing patient-specific geometry and structure) and functional twinning (simulating multi-scale physiology from cellular to organ-level function). We categorize approaches both by organ-specific properties and by technical paradigm, with particular emphasis on multi-scale and multi-physics integration. A key focus is the role of artificial intelligence (AI), especially physics-informed AI, in enhancing model fidelity, scalability, and personalization. Furthermore, we discuss the critical challenges of clinical validation and translational pathways. This study not only charts a roadmap for overcoming current bottlenecks in single-organ twins but also outlines the promising, albeit ambitious, future of interconnected multi-organ digital twins for whole-body precision healthcare.",digital twins virtual replicas physical entities poised transform personalized medicine realtime simulation prediction human physiology translating paradigm engineering biomedicine requires overcoming profound challenges including anatomical variability multiscale biological processes integration multiphysics phenomena survey systematically reviews methodologies building digital twins human organs structured around pipeline decoupled anatomical twinning capturing patientspecific geometry structure functional twinning simulating multiscale physiology cellular organlevel function categorize approaches organspecific properties technical paradigm particular emphasis multiscale multiphysics integration key focus role artificial intelligence ai especially physicsinformed ai enhancing model fidelity scalability personalization furthermore discuss critical challenges clinical validation translational pathways study charts roadmap overcoming current bottlenecks singleorgan twins also outlines promising albeit ambitious future interconnected multiorgan digital twins wholebody precision healthcare,,,0.848,
healthcare,Academic Paper,arXiv Repository,Enhancing Privacy Preservation and Reducing Analysis Time with Federated Transfer Learning in Digital Twins-based Computed Tomography Scan Analysis,"The application of Digital Twin (DT) technology and Federated Learning (FL) has great potential to change the field of biomedical image analysis, particularly for Computed Tomography (CT) scans. This paper presents Federated Transfer Learning (FTL) as a new Digital Twin-based CT scan analysis paradigm. FTL uses pre-trained models and knowledge transfer between peer nodes to solve problems such as data privacy, limited computing resources, and data heterogeneity. The proposed framework allows real-time collaboration between cloud servers and Digital Twin-enabled CT scanners while protecting patient identity. We apply the FTL method to a heterogeneous CT scan dataset and assess model performance using convergence time, model accuracy, precision, recall, F1 score, and confusion matrix. It has been shown to perform better than conventional FL and Clustered Federated Learning (CFL) methods with better precision, accuracy, recall, and F1-score. The technique is beneficial in settings where the data is not independently and identically distributed (non-IID), and it offers reliable, efficient, and secure solutions for medical diagnosis. These findings highlight the possibility of using FTL to improve decision-making in digital twin-based CT scan analysis, secure and efficient medical image analysis, promote privacy, and open new possibilities for applying precision medicine and smart healthcare systems.",application digital twin dt technology federated learning fl great potential change field biomedical image analysis particularly computed tomography ct scans paper presents federated transfer learning ftl new digital twinbased ct scan analysis paradigm ftl uses pretrained models knowledge transfer peer nodes solve problems data privacy limited computing resources data heterogeneity proposed framework allows realtime collaboration cloud servers digital twinenabled ct scanners protecting patient identity apply ftl method heterogeneous ct scan dataset assess model performance using convergence time model accuracy precision recall f score confusion matrix shown perform better conventional fl clustered federated learning cfl methods better precision accuracy recall fscore technique beneficial settings data independently identically distributed noniid offers reliable efficient secure solutions medical diagnosis findings highlight possibility using ftl improve decisionmaking digital twinbased ct scan analysis secure efficient medical image analysis promote privacy open new possibilities applying precision medicine smart healthcare systems,,0.981,0.981,
healthcare,Academic Paper,arXiv Repository,A Digital Twin for Telesurgery under Intermittent Communication,"Telesurgery is an effective way to deliver service from expert surgeons to areas without immediate access to specialized resources. However, many of these areas, such as rural districts or battlefields, might be subject to different problems in communication, especially latency and intermittent periods of communication outage. This challenge motivates the use of a digital twin for the surgical system, where a simulation would mirror the robot hardware and surgical environment in the real world. The surgeon would then be able to interact with the digital twin during communication outage, followed by a recovery strategy on the real robot upon reestablishing communication. This paper builds the digital twin for the da Vinci surgical robot, with a buffering and replay strategy that reduces the mean task completion time by 23% when compared to the baseline, for a peg transfer task subject to intermittent communication outage. The relevant code can be found here: https://github.com/LCSR-CIIS/dvrk_digital_twin_teleoperation.",telesurgery effective way deliver service expert surgeons areas without immediate access specialized resources however many areas rural districts battlefields might subject different problems communication especially latency intermittent periods communication outage challenge motivates use digital twin surgical system simulation would mirror robot hardware surgical environment real world surgeon would able interact digital twin communication outage followed recovery strategy real robot upon reestablishing communication paper builds digital twin da vinci surgical robot buffering replay strategy reduces mean task completion time compared baseline peg transfer task subject intermittent communication outage relevant code found,,,-0.052,
healthcare,Academic Paper,arXiv Repository,Electronic Health Records: Towards Digital Twins in Healthcare,"The pivotal shift from traditional paper-based records to sophisticated Electronic Health Records (EHR), enabled systematic collection and analysis of patient data through descriptive statistics, providing insight into patterns and trends across patient populations. This evolution continued toward predictive analytics, allowing healthcare providers to anticipate patient outcomes and potential complications before they occur. This progression from basic digital record-keeping to sophisticated predictive modelling and digital twins reflects healthcare's broader evolution toward more integrated, patient-centred approaches that combine data-driven insights with personalized care delivery. This chapter explores the evolution and significance of healthcare information systems, beginning with an examination of the implementation of EHR in the UK and the USA. It provides a comprehensive overview of the International Classification of Diseases (ICD) system, tracing its development from ICD-9 to ICD-10. Central to this discussion is the MIMIC-III database, a landmark achievement in healthcare data sharing and arguably the most comprehensive critical care database freely available to researchers worldwide. MIMIC-III has democratized access to high-quality healthcare data, enabling unprecedented opportunities for research and analysis. The chapter examines its structure, clinical outcome analysis capabilities, and practical applications through case studies, with a particular focus on mortality and length of stay metrics, vital signs extraction, and ICD coding. Through detailed entity-relationship diagrams and practical examples, the text illustrates MIMIC's complex data structure and demonstrates how different querying approaches can lead to subtly different results, emphasizing the critical importance of understanding the database's architecture for accurate data extraction.",pivotal shift traditional paperbased records sophisticated electronic health records ehr enabled systematic collection analysis patient data descriptive statistics providing insight patterns trends across patient populations evolution continued toward predictive analytics allowing healthcare providers anticipate patient outcomes potential complications occur progression basic digital recordkeeping sophisticated predictive modelling digital twins reflects healthcares broader evolution toward integrated patientcentred approaches combine datadriven insights personalized care delivery chapter explores evolution significance healthcare information systems beginning examination implementation ehr uk usa provides comprehensive overview international classification diseases icd system tracing development icd icd central discussion mimiciii database landmark achievement healthcare data sharing arguably comprehensive critical care database freely available researchers worldwide mimiciii democratized access highquality healthcare data enabling unprecedented opportunities research analysis chapter examines structure clinical outcome analysis capabilities practical applications case studies particular focus mortality length stay metrics vital signs extraction icd coding detailed entityrelationship diagrams practical examples text illustrates mimics complex data structure demonstrates different querying approaches lead subtly different results emphasizing critical importance understanding databases architecture accurate data extraction,,,,
healthcare,Academic Paper,arXiv Repository,Networking Architecture and Key Supporting Technologies for Human Digital Twin in Personalized Healthcare: A Comprehensive Survey,"Digital twin (DT), refers to a promising technique to digitally and accurately represent actual physical entities. One typical advantage of DT is that it can be used to not only virtually replicate a system's detailed operations but also analyze the current condition, predict future behaviour, and refine the control optimization. Although DT has been widely implemented in various fields, such as smart manufacturing and transportation, its conventional paradigm is limited to embody non-living entities, e.g., robots and vehicles. When adopted in human-centric systems, a novel concept, called human digital twin (HDT) has thus been proposed. Particularly, HDT allows in silico representation of individual human body with the ability to dynamically reflect molecular status, physiological status, emotional and psychological status, as well as lifestyle evolutions. These prompt the expected application of HDT in personalized healthcare (PH), which can facilitate remote monitoring, diagnosis, prescription, surgery and rehabilitation. However, despite the large potential, HDT faces substantial research challenges in different aspects, and becomes an increasingly popular topic recently. In this survey, with a specific focus on the networking architecture and key technologies for HDT in PH applications, we first discuss the differences between HDT and conventional DTs, followed by the universal framework and essential functions of HDT. We then analyze its design requirements and challenges in PH applications. After that, we provide an overview of the networking architecture of HDT, including data acquisition layer, data communication layer, computation layer, data management layer and data analysis and decision making layer. Besides reviewing the key technologies for implementing such networking architecture in detail, we conclude this survey by presenting future research directions of HDT.",digital twin dt refers promising technique digitally accurately represent actual physical entities one typical advantage dt used virtually replicate systems detailed operations also analyze current condition predict future behaviour refine control optimization although dt widely implemented various fields smart manufacturing transportation conventional paradigm limited embody nonliving entities eg robots vehicles adopted humancentric systems novel concept called human digital twin hdt thus proposed particularly hdt allows silico representation individual human body ability dynamically reflect molecular status physiological status emotional psychological status well lifestyle evolutions prompt expected application hdt personalized healthcare ph facilitate remote monitoring diagnosis prescription surgery rehabilitation however despite large potential hdt faces substantial research challenges different aspects becomes increasingly popular topic recently survey specific focus networking architecture key technologies hdt ph applications first discuss differences hdt conventional dts followed universal framework essential functions hdt analyze design requirements challenges ph applications provide overview networking architecture hdt including data acquisition layer data communication layer computation layer data management layer data analysis decision making layer besides reviewing key technologies implementing networking architecture detail conclude survey presenting future research directions hdt,,,,
healthcare,Academic Paper,arXiv Repository,From the digital twins in healthcare to the Virtual Human Twin: a moon-shot project for digital health research,"The idea of a systematic digital representation of the entire known human pathophysiology, which we could call the Virtual Human Twin, has been around for decades. To date, most research groups focused instead on developing highly specialised, highly focused patient-specific models able to predict specific quantities of clinical relevance. While it has facilitated harvesting the low-hanging fruits, this narrow focus is, in the long run, leaving some significant challenges that slow the adoption of digital twins in healthcare. This position paper lays the conceptual foundations for developing the Virtual Human Twin (VHT). The VHT is intended as a distributed and collaborative infrastructure, a collection of technologies and resources (data, models) that enable it, and a collection of Standard Operating Procedures (SOP) that regulate its use. The VHT infrastructure aims to facilitate academic researchers, public organisations, and the biomedical industry in developing and validating new digital twins in healthcare solutions with the possibility of integrating multiple resources if required by the specific context of use. Healthcare professionals and patients can also use the VHT infrastructure for clinical decision support or personalised health forecasting. As the European Commission launched the EDITH coordination and support action to develop a roadmap for the development of the Virtual Human Twin, this position paper is intended as a starting point for the consensus process and a call to arms for all stakeholders.",idea systematic digital representation entire known human pathophysiology could call virtual human twin around decades date research groups focused instead developing highly specialised highly focused patientspecific models able predict specific quantities clinical relevance facilitated harvesting lowhanging fruits narrow focus long run leaving significant challenges slow adoption digital twins healthcare position paper lays conceptual foundations developing virtual human twin vht vht intended distributed collaborative infrastructure collection technologies resources data models enable collection standard operating procedures sop regulate use vht infrastructure aims facilitate academic researchers public organisations biomedical industry developing validating new digital twins healthcare solutions possibility integrating multiple resources required specific context use healthcare professionals patients also use vht infrastructure clinical decision support personalised health forecasting european commission launched edith coordination support action develop roadmap development virtual human twin position paper intended starting point consensus process call arms stakeholders,,,0.936,
healthcare,Academic Paper,arXiv Repository,Language-Based Digital Twins for Elderly Cognitive Assistance,"Digital twins have emerged as a promising paradigm for personalized healthcare, enabling modeling of individual behavior and health trajectories. In cognitive health, early detection of Mild Cognitive Impairment (MCI) remains challenging, where language and conversational patterns serve as non-invasive biomarkers. In this work, we propose a language-based digital twin framework that leverages large language models (LLMs) to mimic the conversational behavior of elderly individuals by incorporating stylometric cues and contextual metadata. To evaluate fidelity and cognitive consistency, we introduce a multi-head conditional variational autoencoder (cVAE) that jointly measures reconstruction quality and predicts cognitive scores. Experiments on the I-CONECT dataset show that the digital twin preserves identity-specific characteristics and achieves reconstruction and MoCA prediction errors comparable to real data, while outperforming baseline GPT-generated responses. These results highlight the potential of language-based digital twins as a scalable and non-invasive approach for personalized and continuous cognitive health monitoring.",digital twins emerged promising paradigm personalized healthcare enabling modeling individual behavior health trajectories cognitive health early detection mild cognitive impairment mci remains challenging language conversational patterns serve noninvasive biomarkers work propose languagebased digital twin framework leverages large language models llms mimic conversational behavior elderly individuals incorporating stylometric cues contextual metadata evaluate fidelity cognitive consistency introduce multihead conditional variational autoencoder cvae jointly measures reconstruction quality predicts cognitive scores experiments iconect dataset show digital twin preserves identityspecific characteristics achieves reconstruction moca prediction errors comparable real data outperforming baseline gptgenerated responses results highlight potential languagebased digital twins scalable noninvasive approach personalized continuous cognitive health monitoring,,,,
healthcare,Academic Paper,arXiv Repository,A Digital Twin Based Decision Support System for the Management of an Operating Room,"With healthcare demand rising worldwide, hospital services are increasingly needed. Hospitals' performance is tightly linked to their surgical suite performance, which makes it necessary for surgical suites to be efficient. In this paper, we focus on the operating room schedule execution and related decision-making. We thus propose a digital twin-based decision support system for the prospective and retrospective simulation and analysis of the operating room schedule execution. We describe the developed prototype (inputs/output/parameters/modeling) and its functionalities and show its application to an operating room inspired by a real case.",healthcare demand rising worldwide hospital services increasingly needed hospitals performance tightly linked surgical suite performance makes necessary surgical suites efficient paper focus operating room schedule execution related decisionmaking thus propose digital twinbased decision support system prospective retrospective simulation analysis operating room schedule execution describe developed prototype inputsoutputparametersmodeling functionalities show application operating room inspired real case,,,,
healthcare,Academic Paper,arXiv Repository,MeDeT: Medical Device Digital Twins Creation with Few-shot Meta-learning,"Testing healthcare Internet of Things (IoT) applications at system and integration levels necessitates integrating numerous medical devices of various types. Challenges of incorporating medical devices are: (i) their continuous evolution, making it infeasible to include all device variants, and (ii) rigorous testing at scale requires multiple devices and their variants, which is time-intensive, costly, and impractical. Our collaborator, Oslo City's health department, faced these challenges in developing automated test infrastructure, which our research aims to address. In this context, we propose a meta-learning-based approach (MeDeT) to generate digital twins (DTs) of medical devices and adapt DTs to evolving devices. We evaluate MeDeT in OsloCity's context using five widely-used medical devices integrated with a real-world healthcare IoT application. Our evaluation assesses MeDeT's ability to generate and adapt DTs across various devices and versions using different few-shot methods, the fidelity of these DTs, the scalability of operating 1000 DTs concurrently, and the associated time costs. Results show that MeDeT can generate DTs with over 96% fidelity, adapt DTs to different devices and newer versions with reduced time cost (around one minute), and operate 1000 DTs in a scalable manner while maintaining the fidelity level, thus serving in place of physical devices for testing.",testing healthcare internet things iot applications system integration levels necessitates integrating numerous medical devices various types challenges incorporating medical devices continuous evolution making infeasible include device variants ii rigorous testing scale requires multiple devices variants timeintensive costly impractical collaborator oslo citys health department faced challenges developing automated test infrastructure research aims address context propose metalearningbased approach medet generate digital twins dts medical devices adapt dts evolving devices evaluate medet oslocitys context using five widelyused medical devices integrated realworld healthcare iot application evaluation assesses medets ability generate adapt dts across various devices versions using different fewshot methods fidelity dts scalability operating dts concurrently associated time costs results show medet generate dts fidelity adapt dts different devices newer versions reduced time cost around one minute operate dts scalable manner maintaining fidelity level thus serving place physical devices testing,0.103,,0.103,
healthcare,Academic Paper,arXiv Repository,A Proof-of-Concept Simulation-Driven Digital Twin Framework for Decision-Aware Diabetes Modeling,"This paper presents a proof-of-concept digital twin framework for simulation-driven diabetes modeling using benchmark clinical data, synthetic temporal augmentation, and illustrative continuous glucose monitoring (CGM) analysis. Unlike traditional predictive models, the framework focuses on generating interpretable simulated trajectories rather than clinically validated outcomes. Evaluation is conducted using a public dataset combined with controlled synthetic scenarios to illustrate temporal behavior and intervention effects. Results illustrate the feasibility of integrating prediction with counterfactual simulation for decision-aware analysis. This work does not claim clinical readiness but provides a foundation for future research on simulation-driven digital twin systems in healthcare.",paper presents proofofconcept digital twin framework simulationdriven diabetes modeling using benchmark clinical data synthetic temporal augmentation illustrative continuous glucose monitoring cgm analysis unlike traditional predictive models framework focuses generating interpretable simulated trajectories rather clinically validated outcomes evaluation conducted using public dataset combined controlled synthetic scenarios illustrate temporal behavior intervention effects results illustrate feasibility integrating prediction counterfactual simulation decisionaware analysis work claim clinical readiness provides foundation future research simulationdriven digital twin systems healthcare,,,,
healthcare,Academic Paper,arXiv Repository,"Digital Twin of Wireless Systems: Overview, Taxonomy, Challenges, and Opportunities","Future wireless services must be focused on improving the quality of life by enabling various applications, such as extended reality, brain-computer interaction, and healthcare. These applications have diverse performance requirements (e.g., user-defined quality of experience metrics, latency, and reliability) that are challenging to be fulfilled by existing wireless systems. To meet the diverse requirements of the emerging applications, the concept of a digital twin has been recently proposed. A digital twin uses a virtual representation along with security-related technologies (e.g., blockchain), communication technologies (e.g., 6G), computing technologies (e.g., edge computing), and machine learning, so as to enable the smart applications. In this tutorial, we present a comprehensive overview on digital twins for wireless systems. First, we present an overview of fundamental concepts (i.e., design aspects, high-level architecture, and frameworks) of digital twin of wireless systems. Second, a comprehensive taxonomy is devised for both different aspects. These aspects are twins for wireless and wireless for twins. For the twins for wireless aspect, we consider parameters, such as twin objects design, prototyping, deployment trends, physical devices design, interface design, incentive mechanism, twins isolation, and decoupling. On the other hand, for wireless for twins, parameters such as, twin objects access aspects, security and privacy, and air interface design are considered. Finally, open research challenges and opportunities are presented along with causes and possible solutions.",future wireless services must focused improving quality life enabling various applications extended reality braincomputer interaction healthcare applications diverse performance requirements eg userdefined quality experience metrics latency reliability challenging fulfilled existing wireless systems meet diverse requirements emerging applications concept digital twin recently proposed digital twin uses virtual representation along securityrelated technologies eg blockchain communication technologies eg g computing technologies eg edge computing machine learning enable smart applications tutorial present comprehensive overview digital twins wireless systems first present overview fundamental concepts ie design aspects highlevel architecture frameworks digital twin wireless systems second comprehensive taxonomy devised different aspects aspects twins wireless wireless twins twins wireless aspect consider parameters twin objects design prototyping deployment trends physical devices design interface design incentive mechanism twins isolation decoupling hand wireless twins parameters twin objects access aspects security privacy air interface design considered finally open research challenges opportunities presented along causes possible solutions,,0.97,0.97,
healthcare,Academic Paper,arXiv Repository,Assessing the Human-Likeness of LLM-Driven Digital Twins in Simulating Health Care System Trust,"Serving as an emerging and powerful tool, Large Language Model (LLM)-driven Human Digital Twins are showing great potential in healthcare system research. However, its actual simulation ability for complex human psychological traits, such as distrust in the healthcare system, remains unclear. This research gap particularly impacts health professionals' trust and usage of LLM-based Artificial Intelligence (AI) systems in assisting their routine work. In this study, based on the Twin-2K-500 dataset, we systematically evaluated the simulation results of the LLM-driven human digital twin using the Health Care System Distrust Scale (HCSDS) with an established human-subject sample, analyzing item-level distributions, summary statistics, and demographic subgroup patterns. Results showed that the simulated responses by the digital twin were significantly more centralized with lower variance and had fewer selections of extreme options (all p<0.001). While the digital twin broadly reproduces human results in major demographic patterns, such as age and gender, it exhibits relatively low sensitivity in capturing minor differences in education levels. The LLM-based digital twin simulation has the potential to simulate population trends, but it also presents challenges in making detailed, specific distinctions in subgroups of human beings. This study suggests that the current LLM-driven Digital Twins have limitations in modeling complex human attitudes, which require careful calibration and validation before applying them in inferential analyses or policy simulations in health systems engineering. Future studies are necessary to examine the emotional reasoning mechanism of LLMs before their use, particularly for studies that involve simulations sensitive to social topics, such as human-automation trust.",serving emerging powerful tool large language model llmdriven human digital twins showing great potential healthcare system research however actual simulation ability complex human psychological traits distrust healthcare system remains unclear research gap particularly impacts health professionals trust usage llmbased artificial intelligence ai systems assisting routine work study based twink dataset systematically evaluated simulation results llmdriven human digital twin using health care system distrust scale hcsds established humansubject sample analyzing itemlevel distributions summary statistics demographic subgroup patterns results showed simulated responses digital twin significantly centralized lower variance fewer selections extreme options p digital twin broadly reproduces human results major demographic patterns age gender exhibits relatively low sensitivity capturing minor differences education levels llmbased digital twin simulation potential simulate population trends also presents challenges making detailed specific distinctions subgroups human beings study suggests current llmdriven digital twins limitations modeling complex human attitudes require careful calibration validation applying inferential analyses policy simulations health systems engineering future studies necessary examine emotional reasoning mechanism llms use particularly studies involve simulations sensitive social topics humanautomation trust,,,0.929,
healthcare,Academic Paper,arXiv Repository,Digital Twin AI: Opportunities and Challenges from Large Language Models to World Models,"Digital twins, as precise digital representations of physical systems, have evolved from passive simulation tools into intelligent and autonomous entities through the integration of artificial intelligence technologies. This paper presents a unified four-stage framework that systematically characterizes AI integration across the digital twin lifecycle, spanning modeling, mirroring, intervention, and autonomous management. By synthesizing existing technologies and practices, we distill a unified four-stage framework that systematically characterizes how AI methodologies are embedded across the digital twin lifecycle: (1) modeling the physical twin through physics-based and physics-informed AI approaches, (2) mirroring the physical system into a digital twin with real-time synchronization, (3) intervening in the physical twin through predictive modeling, anomaly detection, and optimization strategies, and (4) achieving autonomous management through large language models, foundation models, and intelligent agents. We analyze the synergy between physics-based modeling and data-driven learning, highlighting the shift from traditional numerical solvers to physics-informed and foundation models for physical systems. Furthermore, we examine how generative AI technologies, including large language models and generative world models, transform digital twins into proactive and self-improving cognitive systems capable of reasoning, communication, and creative scenario generation. Through a cross-domain review spanning eleven application domains, including healthcare, aerospace, smart manufacturing, robotics, and smart cities, we identify common challenges related to scalability, explainability, and trustworthiness, and outline directions for responsible AI-driven digital twin systems.",digital twins precise digital representations physical systems evolved passive simulation tools intelligent autonomous entities integration artificial intelligence technologies paper presents unified fourstage framework systematically characterizes ai integration across digital twin lifecycle spanning modeling mirroring intervention autonomous management synthesizing existing technologies practices distill unified fourstage framework systematically characterizes ai methodologies embedded across digital twin lifecycle modeling physical twin physicsbased physicsinformed ai approaches mirroring physical system digital twin realtime synchronization intervening physical twin predictive modeling anomaly detection optimization strategies achieving autonomous management large language models foundation models intelligent agents analyze synergy physicsbased modeling datadriven learning highlighting shift traditional numerical solvers physicsinformed foundation models physical systems furthermore examine generative ai technologies including large language models generative world models transform digital twins proactive selfimproving cognitive systems capable reasoning communication creative scenario generation crossdomain review spanning eleven application domains including healthcare aerospace smart manufacturing robotics smart cities identify common challenges related scalability explainability trustworthiness outline directions responsible aidriven digital twin systems,,,0.987,
healthcare,Academic Paper,arXiv Repository,Whole-Body Image-to-Image Translation for a Virtual Scanner in a Healthcare Digital Twin,"Generating positron emission tomography (PET) images from computed tomography (CT) scans via deep learning offers a promising pathway to reduce radiation exposure and costs associated with PET imaging, improving patient care and accessibility to functional imaging. Whole-body image translation presents challenges due to anatomical heterogeneity, often limiting generalized models. We propose a framework that segments whole-body CT images into four regions-head, trunk, arms, and legs-and uses district-specific Generative Adversarial Networks (GANs) for tailored CT-to-PET translation. Synthetic PET images from each region are stitched together to reconstruct the whole-body scan. Comparisons with a baseline non-segmented GAN and experiments with Pix2Pix and CycleGAN architectures tested paired and unpaired scenarios. Quantitative evaluations at district, whole-body, and lesion levels demonstrated significant improvements with our district-specific GANs. Pix2Pix yielded superior metrics, ensuring precise, high-quality image synthesis. By addressing anatomical heterogeneity, this approach achieves state-of-the-art results in whole-body CT-to-PET translation. This methodology supports healthcare Digital Twins by enabling accurate virtual PET scans from CT data, creating virtual imaging representations to monitor, predict, and optimize health outcomes.",generating positron emission tomography pet images computed tomography ct scans via deep learning offers promising pathway reduce radiation exposure costs associated pet imaging improving patient care accessibility functional imaging wholebody image translation presents challenges due anatomical heterogeneity often limiting generalized models propose framework segments wholebody ct images four regionshead trunk arms legsand uses districtspecific generative adversarial networks gans tailored cttopet translation synthetic pet images region stitched together reconstruct wholebody scan comparisons baseline nonsegmented gan experiments pixpix cyclegan architectures tested paired unpaired scenarios quantitative evaluations district wholebody lesion levels demonstrated significant improvements districtspecific gans pixpix yielded superior metrics ensuring precise highquality image synthesis addressing anatomical heterogeneity approach achieves stateoftheart results wholebody cttopet translation methodology supports healthcare digital twins enabling accurate virtual pet scans ct data creating virtual imaging representations monitor predict optimize health outcomes,0.969,,,
healthcare,Academic Paper,arXiv Repository,EfficientNet in Digital Twin-based Cardiac Arrest Prediction and Analysis,"Cardiac arrest is one of the biggest global health problems, and early identification and management are key to enhancing the patient's prognosis. In this paper, we propose a novel framework that combines an EfficientNet-based deep learning model with a digital twin system to improve the early detection and analysis of cardiac arrest. We use compound scaling and EfficientNet to learn the features of cardiovascular images. In parallel, the digital twin creates a realistic and individualized cardiovascular system model of the patient based on data received from the Internet of Things (IoT) devices attached to the patient, which can help in the constant assessment of the patient and the impact of possible treatment plans. As shown by our experiments, the proposed system is highly accurate in its prediction abilities and, at the same time, efficient. Combining highly advanced techniques such as deep learning and digital twin (DT) technology presents the possibility of using an active and individual approach to predicting cardiac disease.",cardiac arrest one biggest global health problems early identification management key enhancing patients prognosis paper propose novel framework combines efficientnetbased deep learning model digital twin system improve early detection analysis cardiac arrest use compound scaling efficientnet learn features cardiovascular images parallel digital twin creates realistic individualized cardiovascular system model patient based data received internet things iot devices attached patient help constant assessment patient impact possible treatment plans shown experiments proposed system highly accurate prediction abilities time efficient combining highly advanced techniques deep learning digital twin dt technology presents possibility using active individual approach predicting cardiac disease,,,,
healthcare,Academic Paper,arXiv Repository,Forum on immune digital twins: a meeting report,"Medical digital twins are computational models of human biology relevant to a given medical condition, which can be tailored to an individual patient, thereby predicting the course of disease and individualized treatments, an important goal of personalized medicine. The immune system, which has a central role in many diseases, is highly heterogeneous between individuals, and thus poses a major challenge for this technology. If medical digital twins are to faithfully capture the characteristics of a patient's immune system, we need to answer many questions, such as: What do we need to know about the immune system to build mathematical models that reflect features of an individual? What data do we need to collect across the different scales of immune system action? What are the right modeling paradigms to properly capture immune system complexity? In February 2023, an international group of experts convened in Lake Nona, FL for two days to discuss these and other questions related to digital twins of the immune system. The group consisted of clinicians, immunologists, biologists, and mathematical modelers, representative of the interdisciplinary nature of medical digital twin development. A video recording of the entire event is available. This paper presents a synopsis of the discussions, brief descriptions of ongoing digital twin projects at different stages of progress. It also proposes a 5-year action plan for further developing this technology. The main recommendations are to identify and pursue a small number of promising use cases, to develop stimulation-specific assays of immune function in a clinical setting, and to develop a database of existing computational immune models, as well as advanced modeling technology and infrastructure.",medical digital twins computational models human biology relevant given medical condition tailored individual patient thereby predicting course disease individualized treatments important goal personalized medicine immune system central role many diseases highly heterogeneous individuals thus poses major challenge technology medical digital twins faithfully capture characteristics patients immune system need answer many questions need know immune system build mathematical models reflect features individual data need collect across different scales immune system action right modeling paradigms properly capture immune system complexity february international group experts convened lake nona fl two days discuss questions related digital twins immune system group consisted clinicians immunologists biologists mathematical modelers representative interdisciplinary nature medical digital twin development video recording entire event available paper presents synopsis discussions brief descriptions ongoing digital twin projects different stages progress also proposes year action plan developing technology main recommendations identify pursue small number promising use cases develop stimulationspecific assays immune function clinical setting develop database existing computational immune models well advanced modeling technology infrastructure,,,0.979,
healthcare,Academic Paper,arXiv Repository,Digital Twins for Patient Care via Knowledge Graphs and Closed-Form Continuous-Time Liquid Neural Networks,"Digital twin technology has is anticipated to transform healthcare, enabling personalized medicines and support, earlier diagnoses, simulated treatment outcomes, and optimized surgical plans. Digital twins are readily gaining traction in industries like manufacturing, supply chain logistics, and civil infrastructure. Not in patient care, however. The challenge of modeling complex diseases with multimodal patient data and the computational complexities of analyzing it have stifled digital twin adoption in the biomedical vertical. Yet, these major obstacles can potentially be handled by approaching these models in a different way. This paper proposes a novel framework for addressing the barriers to clinical twin modeling created by computational costs and modeling complexities. We propose structuring patient health data as a knowledge graph and using closed-form continuous-time liquid neural networks, for real-time analytics. By synthesizing multimodal patient data and leveraging the flexibility and efficiency of closed form continuous time networks and knowledge graph ontologies, our approach enables real time insights, personalized medicine, early diagnosis and intervention, and optimal surgical planning. This novel approach provides a comprehensive and adaptable view of patient health along with real-time analytics, paving the way for digital twin simulations and other anticipated benefits in healthcare.",digital twin technology anticipated transform healthcare enabling personalized medicines support earlier diagnoses simulated treatment outcomes optimized surgical plans digital twins readily gaining traction industries like manufacturing supply chain logistics civil infrastructure patient care however challenge modeling complex diseases multimodal patient data computational complexities analyzing stifled digital twin adoption biomedical vertical yet major obstacles potentially handled approaching models different way paper proposes novel framework addressing barriers clinical twin modeling created computational costs modeling complexities propose structuring patient health data knowledge graph using closedform continuoustime liquid neural networks realtime analytics synthesizing multimodal patient data leveraging flexibility efficiency closed form continuous time networks knowledge graph ontologies approach enables real time insights personalized medicine early diagnosis intervention optimal surgical planning novel approach provides comprehensive adaptable view patient health along realtime analytics paving way digital twin simulations anticipated benefits healthcare,0.975,,0.975,
healthcare,Academic Paper,arXiv Repository,Digital Twin approach to Clinical DSS with Explainable AI,"We propose a digital twin approach to improve healthcare decision support systems with a combination of domain knowledge and data. Domain knowledge helps build decision thresholds that doctors can use to determine a risk or recommend a treatment or test based on the specific patient condition. However, these assessments tend to be highly subjective and differ from doctor to doctor and from patient to patient. We propose a system where we collate this subjective risk by compiling data from different doctors treating different patients and build a machine learning model that learns from this knowledge. Then using state-of-the-art explainability concepts we derive explanations from this model. These explanations give us a summary of different doctor domain knowledge applied in different cases to give a more generic perspective. Also these explanations are specific to a particular patient and are customized for their condition. This is a form of a digital twin for the patient that can now be used to enhance decision boundaries for earlier defined decision tables that help in diagnosis. We will show an example of running this analysis for a liver disease risk diagnosis.",propose digital twin approach improve healthcare decision support systems combination domain knowledge data domain knowledge helps build decision thresholds doctors use determine risk recommend treatment test based specific patient condition however assessments tend highly subjective differ doctor doctor patient patient propose system collate subjective risk compiling data different doctors treating different patients build machine learning model learns knowledge using stateoftheart explainability concepts derive explanations model explanations give us summary different doctor domain knowledge applied different cases give generic perspective also explanations specific particular patient customized condition form digital twin patient used enhance decision boundaries earlier defined decision tables help diagnosis show example running analysis liver disease risk diagnosis,,,,
healthcare,Academic Paper,arXiv Repository,Med-Real2Sim: Non-Invasive Medical Digital Twins using Physics-Informed Self-Supervised Learning,"A digital twin is a virtual replica of a real-world physical phenomena that uses mathematical modeling to characterize and simulate its defining features. By constructing digital twins for disease processes, we can perform in-silico simulations that mimic patients' health conditions and counterfactual outcomes under hypothetical interventions in a virtual setting. This eliminates the need for invasive procedures or uncertain treatment decisions. In this paper, we propose a method to identify digital twin model parameters using only noninvasive patient health data. We approach the digital twin modeling as a composite inverse problem, and observe that its structure resembles pretraining and finetuning in self-supervised learning (SSL). Leveraging this, we introduce a physics-informed SSL algorithm that initially pretrains a neural network on the pretext task of learning a differentiable simulator of a physiological process. Subsequently, the model is trained to reconstruct physiological measurements from noninvasive modalities while being constrained by the physical equations learned in pretraining. We apply our method to identify digital twins of cardiac hemodynamics using noninvasive echocardiogram videos, and demonstrate its utility in unsupervised disease detection and in-silico clinical trials.",digital twin virtual replica realworld physical phenomena uses mathematical modeling characterize simulate defining features constructing digital twins disease processes perform insilico simulations mimic patients health conditions counterfactual outcomes hypothetical interventions virtual setting eliminates need invasive procedures uncertain treatment decisions paper propose method identify digital twin model parameters using noninvasive patient health data approach digital twin modeling composite inverse problem observe structure resembles pretraining finetuning selfsupervised learning ssl leveraging introduce physicsinformed ssl algorithm initially pretrains neural network pretext task learning differentiable simulator physiological process subsequently model trained reconstruct physiological measurements noninvasive modalities constrained physical equations learned pretraining apply method identify digital twins cardiac hemodynamics using noninvasive echocardiogram videos demonstrate utility unsupervised disease detection insilico clinical trials,,,,
healthcare,Academic Paper,arXiv Repository,Advancing Security with Digital Twins: A Comprehensive Survey,"The proliferation of electronic devices has greatly transformed every aspect of human life, such as communication, healthcare, transportation, and energy. Unfortunately, the global electronics supply chain is vulnerable to various attacks, including piracy of intellectual properties, tampering, counterfeiting, information leakage, side-channel, and fault injection attacks, due to the complex nature of electronic products and vulnerabilities present in them. Although numerous solutions have been proposed to address these threats, significant gaps remain, particularly in providing scalable and comprehensive protection against emerging attacks. Digital twin, a dynamic virtual replica of a physical system, has emerged as a promising solution to address these issues by providing backward traceability, end-to-end visibility, and continuous verification of component integrity and behavior. In this paper, we comprehensively present the latest digital twin-based security implementations, including their role in cyber-physical systems, Internet of Things, cryptographic systems, detection of counterfeit electronics, intrusion detection, fault injection, and side-channel leakage. This work considers these critical security use cases within a single study to offer researchers and practitioners a unified reference for securing hardware with digital twins. The paper also explores the integration of large language models with digital twins for enhanced security and discusses current challenges, solutions, and future research directions.",proliferation electronic devices greatly transformed every aspect human life communication healthcare transportation energy unfortunately global electronics supply chain vulnerable various attacks including piracy intellectual properties tampering counterfeiting information leakage sidechannel fault injection attacks due complex nature electronic products vulnerabilities present although numerous solutions proposed address threats significant gaps remain particularly providing scalable comprehensive protection emerging attacks digital twin dynamic virtual replica physical system emerged promising solution address issues providing backward traceability endtoend visibility continuous verification component integrity behavior paper comprehensively present latest digital twinbased security implementations including role cyberphysical systems internet things cryptographic systems detection counterfeit electronics intrusion detection fault injection sidechannel leakage work considers critical security use cases within single study offer researchers practitioners unified reference securing hardware digital twins paper also explores integration large language models digital twins enhanced security discusses current challenges solutions future research directions,,0.811,0.811,0.811
healthcare,Academic Paper,arXiv Repository,An Intelligent and Privacy-Preserving Digital Twin Model for Aging-in-Place,"The population of older adults is steadily increasing, with a strong preference for aging-in-place rather than moving to care facilities. Consequently, supporting this growing demographic has become a significant global challenge. However, facilitating successful aging-in-place is challenging, requiring consideration of multiple factors such as data privacy, health status monitoring, and living environments to improve health outcomes. In this paper, we propose an unobtrusive sensor system designed for installation in older adults' homes. Using data from the sensors, our system constructs a digital twin, a virtual representation of events and activities that occurred in the home. The system uses neural network models and decision rules to capture residents' activities and living environments. This digital twin enables continuous health monitoring by providing actionable insights into residents' well-being. Our system is designed to be low-cost and privacy-preserving, with the aim of providing green and safe monitoring for the health of older adults. We have successfully deployed our system in two homes over a time period of two months, and our findings demonstrate the feasibility and effectiveness of digital twin technology in supporting independent living for older adults. This study highlights that our system could revolutionize elder care by enabling personalized interventions, such as lifestyle adjustments, medical treatments, or modifications to the residential environment, to enhance health outcomes.",population older adults steadily increasing strong preference aginginplace rather moving care facilities consequently supporting growing demographic become significant global challenge however facilitating successful aginginplace challenging requiring consideration multiple factors data privacy health status monitoring living environments improve health outcomes paper propose unobtrusive sensor system designed installation older adults homes using data sensors system constructs digital twin virtual representation events activities occurred home system uses neural network models decision rules capture residents activities living environments digital twin enables continuous health monitoring providing actionable insights residents wellbeing system designed lowcost privacypreserving aim providing green safe monitoring health older adults successfully deployed system two homes time period two months findings demonstrate feasibility effectiveness digital twin technology supporting independent living older adults study highlights system could revolutionize elder care enabling personalized interventions lifestyle adjustments medical treatments modifications residential environment enhance health outcomes,0.984,0.984,,0.984
healthcare,Academic Paper,arXiv Repository,HDL: Hybrid Deep Learning for the Synthesis of Myocardial Velocity Maps in Digital Twins for Cardiac Analysis,"Synthetic digital twins based on medical data accelerate the acquisition, labelling and decision making procedure in digital healthcare. A core part of digital healthcare twins is model-based data synthesis, which permits the generation of realistic medical signals without requiring to cope with the modelling complexity of anatomical and biochemical phenomena producing them in reality. Unfortunately, algorithms for cardiac data synthesis have been so far scarcely studied in the literature. An important imaging modality in the cardiac examination is three-directional CINE multi-slice myocardial velocity mapping (3Dir MVM), which provides a quantitative assessment of cardiac motion in three orthogonal directions of the left ventricle. The long acquisition time and complex acquisition produce make it more urgent to produce synthetic digital twins of this imaging modality. In this study, we propose a hybrid deep learning (HDL) network, especially for synthetic 3Dir MVM data. Our algorithm is featured by a hybrid UNet and a Generative Adversarial Network with a foreground-background generation scheme. The experimental results show that from temporally down-sampled magnitude CINE images (six times), our proposed algorithm can still successfully synthesise high temporal resolution 3Dir MVM CMR data (PSNR=42.32) with precise left ventricle segmentation (DICE=0.92). These performance scores indicate that our proposed HDL algorithm can be implemented in real-world digital twins for myocardial velocity mapping data simulation. To the best of our knowledge, this work is the first one in the literature investigating digital twins of the 3Dir MVM CMR, which has shown great potential for improving the efficiency of clinical studies via synthesised cardiac data.",synthetic digital twins based medical data accelerate acquisition labelling decision making procedure digital healthcare core part digital healthcare twins modelbased data synthesis permits generation realistic medical signals without requiring cope modelling complexity anatomical biochemical phenomena producing reality unfortunately algorithms cardiac data synthesis far scarcely studied literature important imaging modality cardiac examination threedirectional cine multislice myocardial velocity mapping dir mvm provides quantitative assessment cardiac motion three orthogonal directions left ventricle long acquisition time complex acquisition produce make urgent produce synthetic digital twins imaging modality study propose hybrid deep learning hdl network especially synthetic dir mvm data algorithm featured hybrid unet generative adversarial network foregroundbackground generation scheme experimental results show temporally downsampled magnitude cine images six times proposed algorithm still successfully synthesise high temporal resolution dir mvm cmr data psnr precise left ventricle segmentation dice performance scores indicate proposed hdl algorithm implemented realworld digital twins myocardial velocity mapping data simulation best knowledge work first one literature investigating digital twins dir mvm cmr shown great potential improving efficiency clinical studies via synthesised cardiac data,,,,
healthcare,Academic Paper,arXiv Repository,Networked Twins and Twins of Networks: an Overview on the Relationship Between Digital Twins and 6G,"Digital Twin (DT) is a promising technology for the new immersive digital life with a variety of applications in areas such as Industry 4.0, aviation, and healthcare. Proliferation of this technology requires higher data rates, reliability, resilience, and lower latency beyond what is currently offered by 5G. Thus, DT can become a major driver for 6G research and development. Alternatively, 6G network development can benefit from Digital Twin technology and its powerful features such as modularity and remote intelligence. Using DT, a 6G network (or some of its components) will have the opportunity to use Artificial Intelligence more proactively in order to enhance its resilience. DT's application in telecommunications is still in its infancy. In this article we highlight some of the most promising research and development directions for this technology.",digital twin dt promising technology new immersive digital life variety applications areas industry aviation healthcare proliferation technology requires higher data rates reliability resilience lower latency beyond currently offered g thus dt become major driver g research development alternatively g network development benefit digital twin technology powerful features modularity remote intelligence using dt g network components opportunity use artificial intelligence proactively order enhance resilience dts application telecommunications still infancy article highlight promising research development directions technology,,,0.961,
healthcare,Academic Paper,arXiv Repository,TWIN-GPT: Digital Twins for Clinical Trials via Large Language Model,"Clinical trials are indispensable for medical research and the development of new treatments. However, clinical trials often involve thousands of participants and can span several years to complete, with a high probability of failure during the process. Recently, there has been a burgeoning interest in virtual clinical trials, which simulate real-world scenarios and hold the potential to significantly enhance patient safety, expedite development, reduce costs, and contribute to the broader scientific knowledge in healthcare. Existing research often focuses on leveraging electronic health records (EHRs) to support clinical trial outcome prediction. Yet, trained with limited clinical trial outcome data, existing approaches frequently struggle to perform accurate predictions. Some research has attempted to generate EHRs to augment model development but has fallen short in personalizing the generation for individual patient profiles. Recently, the emergence of large language models has illuminated new possibilities, as their embedded comprehensive clinical knowledge has proven beneficial in addressing medical issues. In this paper, we propose a large language model-based digital twin creation approach, called TWIN-GPT. TWIN-GPT can establish cross-dataset associations of medical information given limited data, generating unique personalized digital twins for different patients, thereby preserving individual patient characteristics. Comprehensive experiments show that using digital twins created by TWIN-GPT can boost the clinical trial outcome prediction, exceeding various previous prediction approaches.",clinical trials indispensable medical research development new treatments however clinical trials often involve thousands participants span several years complete high probability failure process recently burgeoning interest virtual clinical trials simulate realworld scenarios hold potential significantly enhance patient safety expedite development reduce costs contribute broader scientific knowledge healthcare existing research often focuses leveraging electronic health records ehrs support clinical trial outcome prediction yet trained limited clinical trial outcome data existing approaches frequently struggle perform accurate predictions research attempted generate ehrs augment model development fallen short personalizing generation individual patient profiles recently emergence large language models illuminated new possibilities embedded comprehensive clinical knowledge proven beneficial addressing medical issues paper propose large language modelbased digital twin creation approach called twingpt twingpt establish crossdataset associations medical information given limited data generating unique personalized digital twins different patients thereby preserving individual patient characteristics comprehensive experiments show using digital twins created twingpt boost clinical trial outcome prediction exceeding various previous prediction approaches,0.852,,,
manufacturing,Academic Paper,arXiv Repository,Enabling Automated Integration Testing of Smart Farming Applications via Digital Twin Prototypes,"Industry 4.0 represents a major technological shift that has the potential to transform the manufacturing industry, making it more efficient, productive, and sustainable. Smart farming is a concept that involves the use of advanced technologies to improve the efficiency and sustainability of agricultural practices. Industry 4.0 and smart farming are closely related, as many of the technologies used in smart farming are also used in Industry 4.0. Digital twins have the potential for cost-effective software development of such applications. With our Digital Twin Prototype approach, all sensor interfaces are integrated into the development process, and their inputs and outputs of the emulated hardware match those of the real hardware. The emulators respond to the same commands and return identically formatted data packages as their real counterparts, making the Digital Twin Prototype a valid source of a digital shadow, i.e. the Digital Twin Prototype is a prototype of the physical twin and can replace it for automated testing of the digital twin software. In this paper, we present a case study for employing our Digital Twin Prototype approach to automated testing of software for improving the making of silage with a smart farming application. Besides automated testing with continuous integration, we also discuss continuous deployment of modular Docker containers in this context.",industry represents major technological shift potential transform manufacturing industry making efficient productive sustainable smart farming concept involves use advanced technologies improve efficiency sustainability agricultural practices industry smart farming closely related many technologies used smart farming also used industry digital twins potential costeffective software development applications digital twin prototype approach sensor interfaces integrated development process inputs outputs emulated hardware match real hardware emulators respond commands return identically formatted data packages real counterparts making digital twin prototype valid source digital shadow ie digital twin prototype prototype physical twin replace automated testing digital twin software paper present case study employing digital twin prototype approach automated testing software improving making silage smart farming application besides automated testing continuous integration also discuss continuous deployment modular docker containers context,0.967,,0.967,0.967
manufacturing,Academic Paper,arXiv Repository,Potentials of the Metaverse for Robotized Applications in Industry 4.0 and Industry 5.0,"As a digital environment of interconnected virtual ecosystems driven by measured and synthesized data, the Metaverse has so far been mostly considered from its gaming perspective that closely aligns with online edutainment. Although it is still in its infancy and more research as well as standardization efforts remain to be done, the Metaverse could provide considerable advantages for smart robotized applications in the industry.Workflow efficiency, collective decision enrichment even for executives, as well as a natural, resilient, and sustainable robotized assistance for the workforce are potential advantages. Hence, the Metaverse could consolidate the connection between Industry 4.0 and Industry 5.0. This paper identifies and puts forward potential advantages of the Metaverse for robotized applications and highlights how these advantages support goals pursued by the Industry 4.0 and Industry 5.0 visions.   Keywords: Robotics, Metaverse, Digital Twin, VR/AR, AI/ML, Foundation Model;",digital environment interconnected virtual ecosystems driven measured synthesized data metaverse far mostly considered gaming perspective closely aligns online edutainment although still infancy research well standardization efforts remain done metaverse could provide considerable advantages smart robotized applications industryworkflow efficiency collective decision enrichment even executives well natural resilient sustainable robotized assistance workforce potential advantages hence metaverse could consolidate connection industry industry paper identifies puts forward potential advantages metaverse robotized applications highlights advantages support goals pursued industry industry visions keywords robotics metaverse digital twin vrar aiml foundation model,,,,
manufacturing,Academic Paper,arXiv Repository,Digital Twin As A Cost Reduction Method,"Many fields have been affected by the introduction of concepts such as sensors, industry 4.0, internet of things, machine learning and artificial intelligence in recent years. As a result of the interaction of cyber physical systems with these concepts, digital twin model has emerged. The concept of digital twin has been used in many areas with its emergence. The use of this model has made significant gains, especially in decision making processes. The gains in decision making processes contribute to every field and cause changes in terms of cost. In this study, the historical development of the concept of digital twin has been mentioned and general information about the usage areas of digital twin has been given. In the light of this information, the cost effect of the digital twin model, therefore its appearance from the cost accounting window and its use as a cost reduction method were evaluated. This study was carried out in order to shed light on the studies with the insufficient resources in the Turkish literature and the cost accounting perspective.",many fields affected introduction concepts sensors industry internet things machine learning artificial intelligence recent years result interaction cyber physical systems concepts digital twin model emerged concept digital twin used many areas emergence use model made significant gains especially decision making processes gains decision making processes contribute every field cause changes terms cost study historical development concept digital twin mentioned general information usage areas digital twin given light information cost effect digital twin model therefore appearance cost accounting window use cost reduction method evaluated study carried order shed light studies insufficient resources turkish literature cost accounting perspective,0.796,0.796,,
manufacturing,Academic Paper,arXiv Repository,Embedded Software Development with Digital Twins: Specific Requirements for Small and Medium-Sized Enterprises,"The transformation to Industry 4.0 changes the way embedded software systems are developed. Digital twins have the potential for cost-effective software development and maintenance strategies. With reduced costs and faster development cycles, small and medium-sized enterprises (SME) have the chance to grow with new smart products. We interviewed SMEs about their current development processes. In this paper, we present the first results of these interviews. First results show that real-time requirements prevent, to date, a Software-in-the-Loop development approach, due to a lack of proper tooling. Security/safety concerns, and the accessibility of hardware are the main impediments. Only temporary access to the hardware leads to Software-in-the-Loop development approaches based on simulations/emulators. Yet, this is not in all use cases possible. All interviewees see the potential of Software-in-the-Loop approaches and digital twins with regard to quality and customization. One reason it will take some effort to convince engineers, is the conservative nature of the embedded community, particularly in SMEs.",transformation industry changes way embedded software systems developed digital twins potential costeffective software development maintenance strategies reduced costs faster development cycles small mediumsized enterprises sme chance grow new smart products interviewed smes current development processes paper present first results interviews first results show realtime requirements prevent date softwareintheloop development approach due lack proper tooling securitysafety concerns accessibility hardware main impediments temporary access hardware leads softwareintheloop development approaches based simulationsemulators yet use cases possible interviewees see potential softwareintheloop approaches digital twins regard quality customization one reason take effort convince engineers conservative nature embedded community particularly smes,0.542,0.542,,
manufacturing,Academic Paper,arXiv Repository,Graph Learning for Cognitive Digital Twins in Manufacturing Systems,"Future manufacturing requires complex systems that connect simulation platforms and virtualization with physical data from industrial processes. Digital twins incorporate a physical twin, a digital twin, and the connection between the two. Benefits of using digital twins, especially in manufacturing, are abundant as they can increase efficiency across an entire manufacturing life-cycle. The digital twin concept has become increasingly sophisticated and capable over time, enabled by rises in many technologies. In this paper, we detail the cognitive digital twin as the next stage of advancement of a digital twin that will help realize the vision of Industry 4.0. Cognitive digital twins will allow enterprises to creatively, effectively, and efficiently exploit implicit knowledge drawn from the experience of existing manufacturing systems. They also enable more autonomous decisions and control, while improving the performance across the enterprise (at scale). This paper presents graph learning as one potential pathway towards enabling cognitive functionalities in manufacturing digital twins. A novel approach to realize cognitive digital twins in the product design stage of manufacturing that utilizes graph learning is presented.",future manufacturing requires complex systems connect simulation platforms virtualization physical data industrial processes digital twins incorporate physical twin digital twin connection two benefits using digital twins especially manufacturing abundant increase efficiency across entire manufacturing lifecycle digital twin concept become increasingly sophisticated capable time enabled rises many technologies paper detail cognitive digital twin next stage advancement digital twin help realize vision industry cognitive digital twins allow enterprises creatively effectively efficiently exploit implicit knowledge drawn experience existing manufacturing systems also enable autonomous decisions control improving performance across enterprise scale paper presents graph learning one potential pathway towards enabling cognitive functionalities manufacturing digital twins novel approach realize cognitive digital twins product design stage manufacturing utilizes graph learning presented,,,0.982,
manufacturing,Academic Paper,arXiv Repository,Framework to model virtual factories: a digital twin view,"The digital twin has emerged as a technology to predict the undesirables, and ensure desired performance of complex systems. Although digital twins have got attention in the manufacturing research spectrum, yet their industrial application has been limited. Virtual simulations are considered an integral part of a digital twin, but a challenge is the lack of structured approaches to creating simulation models that can be extended as a digital twin. At the same time, the virtual models need to be accurate and flexible enough to be updated along the life cycle of the factory as desired in a digital twin. This paper presents a framework for virtual modeling of factories that can be extended as a digital twin. The case of a manufacturing company is presented to model and simulate a manufacturing system in a structured yet flexible way.",digital twin emerged technology predict undesirables ensure desired performance complex systems although digital twins got attention manufacturing research spectrum yet industrial application limited virtual simulations considered integral part digital twin challenge lack structured approaches creating simulation models extended digital twin time virtual models need accurate flexible enough updated along life cycle factory desired digital twin paper presents framework virtual modeling factories extended digital twin case manufacturing company presented model simulate manufacturing system structured yet flexible way,,,,
manufacturing,Academic Paper,arXiv Repository,Digital Twin-Assisted Controlling of AGVs in Flexible Manufacturing Environments,"Digital Twins are increasingly being introduced for smart manufacturing systems to improve the efficiency of the main disciplines of such systems. Formal techniques, such as graphs, are a common way of describing Digital Twin models, allowing broad types of tools to provide Digital Twin based services such as fault detection in production lines. Obtaining correct and complete formal Digital Twins of physical systems can be a complicated and time consuming process, particularly for manufacturing systems with plenty of physical objects and the associated manufacturing processes. Automatic generation of Digital Twins is an emerging research field and can reduce time and costs. In this paper, we focus on the generation of Digital Twins for flexible manufacturing systems with Automated Guided Vehicles (AGVs) on the factory floor. In particular, we propose an architectural framework and the associated design choices and software development tools that facilitate automatic generation of Digital Twins for AGVs. Specifically, the scope of the generated digital twins is controlling AGVs in the factory floor. To this end, we focus on different control levels of AGVs and utilize graph theory to generate the graph-based Digital Twin of the factory floor.",digital twins increasingly introduced smart manufacturing systems improve efficiency main disciplines systems formal techniques graphs common way describing digital twin models allowing broad types tools provide digital twin based services fault detection production lines obtaining correct complete formal digital twins physical systems complicated time consuming process particularly manufacturing systems plenty physical objects associated manufacturing processes automatic generation digital twins emerging research field reduce time costs paper focus generation digital twins flexible manufacturing systems automated guided vehicles agvs factory floor particular propose architectural framework associated design choices software development tools facilitate automatic generation digital twins agvs specifically scope generated digital twins controlling agvs factory floor end focus different control levels agvs utilize graph theory generate graphbased digital twin factory floor,0.743,,,
manufacturing,Academic Paper,arXiv Repository,Self-Adaptive Manufacturing with Digital Twins,"Digital Twins are part of the vision of Industry 4.0 to represent, control, predict, and optimize the behavior of Cyber-Physical Production Systems (CPPSs). These CPPSs are long-living complex systems deployed to and configured for diverse environments. Due to specific deployment, configuration, wear and tear, or other environmental effects, their behavior might diverge from the intended behavior over time. Properly adapting the configuration of CPPSs then relies on the expertise of human operators. Digital Twins (DTs) that reify this expertise and learn from it to address unforeseen challenges can significantly facilitate self-adaptive manufacturing where experience is very specific and, hence, insufficient to employ deep learning techniques. We leverage the explicit modeling of domain expertise through case-based reasoning to improve the capabilities of Digital Twins for adapting to such situations. To this effect, we present a modeling framework for self-adaptive manufacturing that supports modeling domain-specific cases, describing rules for case similarity and case-based reasoning within a modular Digital Twin. Automatically configuring Digital Twins based on explicitly modeled domain expertise can improve manufacturing times, reduce wastage, and, ultimately, contribute to better sustainable manufacturing.",digital twins part vision industry represent control predict optimize behavior cyberphysical production systems cppss cppss longliving complex systems deployed configured diverse environments due specific deployment configuration wear tear environmental effects behavior might diverge intended behavior time properly adapting configuration cppss relies expertise human operators digital twins dts reify expertise learn address unforeseen challenges significantly facilitate selfadaptive manufacturing experience specific hence insufficient employ deep learning techniques leverage explicit modeling domain expertise casebased reasoning improve capabilities digital twins adapting situations effect present modeling framework selfadaptive manufacturing supports modeling domainspecific cases describing rules case similarity casebased reasoning within modular digital twin automatically configuring digital twins based explicitly modeled domain expertise improve manufacturing times reduce wastage ultimately contribute better sustainable manufacturing,,0.94,,
manufacturing,Academic Paper,arXiv Repository,Photogrammetry for Digital Twinning Industry 4.0 (I4) Systems,"The onset of Industry 4.0 is rapidly transforming the manufacturing world through the integration of cloud computing, machine learning (ML), artificial intelligence (AI), and universal network connectivity, resulting in performance optimization and increase productivity. Digital Twins (DT) are one such transformational technology that leverages software systems to replicate physical process behavior, representing the physical process in a digital environment. This paper aims to explore the use of photogrammetry (which is the process of reconstructing physical objects into virtual 3D models using photographs) and 3D Scanning techniques to create accurate visual representation of the 'Physical Process', to interact with the ML/AI based behavior models. To achieve this, we have used a readily available consumer device, the iPhone 15 Pro, which features stereo vision capabilities, to capture the depth of an Industry 4.0 system. By processing these images using 3D scanning tools, we created a raw 3D model for 3D modeling and rendering software for the creation of a DT model. The paper highlights the reliability of this method by measuring the error rate in between the ground truth (measurements done manually using a tape measure) and the final 3D model created using this method. The overall mean error is 4.97\% and the overall standard deviation error is 5.54\% between the ground truth measurements and their photogrammetry counterparts. The results from this work indicate that photogrammetry using consumer-grade devices can be an efficient and cost-efficient approach to creating DTs for smart manufacturing, while the approaches flexibility allows for iterative improvements of the models over time.",onset industry rapidly transforming manufacturing world integration cloud computing machine learning ml artificial intelligence ai universal network connectivity resulting performance optimization increase productivity digital twins dt one transformational technology leverages software systems replicate physical process behavior representing physical process digital environment paper aims explore use photogrammetry process reconstructing physical objects virtual models using photographs scanning techniques create accurate visual representation physical process interact mlai based behavior models achieve used readily available consumer device iphone pro features stereo vision capabilities capture depth industry system processing images using scanning tools created raw model modeling rendering software creation dt model paper highlights reliability method measuring error rate ground truth measurements done manually using tape measure final model created using method overall mean error overall standard deviation error ground truth measurements photogrammetry counterparts results work indicate photogrammetry using consumergrade devices efficient costefficient approach creating dts smart manufacturing approaches flexibility allows iterative improvements models time,0.969,,0.969,
manufacturing,Academic Paper,arXiv Repository,Security and Privacy of Digital Twins for Advanced Manufacturing: A Survey,"In Industry 4.0, the digital twin is one of the emerging technologies, offering simulation abilities to predict, refine, and interpret conditions and operations, where it is crucial to emphasize a heightened concentration on the associated security and privacy risks. To be more specific, the adoption of digital twins in the manufacturing industry relies on integrating technologies like cyber-physical systems, the Industrial Internet of Things, virtualization, and advanced manufacturing. The interactions of these technologies give rise to numerous security and privacy vulnerabilities that remain inadequately explored. Towards that end, this paper analyzes the cybersecurity threats of digital twins for advanced manufacturing in the context of data collection, data sharing, machine learning and deep learning, and system-level security and privacy. We also provide several solutions to the threats in those four categories that can help establish more trust in digital twins.",industry digital twin one emerging technologies offering simulation abilities predict refine interpret conditions operations crucial emphasize heightened concentration associated security privacy risks specific adoption digital twins manufacturing industry relies integrating technologies like cyberphysical systems industrial internet things virtualization advanced manufacturing interactions technologies give rise numerous security privacy vulnerabilities remain inadequately explored towards end paper analyzes cybersecurity threats digital twins advanced manufacturing context data collection data sharing machine learning deep learning systemlevel security privacy also provide several solutions threats four categories help establish trust digital twins,,0.917,,
manufacturing,Academic Paper,arXiv Repository,Generation of Asset Administration Shell with Large Language Model Agents: Toward Semantic Interoperability in Digital Twins in the Context of Industry 4.0,"This research introduces a novel approach for achieving semantic interoperability in digital twins and assisting the creation of Asset Administration Shell (AAS) as digital twin model within the context of Industry 4.0. The foundational idea of our research is that the communication based on semantics and the generation of meaningful textual data are directly linked, and we posit that these processes are equivalent if the exchanged information can be serialized in text form. Based on this, we construct a ""semantic node"" data structure in our research to capture the semantic essence of textual data. Then, a system powered by large language models is designed and implemented to process the ""semantic node"" and generate standardized digital twin models from raw textual data collected from datasheets describing technical assets. Our evaluation demonstrates an effective generation rate of 62-79%, indicating a substantial proportion of the information from the source text can be translated error-free to the target digital twin instance model with the generative capability of large language models. This result has a direct application in the context of Industry 4.0, and the designed system is implemented as a data model generation tool for reducing the manual effort in creating AAS model. In our evaluation, a comparative analysis of different LLMs and an in-depth ablation study of Retrieval-Augmented Generation (RAG) mechanisms provide insights into the effectiveness of LLM systems for interpreting technical concepts and translating data. Our findings emphasize LLMs' capability to automate AAS instance creation and contribute to the broader field of semantic interoperability for digital twins in industrial applications. The prototype implementation and evaluation results are presented on our GitHub Repository: https://github.com/YuchenXia/AASbyLLM.",research introduces novel approach achieving semantic interoperability digital twins assisting creation asset administration shell aas digital twin model within context industry foundational idea research communication based semantics generation meaningful textual data directly linked posit processes equivalent exchanged information serialized text form based construct semantic node data structure research capture semantic essence textual data system powered large language models designed implemented process semantic node generate standardized digital twin models raw textual data collected datasheets describing technical assets evaluation demonstrates effective generation rate indicating substantial proportion information source text translated errorfree target digital twin instance model generative capability large language models result direct application context industry designed system implemented data model generation tool reducing manual effort creating aas model evaluation comparative analysis different llms indepth ablation study retrievalaugmented generation rag mechanisms provide insights effectiveness llm systems interpreting technical concepts translating data findings emphasize llms capability automate aas instance creation contribute broader field semantic interoperability digital twins industrial applications prototype implementation evaluation results presented github repository,,,0.979,
manufacturing,Academic Paper,arXiv Repository,Real-Time Decision-Making for Digital Twin in Additive Manufacturing with Model Predictive Control using Time-Series Deep Neural Networks,"Digital Twin -- a virtual replica of a physical system enabling real-time monitoring, model updating, prediction, and decision-making -- combined with recent advances in machine learning, offers new opportunities for proactive control strategies in autonomous manufacturing. However, achieving real-time decision-making with Digital Twins requires efficient optimization driven by accurate predictions of highly nonlinear manufacturing systems. This paper presents a simultaneous multi-step Model Predictive Control (MPC) framework for real-time decision-making, using a multivariate deep neural network, named Time-Series Dense Encoder (TiDE), as the surrogate model. Unlike conventional MPC models which only provide one-step ahead prediction, TiDE is capable of predicting future states within the prediction horizon in one shot (multi-step), significantly accelerating the MPC. Using Directed Energy Deposition (DED) additive manufacturing as a case study, we demonstrate the effectiveness of the proposed MPC in achieving melt pool temperature tracking to ensure part quality, while reducing porosity defects by regulating laser power to maintain melt pool depth constraints. In this work, we first show that TiDE is capable of accurately predicting melt pool temperature and depth. Second, we demonstrate that the proposed MPC achieves precise temperature tracking while satisfying melt pool depth constraints within a targeted dilution range (10\%-30\%), reducing potential porosity defects. Compared to PID controller, the MPC results in smoother and less fluctuating laser power profiles with competitive or superior melt pool temperature control performance. This demonstrates the MPC's proactive control capabilities, leveraging time-series prediction and real-time optimization, positioning it as a powerful tool for future Digital Twin applications and real-time process optimization in manufacturing.",digital twin virtual replica physical system enabling realtime monitoring model updating prediction decisionmaking combined recent advances machine learning offers new opportunities proactive control strategies autonomous manufacturing however achieving realtime decisionmaking digital twins requires efficient optimization driven accurate predictions highly nonlinear manufacturing systems paper presents simultaneous multistep model predictive control mpc framework realtime decisionmaking using multivariate deep neural network named timeseries dense encoder tide surrogate model unlike conventional mpc models provide onestep ahead prediction tide capable predicting future states within prediction horizon one shot multistep significantly accelerating mpc using directed energy deposition ded additive manufacturing case study demonstrate effectiveness proposed mpc achieving melt pool temperature tracking ensure part quality reducing porosity defects regulating laser power maintain melt pool depth constraints work first show tide capable accurately predicting melt pool temperature depth second demonstrate proposed mpc achieves precise temperature tracking satisfying melt pool depth constraints within targeted dilution range reducing potential porosity defects compared pid controller mpc results smoother less fluctuating laser power profiles competitive superior melt pool temperature control performance demonstrates mpcs proactive control capabilities leveraging timeseries prediction realtime optimization positioning powerful tool future digital twin applications realtime process optimization manufacturing,,,,0.984
manufacturing,Academic Paper,arXiv Repository,Mixed Reality Interface for Digital Twin of Plant Factory,"An easier and intuitive interface architecture is necessary for digital twin of plant factory. I suggest an immersive and interactive mixed reality interface for digital twin models of smart farming, for remote work rather than simulation of components. The environment is constructed with UI display and a streaming background scene, which is a real time scene taken from camera device located in the plant factory, processed with deformable neural radiance fields. User can monitor and control the remote plant factory facilities with HMD or 2D display based mixed reality environment. This paper also introduces detailed concept and describes the system architecture to implement suggested mixed reality interface.",easier intuitive interface architecture necessary digital twin plant factory suggest immersive interactive mixed reality interface digital twin models smart farming remote work rather simulation components environment constructed ui display streaming background scene real time scene taken camera device located plant factory processed deformable neural radiance fields user monitor control remote plant factory facilities hmd display based mixed reality environment paper also introduces detailed concept describes system architecture implement suggested mixed reality interface,,,,
manufacturing,Academic Paper,arXiv Repository,"Leveraging Industry 4.0 -- Deep Learning, Surrogate Model and Transfer Learning with Uncertainty Quantification Incorporated into Digital Twin for Nuclear System","Industry 4.0 targets the conversion of the traditional industries into intelligent ones through technological revolution. This revolution is only possible through innovation, optimization, interconnection, and rapid decision-making capability. Numerical models are believed to be the key components of Industry 4.0, facilitating quick decision-making through simulations instead of costly experiments. However, numerical investigation of precise, high-fidelity models for optimization or decision-making is usually time-consuming and computationally expensive. In such instances, data-driven surrogate models are excellent substitutes for fast computational analysis and the probabilistic prediction of the output parameter for new input parameters. The emergence of Internet of Things (IoT) and Machine Learning (ML) has made the concept of surrogate modeling even more viable. However, these surrogate models contain intrinsic uncertainties, originate from modeling defects, or both. These uncertainties, if not quantified and minimized, can produce a skewed result. Therefore, proper implementation of uncertainty quantification techniques is crucial during optimization, cost reduction, or safety enhancement processes analysis. This chapter begins with a brief overview of the concept of surrogate modeling, transfer learning, IoT and digital twins. After that, a detailed overview of uncertainties, uncertainty quantification frameworks, and specifics of uncertainty quantification methodologies for a surrogate model linked to a digital twin is presented. Finally, the use of uncertainty quantification approaches in the nuclear industry has been addressed.",industry targets conversion traditional industries intelligent ones technological revolution revolution possible innovation optimization interconnection rapid decisionmaking capability numerical models believed key components industry facilitating quick decisionmaking simulations instead costly experiments however numerical investigation precise highfidelity models optimization decisionmaking usually timeconsuming computationally expensive instances datadriven surrogate models excellent substitutes fast computational analysis probabilistic prediction output parameter new input parameters emergence internet things iot machine learning ml made concept surrogate modeling even viable however surrogate models contain intrinsic uncertainties originate modeling defects uncertainties quantified minimized produce skewed result therefore proper implementation uncertainty quantification techniques crucial optimization cost reduction safety enhancement processes analysis chapter begins brief overview concept surrogate modeling transfer learning iot digital twins detailed overview uncertainties uncertainty quantification frameworks specifics uncertainty quantification methodologies surrogate model linked digital twin presented finally use uncertainty quantification approaches nuclear industry addressed,0.25,,,
manufacturing,Academic Paper,arXiv Repository,Digital Twins for Industry 4.0 in the 6G Era,"Having the Fifth Generation (5G) mobile communication system recently rolled out in many countries, the wireless community is now setting its eyes on the next era of Sixth Generation (6G). Inheriting from 5G its focus on industrial use cases, 6G is envisaged to become the infrastructural backbone of future intelligent industry. Especially, a combination of 6G and the emerging technologies of Digital Twins (DT) will give impetus to the next evolution of Industry 4.0 (I4.0) systems. This article provides a survey in the research area of 6G-empowered industrial DT system. With a novel vision of 6G industrial DT ecosystem, this survey discusses the ambitions and potential applications of industrial DT in the 6G era, identifying the emerging challenges as well as the key enabling technologies. The introduced ecosystem is supposed to bridge the gaps between humans, machines, and the data infrastructure, and therewith enable numerous novel application scenarios.",fifth generation g mobile communication system recently rolled many countries wireless community setting eyes next era sixth generation g inheriting g focus industrial use cases g envisaged become infrastructural backbone future intelligent industry especially combination g emerging technologies digital twins dt give impetus next evolution industry systems article provides survey research area gempowered industrial dt system novel vision g industrial dt ecosystem survey discusses ambitions potential applications industrial dt g era identifying emerging challenges well key enabling technologies introduced ecosystem supposed bridge gaps humans machines data infrastructure therewith enable numerous novel application scenarios,,,0.875,
manufacturing,Academic Paper,arXiv Repository,Ubiquitous knowledge empowers the Smart Factory: The impacts of a Service-oriented Digital Twin on enterprises' performance,"While the Industry 4.0 is idolizing the potential of an artificial intelligence embedded into ""things"", it is neglecting the role of the human component, which is still indispensable in different manufacturing activities, such as a machine setup or maintenance operations. The present research study first proposes an Industrial Internet pyramid as emergent human-centric manufacturing paradigm within Industry 4.0 in which central is the role of a Ubiquitous Knowledge about the manufacturing system intuitively accessed and used by the manufacturing employees. Second, the prototype of a Service-oriented Digital Twin, which leverage on a flexible ontology-oriented knowledge structure and on augmented reality combined to a vocal interaction system for an intuitive knowledge retrieval and fruition, has been designed and developed to deliver this manufacturing knowledge. Two test-beds, complimentary for the problems in practice (the former on the maintenance-production interface in a large enterprise, the latter majorly focused in production and setups in a small and medium enterprise), show the significant benefits in terms of time, costs and process quality, thus validating the approach proposed. This research shows that a human-centric and knowledge-driven approach can drive the performance of Industry 4.0 initiatives and lead a Smart Factory towards its full potential.",industry idolizing potential artificial intelligence embedded things neglecting role human component still indispensable different manufacturing activities machine setup maintenance operations present research study first proposes industrial internet pyramid emergent humancentric manufacturing paradigm within industry central role ubiquitous knowledge manufacturing system intuitively accessed used manufacturing employees second prototype serviceoriented digital twin leverage flexible ontologyoriented knowledge structure augmented reality combined vocal interaction system intuitive knowledge retrieval fruition designed developed deliver manufacturing knowledge two testbeds complimentary problems practice former maintenanceproduction interface large enterprise latter majorly focused production setups small medium enterprise show significant benefits terms time costs process quality thus validating approach proposed research shows humancentric knowledgedriven approach drive performance industry initiatives lead smart factory towards full potential,0.917,,,
manufacturing,Academic Paper,arXiv Repository,Ontologies in Digital Twins: A Systematic Literature Review,"Digital Twins (DT) facilitate monitoring and reasoning processes in cyber-physical systems. They have progressively gained popularity over the past years because of intense research activity and industrial advancements. Cognitive Twins is a novel concept, recently coined to refer to the involvement of Semantic Web technology in DTs. Recent studies address the relevance of ontologies and knowledge graphs in the context of DTs, in terms of knowledge representation, interoperability and automatic reasoning. However, there is no comprehensive analysis of how semantic technologies, and specifically ontologies, are utilized within DTs. This Systematic Literature Review (SLR) is based on the analysis of 82 research articles, that either propose or benefit from ontologies with respect to DT. The paper uses different analysis perspectives, including a structural analysis based on a reference DT architecture, and an application-specific analysis to specifically address the different domains, such as Manufacturing and Infrastructure. The review also identifies open issues and possible research directions on the usage of ontologies and knowledge graphs in DTs.",digital twins dt facilitate monitoring reasoning processes cyberphysical systems progressively gained popularity past years intense research activity industrial advancements cognitive twins novel concept recently coined refer involvement semantic web technology dts recent studies address relevance ontologies knowledge graphs context dts terms knowledge representation interoperability automatic reasoning however comprehensive analysis semantic technologies specifically ontologies utilized within dts systematic literature review slr based analysis research articles either propose benefit ontologies respect dt paper uses different analysis perspectives including structural analysis based reference dt architecture applicationspecific analysis specifically address different domains manufacturing infrastructure review also identifies open issues possible research directions usage ontologies knowledge graphs dts,,0.937,0.937,
manufacturing,Academic Paper,arXiv Repository,"About Digital Twins, agents, and multiagent systems: a cross-fertilisation journey","Digital Twins (DTs) are rapidly emerging as a fundamental brick of engineering cyber-physical systems, but their notion is still mostly bound to specific business domains (e.g. manufacturing), goals (e.g. product design), or application domains (e.g. the Internet of Things). As such, their value as general purpose engineering abstractions is yet to be fully revealed. In this paper, we relate DTs with agents and multiagent systems, as the latter are arguably the most rich abstractions available for the engineering of complex socio-technical and cyber-physical systems, and the former could both fill in some gaps in agent-oriented engineering and benefit from an agent-oriented interpretation -- in a cross-fertilisation journey.",digital twins dts rapidly emerging fundamental brick engineering cyberphysical systems notion still mostly bound specific business domains eg manufacturing goals eg product design application domains eg internet things value general purpose engineering abstractions yet fully revealed paper relate dts agents multiagent systems latter arguably rich abstractions available engineering complex sociotechnical cyberphysical systems former could fill gaps agentoriented engineering benefit agentoriented interpretation crossfertilisation journey,,0.791,,
manufacturing,Academic Paper,arXiv Repository,Towards Smart Manufacturing Metaverse via Digital Twinning in Extended Reality,"The rapid evolution of modern manufacturing systems is driven by the integration of emerging metaverse technologies such as artificial intelligence (AI), digital twin (DT) with different forms of extended reality (XR) like virtual reality (VR), augmented reality (AR), and mixed reality (MR). These advances confront manufacturing workers with complex and evolving environments that demand digital literacy for problem solving in the future workplace. However, manufacturing industry faces a critical shortage of skilled workforce with digital literacy in the world. Further, global pandemic has significantly changed how people work and collaborate digitally and remotely. There is an urgent need to rethink digital platformization and leverage emerging technologies to propel industrial evolution toward human-centered manufacturing metaverse (MfgVerse). This paper presents a forward-looking perspective on the development of smart MfgVerse, highlighting current efforts in learning factory, cognitive digital twinning, and the new sharing economy of manufacturing-as-a-service (MaaS). MfgVerse is converging into multiplex networks, including a social network of human stakeholders, an interconnected network of manufacturing things or agents (e.g., machines, robots, facilities, material handling systems), a network of digital twins of physical things, as well as auxiliary networks of sales, supply chain, logistics, and remanufacturing systems. We also showcase the design and development of a learning factory for workforce training in extended reality. Finally, future directions, challenges, and opportunities are discussed for human-centered manufacturing metaverse. We hope this work helps stimulate more comprehensive studies and in-depth research efforts to advance MfgVerse technologies.",rapid evolution modern manufacturing systems driven integration emerging metaverse technologies artificial intelligence ai digital twin dt different forms extended reality xr like virtual reality vr augmented reality ar mixed reality mr advances confront manufacturing workers complex evolving environments demand digital literacy problem solving future workplace however manufacturing industry faces critical shortage skilled workforce digital literacy world global pandemic significantly changed people work collaborate digitally remotely urgent need rethink digital platformization leverage emerging technologies propel industrial evolution toward humancentered manufacturing metaverse mfgverse paper presents forwardlooking perspective development smart mfgverse highlighting current efforts learning factory cognitive digital twinning new sharing economy manufacturingasaservice maas mfgverse converging multiplex networks including social network human stakeholders interconnected network manufacturing things agents eg machines robots facilities material handling systems network digital twins physical things well auxiliary networks sales supply chain logistics remanufacturing systems also showcase design development learning factory workforce training extended reality finally future directions challenges opportunities discussed humancentered manufacturing metaverse hope work helps stimulate comprehensive studies indepth research efforts advance mfgverse technologies,,,0.955,
manufacturing,Academic Paper,arXiv Repository,Digital Twins and Their Applications in Modeling Different Levels of Manufacturing Systems: A Review,"Digital Twin (DT) has gained great interest as an innovative technology in Industry 4.0 that enables advanced modeling, simulation, and optimization of service and manufacturing systems. This article provides an extensive review of the literature on digital twins (DTs) and their utilization at the levels of product/production line, production system, and enterprise, and considers how they have been applied under real industrial conditions. This article classifies the types of DTs as well as modeling technologies of DT and applications in different fields, with particular focus on the research of strengths and limitations of Discrete Event Simulation (DES) for systems modelling. A generic structure for DT is proposed, outlining the essential components and flow of data. Case studies demonstrate the benefits of DTs for increased efficiency, reduced downtime, and improved lifecycle management, as well as challenges caused by the complexity of data integration and cybersecurity risk, and high implementation costs. This paper contributes to the growing body of knowledge by identifying both the opportunities and barriers to widespread DT adoption. This study concludes that while DTs offer transformative capabilities for enhancing efficiency and decision-making, overcoming these challenges is crucial for realizing their widespread adoption and impact across service and manufacturing sectors.",digital twin dt gained great interest innovative technology industry enables advanced modeling simulation optimization service manufacturing systems article provides extensive review literature digital twins dts utilization levels productproduction line production system enterprise considers applied real industrial conditions article classifies types dts well modeling technologies dt applications different fields particular focus research strengths limitations discrete event simulation des systems modelling generic structure dt proposed outlining essential components flow data case studies demonstrate benefits dts increased efficiency reduced downtime improved lifecycle management well challenges caused complexity data integration cybersecurity risk high implementation costs paper contributes growing body knowledge identifying opportunities barriers widespread dt adoption study concludes dts offer transformative capabilities enhancing efficiency decisionmaking overcoming challenges crucial realizing widespread adoption impact across service manufacturing sectors,0.988,0.988,0.988,
manufacturing,Academic Paper,arXiv Repository,A Model-Based Approach to Automated Digital Twin Generation in Manufacturing,"Modern manufacturing demands high flexibility and reconfigurability to adapt to dynamic production needs. Model-based Engineering (MBE) supports rapid production line design, but final reconfiguration requires simulations and validation. Digital Twins (DTs) streamline this process by enabling real-time monitoring, simulation, and reconfiguration. This paper presents a novel platform that automates DT generation and deployment using AutomationML-based factory plans. The platform closes the loop with a GAI-powered simulation scenario generator and automatic physical line reconfiguration, enhancing efficiency and adaptability in manufacturing.",modern manufacturing demands high flexibility reconfigurability adapt dynamic production needs modelbased engineering mbe supports rapid production line design final reconfiguration requires simulations validation digital twins dts streamline process enabling realtime monitoring simulation reconfiguration paper presents novel platform automates dt generation deployment using automationmlbased factory plans platform closes loop gaipowered simulation scenario generator automatic physical line reconfiguration enhancing efficiency adaptability manufacturing,,,,
manufacturing,Academic Paper,arXiv Repository,"From Digital Twins to Digital Twin Prototypes: Concepts, Formalization, and Applications","The transformation to Industry 4.0 also transforms the processes of how we develop intelligent manufacturing production systems. To advance the software development of these new (embedded) software systems, digital twins may be employed. However, there is no consensual definition of what a digital twin is. In this paper, we give an overview of the current state of the digital twin concept and formalize the digital twin concept using the Object-Z notation. This formalization includes the concepts of physical twins, digital models, digital templates, digital threads, digital shadows, digital twins, and digital twin prototypes. The relationships between all these concepts are visualized as UML class diagrams.   Our digital twin prototype (DTP) approach supports engineers during the development and automated testing of complex embedded software systems. This approach enable engineers to test embedded software systems in a virtual context, without the need of a connection to a physical object. In continuous integration / continuous deployment pipelines such digital twin prototypes can be used for automated integration testing and, thus, allow for an agile verification and validation process.   In this paper, we demonstrate and report on how to apply and implement a digital twin by the example of two real-world field studies (ocean observation systems and smart farming). For independent replication and extension of our approach by other researchers, we provide a lab study published open source on GitHub.",transformation industry also transforms processes develop intelligent manufacturing production systems advance software development new embedded software systems digital twins may employed however consensual definition digital twin paper give overview current state digital twin concept formalize digital twin concept using objectz notation formalization includes concepts physical twins digital models digital templates digital threads digital shadows digital twins digital twin prototypes relationships concepts visualized uml class diagrams digital twin prototype dtp approach supports engineers development automated testing complex embedded software systems approach enable engineers test embedded software systems virtual context without need connection physical object continuous integration continuous deployment pipelines digital twin prototypes used automated integration testing thus allow agile verification validation process paper demonstrate report apply implement digital twin example two realworld field studies ocean observation systems smart farming independent replication extension approach researchers provide lab study published open source github,,,0.844,
manufacturing,Academic Paper,arXiv Repository,A graph-based knowledge representation and pattern mining supporting the Digital Twin creation of existing manufacturing systems,"The creation of a Digital Twin for existing manufacturing systems, so-called brownfield systems, is a challenging task due to the needed expert knowledge about the structure of brownfield systems and the effort to realize the digital models. Several approaches and methods have already been proposed that at least partially digitalize the information about a brownfield manufacturing system. A Digital Twin requires linked information from multiple sources. This paper presents a graph-based approach to merge information from heterogeneous sources. Furthermore, the approach provides a way to automatically identify templates using graph structure analysis to facilitate further work with the resulting Digital Twin and its further enhancement.",creation digital twin existing manufacturing systems socalled brownfield systems challenging task due needed expert knowledge structure brownfield systems effort realize digital models several approaches methods already proposed least partially digitalize information brownfield manufacturing system digital twin requires linked information multiple sources paper presents graphbased approach merge information heterogeneous sources furthermore approach provides way automatically identify templates using graph structure analysis facilitate work resulting digital twin enhancement,,,,
manufacturing,Academic Paper,arXiv Repository,Status and Future Prospects of the Standardization Framework Industry 4.0: A European Perspective,"The rapid development of Industry 4.0 technologies requires robust and comprehensive standardization to ensure interoperability, safety and efficiency in the Industry of the Future. This paper examines the fundamental role and functionality of standardization, with a particular focus on its importance in Europe's regulatory framework. Based on this, selected topics in context of standardization activities in context intelligent manufacturing and digital twins are highlighted and, by that, an overview of the Industry 4.0 standards framework is provided. This paper serves both as an informative guide to the existing standards in Industry 4.0 with respect to Artificial Intelligence and Digital Twins, and as a call to action for increased cooperation between standardization bodies and the research community. By fostering such collaboration, we aim to facilitate the continued development and implementation of standards that will drive innovation and progress in the manufacturing sector.",rapid development industry technologies requires robust comprehensive standardization ensure interoperability safety efficiency industry future paper examines fundamental role functionality standardization particular focus importance europes regulatory framework based selected topics context standardization activities context intelligent manufacturing digital twins highlighted overview industry standards framework provided paper serves informative guide existing standards industry respect artificial intelligence digital twins call action increased cooperation standardization bodies research community fostering collaboration aim facilitate continued development implementation standards drive innovation progress manufacturing sector,,,0.981,
manufacturing,Academic Paper,arXiv Repository,"Personalized Education with Generative AI and Digital Twins: VR, RAG, and Zero-Shot Sentiment Analysis for Industry 4.0 Workforce Development","The Fourth Industrial Revolution (4IR) technologies, such as cloud computing, machine learning, and AI, have improved productivity but introduced challenges in workforce training and reskilling. This is critical given existing workforce shortages, especially in marginalized communities like Underrepresented Minorities (URM), who often lack access to quality education. Addressing these challenges, this research presents gAI-PT4I4, a Generative AI-based Personalized Tutor for Industrial 4.0, designed to personalize 4IR experiential learning. gAI-PT4I4 employs sentiment analysis to assess student comprehension, leveraging generative AI and finite automaton to tailor learning experiences. The framework integrates low-fidelity Digital Twins for VR-based training, featuring an Interactive Tutor - a generative AI assistant providing real-time guidance via audio and text. It uses zero-shot sentiment analysis with LLMs and prompt engineering, achieving 86\% accuracy in classifying student-teacher interactions as positive or negative. Additionally, retrieval-augmented generation (RAG) enables personalized learning content grounded in domain-specific knowledge. To adapt training dynamically, finite automaton structures exercises into states of increasing difficulty, requiring 80\% task-performance accuracy for progression. Experimental evaluation with 22 volunteers showed improved accuracy exceeding 80\%, reducing training time. Finally, this paper introduces a Multi-Fidelity Digital Twin model, aligning Digital Twin complexity with Bloom's Taxonomy and Kirkpatrick's model, providing a scalable educational framework.",fourth industrial revolution ir technologies cloud computing machine learning ai improved productivity introduced challenges workforce training reskilling critical given existing workforce shortages especially marginalized communities like underrepresented minorities urm often lack access quality education addressing challenges research presents gaipti generative aibased personalized tutor industrial designed personalize ir experiential learning gaipti employs sentiment analysis assess student comprehension leveraging generative ai finite automaton tailor learning experiences framework integrates lowfidelity digital twins vrbased training featuring interactive tutor generative ai assistant providing realtime guidance via audio text uses zeroshot sentiment analysis llms prompt engineering achieving accuracy classifying studentteacher interactions positive negative additionally retrievalaugmented generation rag enables personalized learning content grounded domainspecific knowledge adapt training dynamically finite automaton structures exercises states increasing difficulty requiring taskperformance accuracy progression experimental evaluation volunteers showed improved accuracy exceeding reducing training time finally paper introduces multifidelity digital twin model aligning digital twin complexity blooms taxonomy kirkpatricks model providing scalable educational framework,,,0.656,
manufacturing,Academic Paper,arXiv Repository,Benchmarking Sim2Real Gap: High-fidelity Digital Twinning of Agile Manufacturing,"As the manufacturing industry shifts from mass production to mass customization, there is a growing emphasis on adopting agile, resilient, and human-centric methodologies in line with the directives of Industry 5.0. Central to this transformation is the deployment of digital twins, a technology that digitally replicates manufacturing assets to enable enhanced process optimization, predictive maintenance, synthetic data generation, and accelerated customization and prototyping. This chapter delves into the technologies underpinning the creation of digital twins specifically tailored to agile manufacturing scenarios within the realm of robotic automation. It explores the transfer of trained policies and process optimizations from simulated settings to real-world applications through advanced techniques such as domain randomization, domain adaptation, curriculum learning, and model-based system identification. The chapter also examines various industrial manufacturing automation scenarios, including bin-picking, part inspection, and product assembly, under Sim2Real conditions. The performance of digital twin technologies in these scenarios is evaluated using practical metrics including data latency, adaptation rate, simulation fidelity among others reported, providing a comprehensive assessment of their efficacy and potential impact on modern manufacturing processes.",manufacturing industry shifts mass production mass customization growing emphasis adopting agile resilient humancentric methodologies line directives industry central transformation deployment digital twins technology digitally replicates manufacturing assets enable enhanced process optimization predictive maintenance synthetic data generation accelerated customization prototyping chapter delves technologies underpinning creation digital twins specifically tailored agile manufacturing scenarios within realm robotic automation explores transfer trained policies process optimizations simulated settings realworld applications advanced techniques domain randomization domain adaptation curriculum learning modelbased system identification chapter also examines various industrial manufacturing automation scenarios including binpicking part inspection product assembly simreal conditions performance digital twin technologies scenarios evaluated using practical metrics including data latency adaptation rate simulation fidelity among others reported providing comprehensive assessment efficacy potential impact modern manufacturing processes,,,0.875,
manufacturing,Academic Paper,arXiv Repository,Drone-based AI and 3D Reconstruction for Digital Twin Augmentation,"Digital Twin is an emerging technology at the forefront of Industry 4.0, with the ultimate goal of combining the physical space and the virtual space. To date, the Digital Twin concept has been applied in many engineering fields, providing useful insights in the areas of engineering design, manufacturing, automation, and construction industry. While the nexus of various technologies opens up new opportunities with Digital Twin, the technology requires a framework to integrate the different technologies, such as the Building Information Model used in the Building and Construction industry. In this work, an Information Fusion framework is proposed to seamlessly fuse heterogeneous components in a Digital Twin framework from the variety of technologies involved. This study aims to augment Digital Twin in buildings with the use of AI and 3D reconstruction empowered by unmanned aviation vehicles. We proposed a drone-based Digital Twin augmentation framework with reusable and customisable components. A proof of concept is also developed, and extensive evaluation is conducted for 3D reconstruction and applications of AI for defect detection.",digital twin emerging technology forefront industry ultimate goal combining physical space virtual space date digital twin concept applied many engineering fields providing useful insights areas engineering design manufacturing automation construction industry nexus various technologies opens new opportunities digital twin technology requires framework integrate different technologies building information model used building construction industry work information fusion framework proposed seamlessly fuse heterogeneous components digital twin framework variety technologies involved study aims augment digital twin buildings use ai reconstruction empowered unmanned aviation vehicles proposed dronebased digital twin augmentation framework reusable customisable components proof concept also developed extensive evaluation conducted reconstruction applications ai defect detection,,,,
manufacturing,Academic Paper,arXiv Repository,Digital twin inference from multi-physical simulation data of DED additive manufacturing processes with neural ODEs,"A digital twin is a virtual representation that accurately replicates its physical counterpart, fostering bi-directional real-time data exchange throughout the entire process lifecycle. For Laser Directed Energy Deposition of Wire (DED-LB/w) additive manufacturing processes, digital twins may help to control the residual stress design in build parts. This study focuses on providing faster-than-real-time and highly accurate surrogate models for the formation of residual stresses by employing neural ordinary differential equations. The approach enables accurate prediction of temperatures and altered structural properties like stress tensor components. The developed surrogates can ultimately facilitate on-the-fly re-optimization of the ongoing manufacturing process to achieve desired structural outcomes. Consequently, this building block contributes significantly to realizing digital twins and the first-time-right paradigm in additive manufacturing.",digital twin virtual representation accurately replicates physical counterpart fostering bidirectional realtime data exchange throughout entire process lifecycle laser directed energy deposition wire dedlbw additive manufacturing processes digital twins may help control residual stress design build parts study focuses providing fasterthanrealtime highly accurate surrogate models formation residual stresses employing neural ordinary differential equations approach enables accurate prediction temperatures altered structural properties like stress tensor components developed surrogates ultimately facilitate onthefly reoptimization ongoing manufacturing process achieve desired structural outcomes consequently building block contributes significantly realizing digital twins firsttimeright paradigm additive manufacturing,,,,-0.477
manufacturing,Academic Paper,arXiv Repository,Metrology and Manufacturing-Integrated Digital Twin (MM-DT) for Advanced Manufacturing: Insights from CMM and FARO Arm Measurements,"Metrology, the science of measurement, plays a key role in Advanced Manufacturing (AM) to ensure quality control, process optimization, and predictive maintenance. However, it has often been overlooked in AM domains due to the current focus on automation and the complexity of integrated precise measurement systems. Over the years, Digital Twin (DT) technology in AM has gained much attention due to its potential to address these challenges through physical data integration and real-time monitoring, though its use in metrology remains limited. Taking this into account, this study proposes a novel framework, the Metrology and Manufacturing-Integrated Digital Twin (MM-DT), which focuses on data from two metrology tools, collected from Coordinate Measuring Machines (CMM) and FARO Arm devices. Throughout this process, we measured 20 manufacturing parts, with each part assessed twice under different temperature conditions. Using Ensemble Machine Learning methods, our proposed approach predicts measurement deviations accurately, achieving an R2 score of 0.91 and reducing the Root Mean Square Error (RMSE) to 1.59 micrometers. Our MM-DT framework demonstrates its efficiency by improving metrology processes and offers valuable insights for researchers and practitioners who aim to increase manufacturing precision and quality.",metrology science measurement plays key role advanced manufacturing ensure quality control process optimization predictive maintenance however often overlooked domains due current focus automation complexity integrated precise measurement systems years digital twin dt technology gained much attention due potential address challenges physical data integration realtime monitoring though use metrology remains limited taking account study proposes novel framework metrology manufacturingintegrated digital twin mmdt focuses data two metrology tools collected coordinate measuring machines cmm faro arm devices throughout process measured manufacturing parts part assessed twice different temperature conditions using ensemble machine learning methods proposed approach predicts measurement deviations accurately achieving r score reducing root mean square error rmse micrometers mmdt framework demonstrates efficiency improving metrology processes offers valuable insights researchers practitioners aim increase manufacturing precision quality,,,0.955,
manufacturing,Academic Paper,arXiv Repository,IoT-Enhanced CNN-Based Labelled Crack Detection for Additive Manufacturing Image Annotation in Industry 4.0,"This paper presents an IoT-enhanced deep learning framework for automated crack detection in Additive Manufacturing (AM) surfaces using convolutional neural networks (CNNs). By integrating IoT-enabled real-time monitoring, high-resolution imaging, and edge computing, the system enables continuous in-situ defect detection and classification. Real-time data acquisition supports immediate CNN-based analysis, improving both accuracy and efficiency in AM quality control. The framework supports supervised and semi-supervised learning, enabling robust performance on large, sparsely annotated datasets. Using LabelImg for annotation and OpenCV for preprocessing, the system achieves 99.54% accuracy on 14,982 images, with 96% precision, 98% recall, and a 97% F1-score. Dataset balancing and augmentation significantly improve generalization, increasing accuracy from 32% to 99%. Beyond detection, the framework establishes a linkage between AM process parameters, defect formation, and surface topology, supporting predictive analytics and defect mitigation. Aligned with Industry 4.0, it incorporates Digital Twin (DT) technology for real-time process simulation, predictive maintenance, and adaptive control. Key contributions include an IoT-based monitoring system using edge devices (Raspberry Pi 4B), an optimized CNN with model quantization and batch processing reducing inference latency by 47%, and an MQTT-based low-latency data streaming system with 5G connectivity, lowering transmission overhead by 35%. DT integration further enables predictive defect analysis and dynamic adjustment of AM parameters. This work advances intelligent AM quality control by providing a scalable, high-accuracy, and low-latency framework. Future directions include multimodal data fusion, hybrid architectures, and enhanced Digital Twin simulations for AI-driven defect prevention.",paper presents iotenhanced deep learning framework automated crack detection additive manufacturing surfaces using convolutional neural networks cnns integrating iotenabled realtime monitoring highresolution imaging edge computing system enables continuous insitu defect detection classification realtime data acquisition supports immediate cnnbased analysis improving accuracy efficiency quality control framework supports supervised semisupervised learning enabling robust performance large sparsely annotated datasets using labelimg annotation opencv preprocessing system achieves accuracy images precision recall fscore dataset balancing augmentation significantly improve generalization increasing accuracy beyond detection framework establishes linkage process parameters defect formation surface topology supporting predictive analytics defect mitigation aligned industry incorporates digital twin dt technology realtime process simulation predictive maintenance adaptive control key contributions include iotbased monitoring system using edge devices raspberry pi b optimized cnn model quantization batch processing reducing inference latency mqttbased lowlatency data streaming system g connectivity lowering transmission overhead dt integration enables predictive defect analysis dynamic adjustment parameters work advances intelligent quality control providing scalable highaccuracy lowlatency framework future directions include multimodal data fusion hybrid architectures enhanced digital twin simulations aidriven defect prevention,,,0.92,
manufacturing,Academic Paper,arXiv Repository,Digital Twin Enabled Smart Control Engineering as an Industrial AI: A New Framework and A Case Study,"In the way towards Industry 4.0, the complexity of the industrial systems increases due to the presence of multiple agents, Cyber-Physical Systems, distributed sensing, and big data introducing unknown dynamics that affect the production goals of the manufacturing processes. Thus, Digital Twin is a breaking technology corresponding to the capacity of developing a virtual representation of any complex system in order to perform design, analysis, and behavior prediction tasks that enhance the understanding of these systems through new enabling capabilities like real-time analytics, parallel sensing, or Smart Control Engineering. In this paper, a novel framework is proposed for the design and implementation of Digital Twin applications to the development of Smart Control Engineering. The steps of this framework involve system documentation, multidomain simulation, behavioral matching, and real-time monitoring. This framework is applied to develop the Digital Twin for a real-time vision feedback infrared temperature uniformity control. The obtained results show that Digital Twin is a fundamental part of the transformation into Industry 4.0.",way towards industry complexity industrial systems increases due presence multiple agents cyberphysical systems distributed sensing big data introducing unknown dynamics affect production goals manufacturing processes thus digital twin breaking technology corresponding capacity developing virtual representation complex system order perform design analysis behavior prediction tasks enhance understanding systems new enabling capabilities like realtime analytics parallel sensing smart control engineering paper novel framework proposed design implementation digital twin applications development smart control engineering steps framework involve system documentation multidomain simulation behavioral matching realtime monitoring framework applied develop digital twin realtime vision feedback infrared temperature uniformity control obtained results show digital twin fundamental part transformation industry,,0.906,,
manufacturing,Academic Paper,arXiv Repository,Digital Twins in Biopharmaceutical Manufacturing: Review and Perspective on Human-Machine Collaborative Intelligence,"The biopharmaceutical industry is increasingly developing digital twins to digitalize and automate the manufacturing process in response to the growing market demands. However, this shift presents significant challenges for human operators, as the complexity and volume of information can overwhelm their ability to manage the process effectively. These issues are compounded when digital twins are designed without considering interaction and collaboration with operators, who are responsible for monitoring processes and assessing situations, particularly during abnormalities. Our review of current trends in biopharma digital twin development reveals a predominant focus on technology and often overlooks the critical role of human operators. To bridge this gap, this article proposes a collaborative intelligence framework that emphasizes the integration of operators with digital twins. Approaches to system design that can enhance operator trust and human-machine interface usability are presented. Moreover, innovative training programs for preparing operators to understand and utilize digital twins are discussed. The framework outlined in this article aims to enhance collaboration between operators and digital twins effectively by using their full capabilities to boost resilience and productivity in biopharmaceutical manufacturing.",biopharmaceutical industry increasingly developing digital twins digitalize automate manufacturing process response growing market demands however shift presents significant challenges human operators complexity volume information overwhelm ability manage process effectively issues compounded digital twins designed without considering interaction collaboration operators responsible monitoring processes assessing situations particularly abnormalities review current trends biopharma digital twin development reveals predominant focus technology often overlooks critical role human operators bridge gap article proposes collaborative intelligence framework emphasizes integration operators digital twins approaches system design enhance operator trust humanmachine interface usability presented moreover innovative training programs preparing operators understand utilize digital twins discussed framework outlined article aims enhance collaboration operators digital twins effectively using full capabilities boost resilience productivity biopharmaceutical manufacturing,,,0.965,
manufacturing,Academic Paper,arXiv Repository,A System-Level Energy-Efficient Digital Twin Framework for Runtime Control of Batch Manufacturing Processes,"The manufacturing sector has a substantial influence on worldwide energy consumption. Therefore, improving manufacturing system energy efficiency is becoming increasingly important as the world strives to move toward a more resilient and sustainable energy paradigm. Batch processes are a major contributor to energy consumption in manufacturing systems. In batch manufacturing, a number of parts are grouped together before starting a batch process. To improve the scheduling and control of batch manufacturing processes, we propose a system-level energy-efficient Digital Twin framework that considers Time-of-Use (TOU) energy pricing for runtime decision-making. As part of this framework, we develop a model that combines batch manufacturing process dynamics and TOU-based energy cost. We also provide an optimization-based decision-making algorithm that makes batch scheduling decisions during runtime. A simulated case study showcases the benefits of the proposed framework.",manufacturing sector substantial influence worldwide energy consumption therefore improving manufacturing system energy efficiency becoming increasingly important world strives move toward resilient sustainable energy paradigm batch processes major contributor energy consumption manufacturing systems batch manufacturing number parts grouped together starting batch process improve scheduling control batch manufacturing processes propose systemlevel energyefficient digital twin framework considers timeofuse tou energy pricing runtime decisionmaking part framework develop model combines batch manufacturing process dynamics toubased energy cost also provide optimizationbased decisionmaking algorithm makes batch scheduling decisions runtime simulated case study showcases benefits proposed framework,0.973,,,0.973
manufacturing,Academic Paper,arXiv Repository,Digital Twins in Additive Manufacturing: A Systematic Review,"Digital Twins (DTs) are becoming popular in Additive Manufacturing (AM) due to their ability to create virtual replicas of physical components of AM machines, which helps in real-time production monitoring. Advanced techniques such as Machine Learning (ML), Augmented Reality (AR), and simulation-based models play key roles in developing intelligent and adaptable DTs in manufacturing processes. However, questions remain regarding scalability, the integration of high-quality data, and the computational power required for real-time applications in developing DTs. Understanding the current state of DTs in AM is essential to address these challenges and fully utilize their potential in advancing AM processes. Considering this opportunity, this work aims to provide a comprehensive overview of DTs in AM by addressing the following four research questions: (1) What are the key types of DTs used in AM and their specific applications? (2) What are the recent developments and implementations of DTs? (3) How are DTs employed in process improvement and hybrid manufacturing? (4) How are DTs integrated with Industry 4.0 technologies? By discussing current applications and techniques, we aim to offer a better understanding and potential future research directions for researchers and practitioners in AM and DTs.",digital twins dts becoming popular additive manufacturing due ability create virtual replicas physical components machines helps realtime production monitoring advanced techniques machine learning ml augmented reality ar simulationbased models play key roles developing intelligent adaptable dts manufacturing processes however questions remain regarding scalability integration highquality data computational power required realtime applications developing dts understanding current state dts essential address challenges fully utilize potential advancing processes considering opportunity work aims provide comprehensive overview dts addressing following four research questions key types dts used specific applications recent developments implementations dts dts employed process improvement hybrid manufacturing dts integrated industry technologies discussing current applications techniques aim offer better understanding potential future research directions researchers practitioners dts,,,0.976,
manufacturing,Academic Paper,arXiv Repository,Towards AI-based Sustainable and XR-based human-centric manufacturing: Implementation of ISO 23247 for digital twins of production systems,"Since the introduction of Industry 4.0, digital twin technology has significantly evolved, laying the groundwork for a transition toward Industry 5.0 principles centered on human-centricity, sustainability, and resilience. Through digital twins, real-time connected production systems are anticipated to be more efficient, resilient, and sustainable, facilitating communication and connectivity between digital and physical systems. However, environmental performance and integration with virtual reality (VR) and artificial intelligence (AI) of such systems remain challenging. Further exploration of digital twin technologies is needed to validate the real-world impact and benefits. This paper investigates these challenges by implementing a real-time digital twin based on the ISO 23247 standard, connecting the physical factory and simulation software with VR capabilities. This digital twin system provides cognitive assistance and a user-friendly interface for operators, thereby improving cognitive ergonomics. The connection of the Internet of Things (IoT) platform allows the digital twin to have real-time bidirectional communication, collaboration, monitoring, and assistance. A lab-scale drone factory was used as the digital twin application to test and evaluate the ISO 23247 standard and its potential benefits. Additionally, AI integration and environmental performance Key Performance Indicators (KPIs) have been considered as the next stages in improving VR-integrated digital twins. With a solid theoretical foundation and a demonstration of the VR-integrated digital twins, this paper addresses integration issues between various technologies and advances the framework of digital twins based on ISO 23247.",since introduction industry digital twin technology significantly evolved laying groundwork transition toward industry principles centered humancentricity sustainability resilience digital twins realtime connected production systems anticipated efficient resilient sustainable facilitating communication connectivity digital physical systems however environmental performance integration virtual reality vr artificial intelligence ai systems remain challenging exploration digital twin technologies needed validate realworld impact benefits paper investigates challenges implementing realtime digital twin based iso standard connecting physical factory simulation software vr capabilities digital twin system provides cognitive assistance userfriendly interface operators thereby improving cognitive ergonomics connection internet things iot platform allows digital twin realtime bidirectional communication collaboration monitoring assistance labscale drone factory used digital twin application test evaluate iso standard potential benefits additionally ai integration environmental performance key performance indicators kpis considered next stages improving vrintegrated digital twins solid theoretical foundation demonstration vrintegrated digital twins paper addresses integration issues various technologies advances framework digital twins based iso,,,0.968,0.968
manufacturing,Academic Paper,arXiv Repository,PMI-DT: Leveraging Digital Twins and Machine Learning for Predictive Modeling and Inspection in Manufacturing,"Over the years, Digital Twin (DT) has become popular in Advanced Manufacturing (AM) due to its ability to improve production efficiency and quality. By creating virtual replicas of physical assets, DTs help in real-time monitoring, develop predictive models, and improve operational performance. However, integrating data from physical systems into reliable predictive models, particularly in precision measurement and failure prevention, is often challenging and less explored. This study introduces a Predictive Maintenance and Inspection Digital Twin (PMI-DT) framework with a focus on precision measurement and predictive quality assurance using 3D-printed 1''-4 ACME bolt, CyberGage 360 vision inspection system, SolidWorks, and Microsoft Azure. During this approach, dimensional inspection data is combined with fatigue test results to create a model for detecting failures. Using Machine Learning (ML) -- Random Forest and Decision Tree models -- the proposed approaches were able to predict bolt failure with real-time data 100% accurately. Our preliminary result shows Max Position (30%) and Max Load (24%) are the main factors that contribute to that failure. We expect the PMI-DT framework will reduce inspection time and improve predictive maintenance, ultimately giving manufacturers a practical way to boost product quality and reliability using DT in AM.",years digital twin dt become popular advanced manufacturing due ability improve production efficiency quality creating virtual replicas physical assets dts help realtime monitoring develop predictive models improve operational performance however integrating data physical systems reliable predictive models particularly precision measurement failure prevention often challenging less explored study introduces predictive maintenance inspection digital twin pmidt framework focus precision measurement predictive quality assurance using dprinted acme bolt cybergage vision inspection system solidworks microsoft azure approach dimensional inspection data combined fatigue test results create model detecting failures using machine learning ml random forest decision tree models proposed approaches able predict bolt failure realtime data accurately preliminary result shows max position max load main factors contribute failure expect pmidt framework reduce inspection time improve predictive maintenance ultimately giving manufacturers practical way boost product quality reliability using dt,,0.947,,
manufacturing,Academic Paper,arXiv Repository,Digital Twin Synchronization: Bridging the Sim-RL Agent to a Real-Time Robotic Additive Manufacturing Control,"With the rapid development of deep reinforcement learning technology, it gradually demonstrates excellent potential and is becoming the most promising solution in the robotics. However, in the smart manufacturing domain, there is still not too much research involved in dynamic adaptive control mechanisms optimizing complex processes. This research advances the integration of Soft Actor-Critic (SAC) with digital twins for industrial robotics applications, providing a framework for enhanced adaptive real-time control for smart additive manufacturing processing. The system architecture combines Unity's simulation environment with ROS2 for seamless digital twin synchronization, while leveraging transfer learning to efficiently adapt trained models across tasks. We demonstrate our methodology using a Viper X300s robot arm with the proposed hierarchical reward structure to address the common reinforcement learning challenges in two distinct control scenarios. The results show rapid policy convergence and robust task execution in both simulated and physical environments demonstrating the effectiveness of our approach.",rapid development deep reinforcement learning technology gradually demonstrates excellent potential becoming promising solution robotics however smart manufacturing domain still much research involved dynamic adaptive control mechanisms optimizing complex processes research advances integration soft actorcritic sac digital twins industrial robotics applications providing framework enhanced adaptive realtime control smart additive manufacturing processing system architecture combines unitys simulation environment ros seamless digital twin synchronization leveraging transfer learning efficiently adapt trained models across tasks demonstrate methodology using viper xs robot arm proposed hierarchical reward structure address common reinforcement learning challenges two distinct control scenarios results show rapid policy convergence robust task execution simulated physical environments demonstrating effectiveness approach,,,0.979,
manufacturing,Academic Paper,arXiv Repository,"A Comprehensive Review of Digital Twin -- Part 2: Roles of Uncertainty Quantification and Optimization, a Battery Digital Twin, and Perspectives","As an emerging technology in the era of Industry 4.0, digital twin is gaining unprecedented attention because of its promise to further optimize process design, quality control, health monitoring, decision and policy making, and more, by comprehensively modeling the physical world as a group of interconnected digital models. In a two-part series of papers, we examine the fundamental role of different modeling techniques, twinning enabling technologies, and uncertainty quantification and optimization methods commonly used in digital twins. This second paper presents a literature review of key enabling technologies of digital twins, with an emphasis on uncertainty quantification, optimization methods, open source datasets and tools, major findings, challenges, and future directions. Discussions focus on current methods of uncertainty quantification and optimization and how they are applied in different dimensions of a digital twin. Additionally, this paper presents a case study where a battery digital twin is constructed and tested to illustrate some of the modeling and twinning methods reviewed in this two-part review. Code and preprocessed data for generating all the results and figures presented in the case study are available on GitHub.",emerging technology era industry digital twin gaining unprecedented attention promise optimize process design quality control health monitoring decision policy making comprehensively modeling physical world group interconnected digital models twopart series papers examine fundamental role different modeling techniques twinning enabling technologies uncertainty quantification optimization methods commonly used digital twins second paper presents literature review key enabling technologies digital twins emphasis uncertainty quantification optimization methods open source datasets tools major findings challenges future directions discussions focus current methods uncertainty quantification optimization applied different dimensions digital twin additionally paper presents case study battery digital twin constructed tested illustrate modeling twinning methods reviewed twopart review code preprocessed data generating results figures presented case study available github,,,,
manufacturing,Academic Paper,arXiv Repository,A Review of Digital Twins and their Application in Cybersecurity based on Artificial Intelligence,"The potential of digital twin technology is yet to be fully realized due to its diversity and untapped potential. Digital twins enable systems' analysis, design, optimization, and evolution to be performed digitally or in conjunction with a cyber-physical approach to improve speed, accuracy, and efficiency over traditional engineering methods. Industry 4.0, factories of the future, and digital twins continue to benefit from the technology and provide enhanced efficiency within existing systems. Due to the lack of information and security standards associated with the transition to cyber digitization, cybercriminals have been able to take advantage of the situation. Access to a digital twin of a product or service is equivalent to threatening the entire collection. There is a robust interaction between digital twins and artificial intelligence tools, which leads to strong interaction between these technologies, so it can be used to improve the cybersecurity of these digital platforms based on their integration with these technologies. This study aims to investigate the role of artificial intelligence in providing cybersecurity for digital twin versions of various industries, as well as the risks associated with these versions. In addition, this research serves as a road map for researchers and others interested in cybersecurity and digital security.",potential digital twin technology yet fully realized due diversity untapped potential digital twins enable systems analysis design optimization evolution performed digitally conjunction cyberphysical approach improve speed accuracy efficiency traditional engineering methods industry factories future digital twins continue benefit technology provide enhanced efficiency within existing systems due lack information security standards associated transition cyber digitization cybercriminals able take advantage situation access digital twin product service equivalent threatening entire collection robust interaction digital twins artificial intelligence tools leads strong interaction technologies used improve cybersecurity digital platforms based integration technologies study aims investigate role artificial intelligence providing cybersecurity digital twin versions various industries well risks associated versions addition research serves road map researchers others interested cybersecurity digital security,,0.982,0.982,
manufacturing,Academic Paper,arXiv Repository,Comparison between the HUBCAP and DIGITBrain Platforms for Model-Based Design and Evaluation of Digital Twins,"Digital twin technology is an essential approach to managing the lifecycle of industrial products. Among the many approaches used to manage digital twins, co-simulation has proven to be a reliable one. There have been multiple attempts to create collaborative and sustainable platforms for management of digital twins. This paper compares two such platforms, namely the HUBCAP and the DIGITbrain. Both these platforms have been and continue to be used among a stable group of researchers and industrial product manufacturers of digital twin technologies. This comparison of the HUBCAP and the DIGITbrain platforms is illustrated with an example use case of industrial factory to be used for manufacturing of agricultural robots.",digital twin technology essential approach managing lifecycle industrial products among many approaches used manage digital twins cosimulation proven reliable one multiple attempts create collaborative sustainable platforms management digital twins paper compares two platforms namely hubcap digitbrain platforms continue used among stable group researchers industrial product manufacturers digital twin technologies comparison hubcap digitbrain platforms illustrated example use case industrial factory used manufacturing agricultural robots,,,,
manufacturing,Academic Paper,arXiv Repository,Structural & Granger CAUSALITY for IoT Digital Twin,"In this foundational expository article on the application of Causality Analysis in IoT, we establish the basic theory and algorithms for estimating Structural and Granger causality factors from measured multichannel sensor data (vector timeseries). Vector timeseries is modeled as a Structural Vector Autoregressive (SVAR) model; utilizing Kalman Filter and Independent Component Analysis (ICA) methods, Structural and generalized Granger causality factors are estimated. The estimated causal factors are presented as a Fence graph which we call Causal Digital Twin. Practical applications of Causal Digital Twin are demonstrated on NASA Prognostic Data Repository Bearing data collection. Use of Causal Digital Twin for counterfactual experiments are indicated.   Causal Digital Twin is a horizontal solution that applies to diverse use cases in multiple industries such as Industrial, Manufacturing, Automotive, Consumer, Building and Smart City.",foundational expository article application causality analysis iot establish basic theory algorithms estimating structural granger causality factors measured multichannel sensor data vector timeseries vector timeseries modeled structural vector autoregressive svar model utilizing kalman filter independent component analysis ica methods structural generalized granger causality factors estimated estimated causal factors presented fence graph call causal digital twin practical applications causal digital twin demonstrated nasa prognostic data repository bearing data collection use causal digital twin counterfactual experiments indicated causal digital twin horizontal solution applies diverse use cases multiple industries industrial manufacturing automotive consumer building smart city,,,,
manufacturing,Academic Paper,arXiv Repository,Development of a Simple and Novel Digital Twin Framework for Industrial Robots in Intelligent robotics manufacturing,"This paper has proposed an easily replicable and novel approach for developing a Digital Twin (DT) system for industrial robots in intelligent manufacturing applications. Our framework enables effective communication via Robot Web Service (RWS), while a real-time simulation is implemented in Unity 3D and Web-based Platform without any other 3rd party tools. The framework can do real-time visualization and control of the entire work process, as well as implement real-time path planning based on algorithms executed in MATLAB. Results verify the high communication efficiency with a refresh rate of only $17 ms$. Furthermore, our developed web-based platform and Graphical User Interface (GUI) enable easy accessibility and user-friendliness in real-time control.",paper proposed easily replicable novel approach developing digital twin dt system industrial robots intelligent manufacturing applications framework enables effective communication via robot web service rws realtime simulation implemented unity webbased platform without rd party tools framework realtime visualization control entire work process well implement realtime path planning based algorithms executed matlab results verify high communication efficiency refresh rate ms furthermore developed webbased platform graphical user interface gui enable easy accessibility userfriendliness realtime control,,,,
manufacturing,Academic Paper,arXiv Repository,5G Configured Grant Scheduling for 5G-TSN Integration for the Support of Industry 4.0,"Factories are evolving towards digitalized data-based ecosystems under the paradigm of the Industry 4.0 where new industrial services allow the implementation of more robust, resilient and customized manufacturing systems. Such services (e.g., digital twins, extended reality or cooperative robots) will require highly reliable and deterministic communication networks capable of supporting stringent latency and reliability requirements. 5G networks and their future evolution have the necessary capabilities to meet these requirements. However, the use of 5G in industrial environments requires its effective and efficient integration with Time Sensitive Networking (TSN), which is becoming the standard wired technology for Industry 4.0 environments. TSN provides unprecedented deterministic service levels with perfectly bounded latencies. The integration of the industrial 5G and TSN networks will be key to support the flexibility and determinism demanded by the Industry 4.0 paradigm. A critical aspect to achieve this integration is the coordination of the schedulers of both networks. TSN has information about the capabilities of the 5G-TSN integrated network, and it is in charge of deciding the path and scheduling for each TSN traffic flow. The scheduling in 5G must be done according to the scheduling decisions and information provided by TSN to guarantee the end-to-end latency requirements of TSN traffic. In this context, this paper proposes a novel Configured Grant scheduling scheme for 5G integrated into a TSN network that aims to meet the latency requirements of the different TSN flows. The proposed scheme exploits the information provided by TSN about the characteristics of the TSN traffic to coordinate its decision with the scheduling of TSN. This study demonstrates that the proposed scheduling scheme considerably increases the number of TSN flows that can be satisfactorily served.",factories evolving towards digitalized databased ecosystems paradigm industry new industrial services allow implementation robust resilient customized manufacturing systems services eg digital twins extended reality cooperative robots require highly reliable deterministic communication networks capable supporting stringent latency reliability requirements g networks future evolution necessary capabilities meet requirements however use g industrial environments requires effective efficient integration time sensitive networking tsn becoming standard wired technology industry environments tsn provides unprecedented deterministic service levels perfectly bounded latencies integration industrial g tsn networks key support flexibility determinism demanded industry paradigm critical aspect achieve integration coordination schedulers networks tsn information capabilities gtsn integrated network charge deciding path scheduling tsn traffic flow scheduling g must done according scheduling decisions information provided tsn guarantee endtoend latency requirements tsn traffic context paper proposes novel configured grant scheduling scheme g integrated tsn network aims meet latency requirements different tsn flows proposed scheme exploits information provided tsn characteristics tsn traffic coordinate decision scheduling tsn study demonstrates proposed scheduling scheme considerably increases number tsn flows satisfactorily served,,,0.979,
manufacturing,Academic Paper,arXiv Repository,Digital Twin-based Smart Manufacturing: Dynamic Line Reconfiguration for Disturbance Handling,"The increasing complexity of modern manufacturing, coupled with demand fluctuation, supply chain uncertainties, and product customization, underscores the need for manufacturing systems that can flexibly update their configurations and swiftly adapt to disturbances. However, current research falls short in providing a holistic reconfigurable manufacturing framework that seamlessly monitors system disturbances, optimizes alternative line configurations based on machine capabilities, and automates simulation evaluation for swift adaptations. This paper presents a dynamic manufacturing line reconfiguration framework to handle disturbances that result in operation time changes. The framework incorporates a system process digital twin for monitoring disturbances and triggering reconfigurations, a capability-based ontology model capturing available agent and resource options, a configuration optimizer generating optimal line configurations, and a simulation generation program initializing simulation setups and evaluating line configurations at approximately 400x real-time speed. A case study of a battery production line has been conducted to evaluate the proposed framework. In two implemented disturbance scenarios, the framework successfully recovers system throughput with limited resources, preventing the 26% and 63% throughput drops that would have occurred without a reconfiguration plan. The reconfiguration optimizer efficiently finds optimal solutions, taking an average of 0.03 seconds to find a reconfiguration plan for a manufacturing line with 51 operations and 40 available agents across 8 agent types.",increasing complexity modern manufacturing coupled demand fluctuation supply chain uncertainties product customization underscores need manufacturing systems flexibly update configurations swiftly adapt disturbances however current research falls short providing holistic reconfigurable manufacturing framework seamlessly monitors system disturbances optimizes alternative line configurations based machine capabilities automates simulation evaluation swift adaptations paper presents dynamic manufacturing line reconfiguration framework handle disturbances result operation time changes framework incorporates system process digital twin monitoring disturbances triggering reconfigurations capabilitybased ontology model capturing available agent resource options configuration optimizer generating optimal line configurations simulation generation program initializing simulation setups evaluating line configurations approximately x realtime speed case study battery production line conducted evaluate proposed framework two implemented disturbance scenarios framework successfully recovers system throughput limited resources preventing throughput drops would occurred without reconfiguration plan reconfiguration optimizer efficiently finds optimal solutions taking average seconds find reconfiguration plan manufacturing line operations available agents across agent types,,,,
manufacturing,Academic Paper,arXiv Repository,Challenges in Digital Twin Development for Cyber-Physical Production Systems,"The recent advancement of information and communication technology makes digitalisation of an entire manufacturing shop-floor possible where physical processes are tightly intertwined with their cyber counterparts. This led to an emergence of a concept of digital twin, which is a realistic virtual copy of a physical object. Digital twin will be the key technology in Cyber-Physical Production Systems (CPPS) and its market is expected to grow significantly in the coming years. Nevertheless, digital twin is still relatively a new concept that people have different perspectives on its requirements, capabilities, and limitations. To better understand an effect of digital twin's operations, mitigate complexity of capturing dynamics of physical phenomena, and improve analysis and predictability, it is important to have a development tool with a strong semantic foundation that can accurately model, simulate, and synthesise the digital twin. This paper reviews current state-of-art on tools and developments of digital twin in manufacturing and discusses potential design challenges.",recent advancement information communication technology makes digitalisation entire manufacturing shopfloor possible physical processes tightly intertwined cyber counterparts led emergence concept digital twin realistic virtual copy physical object digital twin key technology cyberphysical production systems cpps market expected grow significantly coming years nevertheless digital twin still relatively new concept people different perspectives requirements capabilities limitations better understand effect digital twins operations mitigate complexity capturing dynamics physical phenomena improve analysis predictability important development tool strong semantic foundation accurately model simulate synthesise digital twin paper reviews current stateofart tools developments digital twin manufacturing discusses potential design challenges,,0.906,,
manufacturing,Academic Paper,arXiv Repository,Your Reviews Replicate You: LLM-Based Agents as Customer Digital Twins for Conjoint Analysis,"Conjoint analysis is a cornerstone of market research for estimating consumer preferences; however, traditional methods face persistent challenges regarding time, cost, and respondent fatigue. To address these limitations, this study proposes a framework that utilizes large language model (LLM)-based ""customer digital twins (CDT)"" as virtual respondents. We identified active users within the Reddit community and aggregated their comprehensive review histories to construct individualized vector databases. By integrating retrieval-augmented generation (RAG) with prompt engineering, this study developed customer agents capable of dynamically retrieving and reasoning upon their specific past preferences and constraints. These customer agents, called CDTs, performed pairwise comparison tasks on product profiles generated via fractional factorial design, and the resulting choice data was analyzed to estimate part-worth utilities by logistic regression. Empirical validation demonstrates that these CDTs predict the preferences of actual users with 87.73% accuracy. Furthermore, a case study on the computer monitor category successfully quantified trade-offs between attributes such as panel type and resolution, deriving preference structures consistent with market realities. Ultimately, this study contributes to marketing research by presenting a scalable alternative that significantly improves both agility and cost-efficiency to traditional methods.",conjoint analysis cornerstone market research estimating consumer preferences however traditional methods face persistent challenges regarding time cost respondent fatigue address limitations study proposes framework utilizes large language model llmbased customer digital twins cdt virtual respondents identified active users within reddit community aggregated comprehensive review histories construct individualized vector databases integrating retrievalaugmented generation rag prompt engineering study developed customer agents capable dynamically retrieving reasoning upon specific past preferences constraints customer agents called cdts performed pairwise comparison tasks product profiles generated via fractional factorial design resulting choice data analyzed estimate partworth utilities logistic regression empirical validation demonstrates cdts predict preferences actual users accuracy furthermore case study computer monitor category successfully quantified tradeoffs attributes panel type resolution deriving preference structures consistent market realities ultimately study contributes marketing research presenting scalable alternative significantly improves agility costefficiency traditional methods,0.92,,,
manufacturing,Academic Paper,arXiv Repository,Digital Twin of Aerosol Jet Printing,"Aerosol Jet (AJ) printing is a versatile additive manufacturing technique capable of producing high-resolution interconnects on both 2D and 3D substrates. The AJ process is complex and dynamic with many hidden and unobservable states that influence the machine performance, including aerosol particle diameter, aerosol carrier density, vial level, and ink deposition in the tube and nozzle. Despite its promising potential, the widespread adoption of AJ printing is limited by inconsistencies in print quality that often stem from variability in these hidden states. To address these challenges, we develop a digital twin model of the AJ process that offers real-time insights into the machine's operations. The digital twin is built around a physics-based macro-model created through simulation and experimentation. The states and parameters of the digital model are continuously updated using probabilistic sequential estimation techniques to closely align with real-time measurements extracted from the AJ system's sensor and video data. The result is a digital model of the AJ process that continuously evolves over a physical machine's lifecycle. The digital twin enables accurate monitoring of unobservable physical characteristics, detects and predicts anomalous behavior, and forecasts the effect of control adjustments. This work presents a comprehensive end-to-end digital twin framework that integrates customized computer vision techniques, physics-based macro-modeling, and advanced probabilistic estimation methods to construct an evolving digital representation of the AJ equipment and process. While the methodologies are customized for aerosol jet printing, the process for constructing the digital twin can be applied for other advanced manufacturing techniques.",aerosol jet aj printing versatile additive manufacturing technique capable producing highresolution interconnects substrates aj process complex dynamic many hidden unobservable states influence machine performance including aerosol particle diameter aerosol carrier density vial level ink deposition tube nozzle despite promising potential widespread adoption aj printing limited inconsistencies print quality often stem variability hidden states address challenges develop digital twin model aj process offers realtime insights machines operations digital twin built around physicsbased macromodel created simulation experimentation states parameters digital model continuously updated using probabilistic sequential estimation techniques closely align realtime measurements extracted aj systems sensor video data result digital model aj process continuously evolves physical machines lifecycle digital twin enables accurate monitoring unobservable physical characteristics detects predicts anomalous behavior forecasts effect control adjustments work presents comprehensive endtoend digital twin framework integrates customized computer vision techniques physicsbased macromodeling advanced probabilistic estimation methods construct evolving digital representation aj equipment process methodologies customized aerosol jet printing process constructing digital twin applied advanced manufacturing techniques,,,,
manufacturing,Academic Paper,arXiv Repository,A Comprehensive Review of Digital Twin -- Part 1: Modeling and Twinning Enabling Technologies,"As an emerging technology in the era of Industry 4.0, digital twin is gaining unprecedented attention because of its promise to further optimize process design, quality control, health monitoring, decision and policy making, and more, by comprehensively modeling the physical world as a group of interconnected digital models. In a two-part series of papers, we examine the fundamental role of different modeling techniques, twinning enabling technologies, and uncertainty quantification and optimization methods commonly used in digital twins. This first paper presents a thorough literature review of digital twin trends across many disciplines currently pursuing this area of research. Then, digital twin modeling and twinning enabling technologies are further analyzed by classifying them into two main categories: physical-to-virtual, and virtual-to-physical, based on the direction in which data flows. Finally, this paper provides perspectives on the trajectory of digital twin technology over the next decade, and introduces a few emerging areas of research which will likely be of great use in future digital twin research. In part two of this review, the role of uncertainty quantification and optimization are discussed, a battery digital twin is demonstrated, and more perspectives on the future of digital twin are shared.",emerging technology era industry digital twin gaining unprecedented attention promise optimize process design quality control health monitoring decision policy making comprehensively modeling physical world group interconnected digital models twopart series papers examine fundamental role different modeling techniques twinning enabling technologies uncertainty quantification optimization methods commonly used digital twins first paper presents thorough literature review digital twin trends across many disciplines currently pursuing area research digital twin modeling twinning enabling technologies analyzed classifying two main categories physicaltovirtual virtualtophysical based direction data flows finally paper provides perspectives trajectory digital twin technology next decade introduces emerging areas research likely great use future digital twin research part two review role uncertainty quantification optimization discussed battery digital twin demonstrated perspectives future digital twin shared,,,,
manufacturing,Academic Paper,arXiv Repository,Automated data-driven creation of the Digital Twin of a brownfield plant,"The success of the reconfiguration of existing manufacturing systems, so called brownfield systems, heavily relies on the knowledge about the system. Reconfiguration can be planned, supported and simplified with the Digital Twin of the system providing this knowledge. However, digital models as the basis of a Digital Twin are usually missing for these plants. This article presents a data-driven approach to gain knowledge about a brownfield system to create the digital models of a Digital Twin and their relations. Finally, a proof of concept shows that process data and position data as data sources deliver the relations between the models of the Digital Twin.",success reconfiguration existing manufacturing systems called brownfield systems heavily relies knowledge system reconfiguration planned supported simplified digital twin system providing knowledge however digital models basis digital twin usually missing plants article presents datadriven approach gain knowledge brownfield system create digital models digital twin relations finally proof concept shows process data position data data sources deliver relations models digital twin,,,,
business,Academic Paper,arXiv Repository,Digital Twins for Ports: Derived from Smart City and Supply Chain Twinning Experience,"Ports are striving for innovative technological solutions to cope with the ever-increasing growth of transport, while at the same time improving their environmental footprint. An emerging technology that has the potential to substantially increase the efficiency of the multifaceted and interconnected port processes is the digital twin. Although digital twins have been successfully integrated in many industries, there is still a lack of cross-domain understanding of what constitutes a digital twin. Furthermore, the implementation of the digital twin in complex systems such as the port is still in its infancy. This paper attempts to fill this research gap by conducting an extensive cross-domain literature review of what constitutes a digital twin, keeping in mind the extent to which the respective findings can be applied to the port. It turns out that the digital twin of the port is most comparable to complex systems such as smart cities and supply chains, both in terms of its functional relevance as well as in terms of its requirements and characteristics. The conducted literature review, considering the different port processes and port characteristics, results in the identification of three core requirements of a digital port twin, which are described in detail. These include situational awareness, comprehensive data analytics capabilities for intelligent decision making, and the provision of an interface to promote multi-stakeholder governance and collaboration. Finally, specific operational scenarios are proposed on how the port's digital twin can contribute to energy savings by improving the use of port resources, facilities and operations.",ports striving innovative technological solutions cope everincreasing growth transport time improving environmental footprint emerging technology potential substantially increase efficiency multifaceted interconnected port processes digital twin although digital twins successfully integrated many industries still lack crossdomain understanding constitutes digital twin furthermore implementation digital twin complex systems port still infancy paper attempts fill research gap conducting extensive crossdomain literature review constitutes digital twin keeping mind extent respective findings applied port turns digital twin port comparable complex systems smart cities supply chains terms functional relevance well terms requirements characteristics conducted literature review considering different port processes port characteristics results identification three core requirements digital port twin described detail include situational awareness comprehensive data analytics capabilities intelligent decision making provision interface promote multistakeholder governance collaboration finally specific operational scenarios proposed ports digital twin contribute energy savings improving use port resources facilities operations,,,,0.985
business,Academic Paper,arXiv Repository,Supply Chain Digital Twin Framework Design: An Approach of Supply Chain Operations Reference Model and System of Systems,"Digital twin technology has been regarded as a beneficial approach in supply chain development. Different from traditional digital twin (temporal dynamic), supply chain digital twin is a spatio-temporal dynamic system. This paper explains what is 'twined' in supply chain digital twin and how to 'twin' them to handle the spatio-temporal dynamic issue. A supply chain digital twin framework is developed based on the theories of system of systems and supply chain operations reference model. This framework is universal and can be applied in various types of supply chain systems. We firstly decompose the supply chain system into unified standard blocks preparing for the adoption of digital twin. Next, the idea of supply chain operations reference model is adopted to digitise basic supply chain activities within each block and explain how to use existing information system. Then, individual sub-digital twin is established for each member in supply chain system. After that, we apply the concept of system of systems to integrate and coordinate sub-digital twin into supply chain digital twin from the views of supply chain business integration and information system integration. At last, one simple supply chain system is applied to illustrate the application of the proposed model.",digital twin technology regarded beneficial approach supply chain development different traditional digital twin temporal dynamic supply chain digital twin spatiotemporal dynamic system paper explains twined supply chain digital twin twin handle spatiotemporal dynamic issue supply chain digital twin framework developed based theories system systems supply chain operations reference model framework universal applied various types supply chain systems firstly decompose supply chain system unified standard blocks preparing adoption digital twin next idea supply chain operations reference model adopted digitise basic supply chain activities within block explain use existing information system individual subdigital twin established member supply chain system apply concept system systems integrate coordinate subdigital twin supply chain digital twin views supply chain business integration information system integration last one simple supply chain system applied illustrate application proposed model,,,0.818,
business,Academic Paper,arXiv Repository,"Digital Twins for Logistics and Supply Chain Systems: Literature Review, Conceptual Framework, Research Potential, and Practical Challenges","To facilitate an effective, efficient, transparent, and timely decision-making process as well as to provide guidelines for industry planning and public policy development, a conceptual framework of digital twins (DTs) for logistics and supply chain systems (LSCS) is needed. This paper first introduces the background of the logistics and supply chain industry, the DT and its potential benefits, and the motivations and scope of this research. The literature review indicates research and practice gaps and needs that motivate proposing a new conceptual DT framework for LSCS. As each element of the new framework has different requirements and goals, it initiates new research opportunities and creates practical implementation challenges. As such, the future of DT computation involves advanced analytics and modeling techniques to address the new agenda's requirements. Finally, ideas on the next steps to deploy a transparent, trustworthy, and resilient DT for LSCS are presented.",facilitate effective efficient transparent timely decisionmaking process well provide guidelines industry planning public policy development conceptual framework digital twins dts logistics supply chain systems lscs needed paper first introduces background logistics supply chain industry dt potential benefits motivations scope research literature review indicates research practice gaps needs motivate proposing new conceptual dt framework lscs element new framework different requirements goals initiates new research opportunities creates practical implementation challenges future dt computation involves advanced analytics modeling techniques address new agendas requirements finally ideas next steps deploy transparent trustworthy resilient dt lscs presented,,,,
business,Academic Paper,arXiv Repository,Digital Twin-Based Simulation for Predictive Decision-Making in Waterway Logistics,"This paper investigates the potential of a Digital Twin (DT) for freight routing across inland waterway networks under uncertain water-level conditions. Existing approaches insufficiently account for increasing climate-induced volatility in water levels, which often result in higher operational costs and emissions due to the need for more expensive transport alternatives, such as road transport. These existing methods often rely on reactive countermeasures to remain resilient.   To address these limitations, six interviews with experts in domains related to inland shipping were conducted to identify three common contingency scenarios and appropriate operational responses. These scenarios were subsequently incorporated into a time-sliced simulation environment in which predictive decision-making, enabled by a DT environment, was compared against reactive approaches. The results demonstrate that predictive modeling substantially reduces operational costs and modal shifts at prediction accuracies between 70% and 100%, despite extreme conditions. In addition, the predictive model achieves an average 28.3% reduction in fuel-related costs by reducing the total distance ships travel. The simulation outcomes were evaluated together with domain experts to assess the practical relevance and applicability of the proposed DT-enabled approach.",paper investigates potential digital twin dt freight routing across inland waterway networks uncertain waterlevel conditions existing approaches insufficiently account increasing climateinduced volatility water levels often result higher operational costs emissions due need expensive transport alternatives road transport existing methods often rely reactive countermeasures remain resilient address limitations six interviews experts domains related inland shipping conducted identify three common contingency scenarios appropriate operational responses scenarios subsequently incorporated timesliced simulation environment predictive decisionmaking enabled dt environment compared reactive approaches results demonstrate predictive modeling substantially reduces operational costs modal shifts prediction accuracies despite extreme conditions addition predictive model achieves average reduction fuelrelated costs reducing total distance ships travel simulation outcomes evaluated together domain experts assess practical relevance applicability proposed dtenabled approach,-0.296,,,-0.296
business,Academic Paper,arXiv Repository,Blockchain-based Digital Twin for Supply Chain Management: State-of-the-Art Review and Future Research Directions,"Supply chain management (SCM) plays a vital role in the global economy, as evidenced by recent COVID-19 supply chain challenges. Traditional SCM faces security and efficiency issues, but they can be addressed by leveraging digital twins (DTs) and blockchain technology. T he combination of blockchain and DTs can refine the concepts of both technologies and reform SCM to advance into Industry 4.0. In this paper, we provide a comprehensive literature review of the blockchain-based digital twin (DT) solutions to optimise the processes of data management, data storage, and data sharing in SCM. We also investigate the key benefits of the integration of blockchain and DTs and examine their potential implementation in various SCM areas, including smart manufacturing, intelligent maintenance, and blockchain-based DT shop floor, warehouse, and logistics. Finally, we put forward recommendations for future research directions.",supply chain management scm plays vital role global economy evidenced recent covid supply chain challenges traditional scm faces security efficiency issues addressed leveraging digital twins dts blockchain technology combination blockchain dts refine concepts technologies reform scm advance industry paper provide comprehensive literature review blockchainbased digital twin dt solutions optimise processes data management data storage data sharing scm also investigate key benefits integration blockchain dts examine potential implementation various scm areas including smart manufacturing intelligent maintenance blockchainbased dt shop floor warehouse logistics finally put forward recommendations future research directions,,0.972,0.972,
business,Academic Paper,arXiv Repository,Secure Blockchain-Based Supply Chain Management with Verifiable Digital Twins,"A major problem in blockchain-based supply chain management is the potential unreliability of digital twins when considering digital representations of physical goods. Indeed, the use of blockchain technology to trace goods is obviously ineffective if there is no strong correspondence between what is physically exchanged and the digital information that appears in blockchain transactions. In this work, we propose a model for strengthening the supply chain management of physical goods by leveraging blockchain technology along with a digital-twin verification feature. Our model can be instantiated in various scenarios and we have in particular considered the popular case of food traceability. In contrast to other models known in the literature that propose their own ad-hoc properties to assess the robustness of their supply chain management systems, in this work we use the formalism of secure computation, where processes are described through generic and natural ideal functionalities.",major problem blockchainbased supply chain management potential unreliability digital twins considering digital representations physical goods indeed use blockchain technology trace goods obviously ineffective strong correspondence physically exchanged digital information appears blockchain transactions work propose model strengthening supply chain management physical goods leveraging blockchain technology along digitaltwin verification feature model instantiated various scenarios particular considered popular case food traceability contrast models known literature propose adhoc properties assess robustness supply chain management systems work use formalism secure computation processes described generic natural ideal functionalities,,,,
business,Academic Paper,arXiv Repository,Simulation-Based Digital Twin Development for Blockchain Enabled End-to-End Industrial Hemp Supply Chain Risk Management,"With the passage of the 2018 U.S. Farm Bill, Industrial Hemp production is moved from limited pilot programs to a regulated agriculture production system. However, Industrial Hemp Supply Chain (IHSC) faces critical challenges, including: high complexity and variability, very limited production knowledge, lack of data and information tracking. In this paper, we propose blockchain-enabled IHSC and develop a preliminary simulation-based digital twin for this distributed cyber-physical system (CPS) to support the process learning and risk management. Basically, we develop a two-layer blockchain with proof of authority smart contract, which can track the data and key information, improve the supply chain transparency, and leverage local authorities and state regulators to ensure the quality control verification. Then, we introduce a stochastic simulation-based digital twin for IHSC risk management, which can characterize the process spatial-temporal causal interdependencies and dynamic evolution to guide risk control and decision making. Our empirical study demonstrates the promising performance of proposed platform.",passage us farm bill industrial hemp production moved limited pilot programs regulated agriculture production system however industrial hemp supply chain ihsc faces critical challenges including high complexity variability limited production knowledge lack data information tracking paper propose blockchainenabled ihsc develop preliminary simulationbased digital twin distributed cyberphysical system cps support process learning risk management basically develop twolayer blockchain proof authority smart contract track data key information improve supply chain transparency leverage local authorities state regulators ensure quality control verification introduce stochastic simulationbased digital twin ihsc risk management characterize process spatialtemporal causal interdependencies dynamic evolution guide risk control decision making empirical study demonstrates promising performance proposed platform,,0.625,,
business,Academic Paper,arXiv Repository,Transforming agrifood production systems and supply chains with digital twins,"Digital twins can transform agricultural production systems and supply chains, curbing greenhouse gas emissions, food waste and malnutrition. However, the potential of these advanced virtualization technologies is yet to be realized. Here, we consider the promise of digital twins across five typical agrifood supply chain steps and emphasize key implementation barriers.",digital twins transform agricultural production systems supply chains curbing greenhouse gas emissions food waste malnutrition however potential advanced virtualization technologies yet realized consider promise digital twins across five typical agrifood supply chain steps emphasize key implementation barriers,,,,0.128
business,Academic Paper,arXiv Repository,A Theoretical Framework for Graph-based Digital Twins for Supply Chain Management and Optimization,"Supply chain management is growing increasingly complex due to globalization, evolving market demands, and sustainability pressures, yet traditional systems struggle with fragmented data and limited analytical capabilities. Graph-based modeling offers a powerful way to capture the intricate relationships within supply chains, while Digital Twins (DTs) enable real-time monitoring and dynamic simulations. However, current implementations often face challenges related to scalability, data integration, and the lack of sustainability-focused metrics. To address these gaps, we propose a Graph-Based Digital Twin Framework for Supply Chain Optimization, which combines graph modeling with DT architecture to create a dynamic, real-time representation of supply networks. Our framework integrates a Data Integration Layer to harmonize disparate sources, a Graph Construction Module to model complex dependencies, and a Simulation and Analysis Engine for scalable optimization. Importantly, we embed sustainability metrics - such as carbon footprints and resource utilization - into operational dashboards to drive eco-efficiency. By leveraging the synergy between graph-based modeling and DTs, our approach enhances scalability, improves decision-making, and enables organizations to proactively manage disruptions, cut costs, and transition toward greener, more resilient supply chains.",supply chain management growing increasingly complex due globalization evolving market demands sustainability pressures yet traditional systems struggle fragmented data limited analytical capabilities graphbased modeling offers powerful way capture intricate relationships within supply chains digital twins dts enable realtime monitoring dynamic simulations however current implementations often face challenges related scalability data integration lack sustainabilityfocused metrics address gaps propose graphbased digital twin framework supply chain optimization combines graph modeling dt architecture create dynamic realtime representation supply networks framework integrates data integration layer harmonize disparate sources graph construction module model complex dependencies simulation analysis engine scalable optimization importantly embed sustainability metrics carbon footprints resource utilization operational dashboards drive ecoefficiency leveraging synergy graphbased modeling dts approach enhances scalability improves decisionmaking enables organizations proactively manage disruptions cut costs transition toward greener resilient supply chains,0.908,,0.908,0.908
business,Academic Paper,arXiv Repository,Digital Twins of Business Processes: A Research Manifesto,"Modern organizations necessitate continuous business processes improvement to maintain efficiency, adaptability, and competitiveness. In the last few years, the Internet of Things, via the deployment of sensors and actuators, has heavily been adopted in organizational and industrial settings to monitor and automatize physical processes influencing and enhancing how people and organizations work. Such advancements are now pushed forward by the rise of the Digital Twin paradigm applied to organizational processes. Advanced ways of managing and maintaining business processes come within reach as there is a Digital Twin of a business process - a virtual replica with real-time capabilities of a real process occurring in an organization. Combining business process models with real-time data and simulation capabilities promises to provide a new way to guide day-to-day organization activities. However, integrating Digital Twins and business processes is a non-trivial task, presenting numerous challenges and ambiguities. This manifesto paper aims to contribute to the current state of the art by clarifying the relationship between business processes and Digital Twins, identifying ongoing research and open challenges, thereby shedding light on and driving future exploration of this innovative interplay.",modern organizations necessitate continuous business processes improvement maintain efficiency adaptability competitiveness last years internet things via deployment sensors actuators heavily adopted organizational industrial settings monitor automatize physical processes influencing enhancing people organizations work advancements pushed forward rise digital twin paradigm applied organizational processes advanced ways managing maintaining business processes come within reach digital twin business process virtual replica realtime capabilities real process occurring organization combining business process models realtime data simulation capabilities promises provide new way guide daytoday organization activities however integrating digital twins business processes nontrivial task presenting numerous challenges ambiguities manifesto paper aims contribute current state art clarifying relationship business processes digital twins identifying ongoing research open challenges thereby shedding light driving future exploration innovative interplay,,,,
business,Academic Paper,arXiv Repository,"ISOMORPH: A Supply Chain Digital Twin for Simulation, Dataset Generation, and Forecasting Benchmarks","Open time-series forecasting (TSF) benchmarks cover retail, energy, weather, and traffic, but supply-chain logistics remains underserved. We introduce ISOMORPH, the first public digital twin of a multi-echelon logistics network with interpretable, user-configurable parameters and modular topology, demand, and control rules. The simulator advances a directed routing graph in discrete time: demand is served from inventory or recorded as backlog and triggers replenishment throughout the network. The state tracks inventory, outstanding orders, in-transit shipments, and a smoothed demand estimate, yielding Markovian dynamics on a tractable state space. The released data reproduces the bullwhip effect at empirically consistent magnitudes, while three conservation laws provide verification tools for simulator extensions. We release datasets at two catalogue scales ($C=50$ and $C=200$), six scenario sweeps, and 20 Latin-hypercube perturbations. These datasets exhibit dynamics largely absent from fixed TSF benchmarks, including variance amplification, cascading bottlenecks, regime shifts, and cross-channel coupling through shared macro shocks. Zero-shot evaluation of four foundation models (Chronos, Moirai, TimesFM, and Lag-Llama) yields MASE values exceeding public GIFT-Eval references at low-to-moderate horizons, supporting incorporation into existing benchmark suites. The same models provide forecast confidence bands through Latin-hypercube perturbations of demand-side parameters, enabling forward uncertainty quantification (UQ) unavailable on standard TSF datasets and demonstrating that foundation models can serve as fast surrogates for digital-twin-based UQ. Code (MIT): https://github.com/tuhinsahai/ISOMORPH. Interactive demo: https://huggingface.co/spaces/HyeminGu/ISOMORPH-demo.",open timeseries forecasting tsf benchmarks cover retail energy weather traffic supplychain logistics remains underserved introduce isomorph first public digital twin multiechelon logistics network interpretable userconfigurable parameters modular topology demand control rules simulator advances directed routing graph discrete time demand served inventory recorded backlog triggers replenishment throughout network state tracks inventory outstanding orders intransit shipments smoothed demand estimate yielding markovian dynamics tractable state space released data reproduces bullwhip effect empirically consistent magnitudes three conservation laws provide verification tools simulator extensions release datasets two catalogue scales c c six scenario sweeps latinhypercube perturbations datasets exhibit dynamics largely absent fixed tsf benchmarks including variance amplification cascading bottlenecks regime shifts crosschannel coupling shared macro shocks zeroshot evaluation four foundation models chronos moirai timesfm lagllama yields mase values exceeding public gifteval references lowtomoderate horizons supporting incorporation existing benchmark suites models provide forecast confidence bands latinhypercube perturbations demandside parameters enabling forward uncertainty quantification uq unavailable standard tsf datasets demonstrating foundation models serve fast surrogates digitaltwinbased uq code mit interactive demo,,,0.92,0.92
business,Academic Paper,arXiv Repository,Digital Twin Applications in Urban Logistics: An Overview,"Urban traffic attributed to commercial and industrial transportation is observed to largely affect living standards in cities due to external effects pertaining to pollution and congestion. In order to counter this, smart cities deploy technological tools to achieve sustainability. Such tools include Digital Twins (DT)s which are virtual replicas of real-life physical systems. Research suggests that DTs can be very beneficial in how they control a physical system by constantly optimizing its performance. The concept has been extensively studied in other technology-driven industries like manufacturing. However, little work has been done with regards to their application in urban logistics. In this paper, we seek to provide a framework by which DTs could be easily adapted to urban logistics networks. To do this, we provide a characterization of key factors in urban logistics for dynamic decision-making. We also survey previous research on DT applications in urban logistics as we found that a holistic overview is lacking. Using this knowledge in combination with the characterization, we produce a conceptual model that describes the ontology, learning capabilities and optimization prowess of an urban logistics digital twin through its quantitative models. We finish off with a discussion on potential research benefits and limitations based on previous research and our practical experience.",urban traffic attributed commercial industrial transportation observed largely affect living standards cities due external effects pertaining pollution congestion order counter smart cities deploy technological tools achieve sustainability tools include digital twins dts virtual replicas reallife physical systems research suggests dts beneficial control physical system constantly optimizing performance concept extensively studied technologydriven industries like manufacturing however little work done regards application urban logistics paper seek provide framework dts could easily adapted urban logistics networks provide characterization key factors urban logistics dynamic decisionmaking also survey previous research dt applications urban logistics found holistic overview lacking using knowledge combination characterization produce conceptual model describes ontology learning capabilities optimization prowess urban logistics digital twin quantitative models finish discussion potential research benefits limitations based previous research practical experience,,,,0.96
business,Academic Paper,arXiv Repository,Multi-Agent Digital Twinning for Collaborative Logistics: Framework and Implementation,"Collaborative logistics has been widely recognised as an effective avenue to reduce carbon emissions by enhanced truck utilisation and reduced travel distance. However, stakeholders' participation in collaborations is hindered by information-sharing barriers and the absence of integrated systems. We, thus, in this paper addresses these barriers by investigating an integrated platform that foster collaboration through the integration of agents with digital twins. Specifically, we employ a multi-agent system approach to integrate stakeholders and physical mobile assets in collaborative logistics, representing them as agents. We introduce a loosely-coupled system architecture that facilitates the connection between physical and digital systems, enabling the integration of agents with digital twins. Using this architecture, we implement the platform (or testbed). The resulting testbed, comprising a physical environment and a digital replica, is a digital twin that integrates distributed entities involved in collaborative logistics. The effectiveness of the testbed is demonstrated through a carrier collaboration scenario. This paper is among the earliest few efforts to investigate the integration of agents and digital twin concepts and goes beyond the conceptual discussion of existing studies to the technical implementation of such integration.",collaborative logistics widely recognised effective avenue reduce carbon emissions enhanced truck utilisation reduced travel distance however stakeholders participation collaborations hindered informationsharing barriers absence integrated systems thus paper addresses barriers investigating integrated platform foster collaboration integration agents digital twins specifically employ multiagent system approach integrate stakeholders physical mobile assets collaborative logistics representing agents introduce looselycoupled system architecture facilitates connection physical digital systems enabling integration agents digital twins using architecture implement platform testbed resulting testbed comprising physical environment digital replica digital twin integrates distributed entities involved collaborative logistics effectiveness testbed demonstrated carrier collaboration scenario paper among earliest efforts investigate integration agents digital twin concepts goes beyond conceptual discussion existing studies technical implementation integration,,,0.586,0.586
business,Academic Paper,arXiv Repository,Sustainable business decision modelling with blockchain and digital twins: A survey,"Industry 4.0 and beyond will rely heavily on sustainable Business Decision Modelling (BDM) that can be accelerated by blockchain and Digital Twin (DT) solutions. BDM is built on models and frameworks refined by key identification factors, data analysis, and mathematical or computational aspects applicable to complex business scenarios. Gaining actionable intelligence from collected data for BDM requires a carefully considered infrastructure to ensure data transparency, security, accessibility and sustainability. Organisations should consider social, economic and environmental factors (based on the triple bottom line approach) to ensure sustainability when integrating such an infrastructure. These sustainability features directly impact BDM concerning resource optimisation, stakeholder engagement, regulatory compliance and environmental impacts. To further understand these segments, taxonomies are defined to evaluate blockchain and DT sustainability features based on an in-depth review of the current state-of-the-art research. Detailed comparative evaluations provide insight into the reachability of the sustainable solution in terms of ideologies, access control and performance overheads. Several research questions are put forward to motivate further research that significantly impacts BDM. Finally, a case study based on an exemplary supply chain management system is presented to show the interoperability of blockchain and DT with BDM.",industry beyond rely heavily sustainable business decision modelling bdm accelerated blockchain digital twin dt solutions bdm built models frameworks refined key identification factors data analysis mathematical computational aspects applicable complex business scenarios gaining actionable intelligence collected data bdm requires carefully considered infrastructure ensure data transparency security accessibility sustainability organisations consider social economic environmental factors based triple bottom line approach ensure sustainability integrating infrastructure sustainability features directly impact bdm concerning resource optimisation stakeholder engagement regulatory compliance environmental impacts understand segments taxonomies defined evaluate blockchain dt sustainability features based indepth review current stateoftheart research detailed comparative evaluations provide insight reachability sustainable solution terms ideologies access control performance overheads several research questions put forward motivate research significantly impacts bdm finally case study based exemplary supply chain management system presented show interoperability blockchain dt bdm,,0.973,0.973,0.973
business,Academic Paper,arXiv Repository,Uncertainty in Supply Chain Digital Twins: A Quantum-Classical Hybrid Approach,"This study investigates uncertainty quantification (UQ) using quantum-classical hybrid machine learning (ML) models for applications in complex and dynamic fields, such as attaining resiliency in supply chain digital twins and financial risk assessment. Although quantum feature transformations have been integrated into ML models for complex data tasks, a gap exists in determining their impact on UQ within their hybrid architectures (quantum-classical approach). This work applies existing UQ techniques for different models within a hybrid framework, examining how quantum feature transformation affects uncertainty propagation. Increasing qubits from 4 to 16 shows varied model responsiveness to outlier detection (OD) samples, which is a critical factor for resilient decision-making in dynamic environments. This work shows how quantum computing techniques can transform data features for UQ, particularly when combined with classical methods.",study investigates uncertainty quantification uq using quantumclassical hybrid machine learning ml models applications complex dynamic fields attaining resiliency supply chain digital twins financial risk assessment although quantum feature transformations integrated ml models complex data tasks gap exists determining impact uq within hybrid architectures quantumclassical approach work applies existing uq techniques different models within hybrid framework examining quantum feature transformation affects uncertainty propagation increasing qubits shows varied model responsiveness outlier detection od samples critical factor resilient decisionmaking dynamic environments work shows quantum computing techniques transform data features uq particularly combined classical methods,,,,
business,Academic Paper,arXiv Repository,A Digital Twin Approach for Adaptive Compliance in Cyber-Physical Systems: Case of Smart Warehouse Logistics,"Engineering regulatory compliance in complex Cyber-Physical Systems (CPS), such as smart warehouse logistics, is challenging due to the open and dynamic nature of these systems, scales, and unpredictable modes of human-robot interactions that can be best learnt at runtime. Traditional offline approaches for engineering compliance often involve modelling at a higher, more abstract level (e.g. using languages like SysML). These abstract models only support analysis in offline-designed and simplified scenarios. However, open and complex systems may be unpredictable, and their behaviours are difficult to be fully captured by abstract models. These systems may also involve other business goals, possibly conflicting with regulatory compliance. To overcome these challenges, fine-grained simulation models are promising to complement abstract models and support accurate runtime predictions and performance evaluation with trade-off analysis. The novel contribution of this work is a Digital Twin-oriented architecture for adaptive compliance leveraging abstract goal modelling, fine-grained agent-based modelling and runtime simulation for managing compliance trade-offs. A case study from smart warehouse logistics is used to demonstrate the approach considering safety and productivity trade-offs.",engineering regulatory compliance complex cyberphysical systems cps smart warehouse logistics challenging due open dynamic nature systems scales unpredictable modes humanrobot interactions best learnt runtime traditional offline approaches engineering compliance often involve modelling higher abstract level eg using languages like sysml abstract models support analysis offlinedesigned simplified scenarios however open complex systems may unpredictable behaviours difficult fully captured abstract models systems may also involve business goals possibly conflicting regulatory compliance overcome challenges finegrained simulation models promising complement abstract models support accurate runtime predictions performance evaluation tradeoff analysis novel contribution work digital twinoriented architecture adaptive compliance leveraging abstract goal modelling finegrained agentbased modelling runtime simulation managing compliance tradeoffs case study smart warehouse logistics used demonstrate approach considering safety productivity tradeoffs,,0.969,0.969,
business,Academic Paper,arXiv Repository,Cyber-physical and business perspectives using Federated Digital Twins in multinational and multimodal transportation systems,"Digital Twin (DT) technologies promise to remove cyber-physical barriers in systems and services and provide seamless management of distributed resources effectively. Ideally, full-fledged instantiations of DT offer bi-directional features for physical-virtual representations, tackling data governance, risk assessment, security and privacy protections, resilience, and performance, to name a few characteristics. More broadly, Federated Digital Twins (FDT) are distributed physical-virtual counterparts that collaborate for enacting synchronisation and accurate mapping of multiple DT instances. In this work we focus on understanding and conceptualising the cyber-physical and business perspectives using FDT in multinational and multimodal transportation systems. These settings enforce a plethora of regulations, compliance, standards in the physical counterpart that must be carefully considered in the virtual mirroring. Our aim is to discuss the regulatory and technical underpinnings and, consequently, the existing operational and budgetary overheads to factor in when designing or operating FDT.",digital twin dt technologies promise remove cyberphysical barriers systems services provide seamless management distributed resources effectively ideally fullfledged instantiations dt offer bidirectional features physicalvirtual representations tackling data governance risk assessment security privacy protections resilience performance name characteristics broadly federated digital twins fdt distributed physicalvirtual counterparts collaborate enacting synchronisation accurate mapping multiple dt instances work focus understanding conceptualising cyberphysical business perspectives using fdt multinational multimodal transportation systems settings enforce plethora regulations compliance standards physical counterpart must carefully considered virtual mirroring aim discuss regulatory technical underpinnings consequently existing operational budgetary overheads factor designing operating fdt,0.832,0.832,,
business,Academic Paper,arXiv Repository,"Simulation Models for Sustainable, Resilient, and Optimized Global Electric Vehicles Supply Chain","While the transition to electric vehicles (EVs) is essential for decarbonizing the transportation system, the production and distribution of EVs entail substantial carbon costs. To ensure these emissions are accurately accounted for and effectively mitigated, this research introduces a digital twin of the EV's supply chain, addressing a critical gap in current EV life cycle analyses and providing the first comprehensive quantification of its environmental sustainability and resilience. This simulation model replicates global market dynamics and captures the complexity and uncertainty of the EV supply chain, enabling a thorough evaluation of its carbon footprint, sustainability, resilience, and what-if counterfactual scenarios for alternative market structures. The results reveal that average supply chain emissions range from 6.42 to 6.94 Kg e-CO2/KWh across different battery technologies. Additionally, the mass flow analysis shows unbalanced dependencies at all supply phases, with one geographical region significantly dominating the supply chain structure, highlighting the current supply chain architecture's low resilience and high vulnerability. In light of these findings, the study introduces an optimization model for hub and resource allocation configuration, effectively reducing vulnerability levels and supply chain emissions by up to 80%.",transition electric vehicles evs essential decarbonizing transportation system production distribution evs entail substantial carbon costs ensure emissions accurately accounted effectively mitigated research introduces digital twin evs supply chain addressing critical gap current ev life cycle analyses providing first comprehensive quantification environmental sustainability resilience simulation model replicates global market dynamics captures complexity uncertainty ev supply chain enabling thorough evaluation carbon footprint sustainability resilience whatif counterfactual scenarios alternative market structures results reveal average supply chain emissions range kg ecokwh across different battery technologies additionally mass flow analysis shows unbalanced dependencies supply phases one geographical region significantly dominating supply chain structure highlighting current supply chain architectures low resilience high vulnerability light findings study introduces optimization model hub resource allocation configuration effectively reducing vulnerability levels supply chain emissions,0.625,,,0.625
business,Academic Paper,arXiv Repository,Towards the Autonomous Optimization of Urban Logistics: Training Generative AI with Scientific Tools via Agentic Digital Twins and Model Context Protocol,"Optimizing urban freight logistics is critical for developing sustainable, low-carbon cities. Traditional methods often rely on manual coordination of simulation tools, optimization solvers, and expert-driven workflows, limiting their efficiency and scalability. This paper presents an agentic system architecture that leverages the model context protocol (MCP) to orchestrate multi-agent collaboration among scientific tools for autonomous, simulation-informed optimization in urban logistics. The system integrates generative AI agents with domain-specific engines - such as Gurobi for optimization and AnyLogic for agent-based simulation - forming a generative digital twin capable of reasoning, planning, and acting across multimodal freight networks. By incorporating integrated chatbots, retrieval-augmented generation, and structured memory, the framework enables agents to interpret user intent from natural language conversations, retrieve relevant datasets and models, coordinate solvers and simulators, and execute complex workflows. We demonstrate this approach through a freight decarbonization case study, showcasing how MCP enables modular, interoperable, and adaptive agent behavior across diverse toolchains. The results reveal that our system transforms digital twins from static visualizations into autonomous, decision-capable systems, advancing the frontiers of urban operations research. By enabling context-aware, generative agents to operate scientific tools automatically and collaboratively, this framework supports more intelligent, accessible, and dynamic decision-making in transportation planning and smart city management.",optimizing urban freight logistics critical developing sustainable lowcarbon cities traditional methods often rely manual coordination simulation tools optimization solvers expertdriven workflows limiting efficiency scalability paper presents agentic system architecture leverages model context protocol mcp orchestrate multiagent collaboration among scientific tools autonomous simulationinformed optimization urban logistics system integrates generative ai agents domainspecific engines gurobi optimization anylogic agentbased simulation forming generative digital twin capable reasoning planning acting across multimodal freight networks incorporating integrated chatbots retrievalaugmented generation structured memory framework enables agents interpret user intent natural language conversations retrieve relevant datasets models coordinate solvers simulators execute complex workflows demonstrate approach freight decarbonization case study showcasing mcp enables modular interoperable adaptive agent behavior across diverse toolchains results reveal system transforms digital twins static visualizations autonomous decisioncapable systems advancing frontiers urban operations research enabling contextaware generative agents operate scientific tools automatically collaboratively framework supports intelligent accessible dynamic decisionmaking transportation planning smart city management,,,,0.975
business,Academic Paper,arXiv Repository,Business Process Model for Interoperability Improvement in the Agricultural Domain Using Digital Twins,"A farm generates a lot of data from various systems, which is then stored in a distributed manner, usually in non-standardized formats, which bears the risk of data inconsistencies. This work addresses this issue by using business process management (BPM) to demonstrate that the use of digital twins (DTs) can improve interoperability between services in the agriculture domain. Steps from the BPM lifecycle were applied to a farming use case in Germany. First, the as-is business process model was discovered and modeled without DTs, analyzed and then redesigned into the to-be model according to the DT integration. The to-be model showed a reduction in the number of tasks needed to be performed by the farmer as well as an improvement of process data quality, interoperability, and efficiency. Finally, a comparison of the' average processing times of both models with the help of process simulation revealed improvements in the to-be process.",farm generates lot data various systems stored distributed manner usually nonstandardized formats bears risk data inconsistencies work addresses issue using business process management bpm demonstrate use digital twins dts improve interoperability services agriculture domain steps bpm lifecycle applied farming use case germany first asis business process model discovered modeled without dts analyzed redesigned tobe model according dt integration tobe model showed reduction number tasks needed performed farmer well improvement process data quality interoperability efficiency finally comparison average processing times models help process simulation revealed improvements tobe process,,,0.914,
business,Academic Paper,arXiv Repository,"Financial Twin Chain, a Platform to Support Financial Sustainability in Supply Chains","The financial sustainability of a generic supply chain is a complex problem, which can be addressed through detailed monitoring of financial operations deriving from stakeholder interrelationships and consequent analysis of these financial data to compute the relative economic indicators. This allows the identification of specific fintech tools that can be selected to mitigate financial risks. The intention is to retrieve the financial transactions and private information of stakeholders involved in the supply chain to construct a knowledge base and a digital twin representation that can be used to visualize, analyze, and mitigate the issues associated with the financial sustainability of the chain. We propose a software platform that employs key enabling technologies, including AI, blockchain, knowledge graph, and others, opportunely coordinated to address the financial sustainability problem affecting single stakeholders and the entire supply chain. This platform allows for the involvement of external entities that can help stakeholders or the whole supply chain to solve financial sustainability problems through economic interventions. Moreover, introducing these entities enables stakeholders less well-positioned in the market to access financial services offered by credit institutions, utilising the supply chain's internal information as evidence of its reliability. To validate the proposed idea, a case study will be presented analyzing the financial instrument of securitization.",financial sustainability generic supply chain complex problem addressed detailed monitoring financial operations deriving stakeholder interrelationships consequent analysis financial data compute relative economic indicators allows identification specific fintech tools selected mitigate financial risks intention retrieve financial transactions private information stakeholders involved supply chain construct knowledge base digital twin representation used visualize analyze mitigate issues associated financial sustainability chain propose software platform employs key enabling technologies including ai blockchain knowledge graph others opportunely coordinated address financial sustainability problem affecting single stakeholders entire supply chain platform allows involvement external entities help stakeholders whole supply chain solve financial sustainability problems economic interventions moreover introducing entities enables stakeholders less wellpositioned market access financial services offered credit institutions utilising supply chains internal information evidence reliability validate proposed idea case study presented analyzing financial instrument securitization,,,,0.273
business,Academic Paper,arXiv Repository,"Evidence-based Prescriptive Analytics, CAUSAL Digital Twin and a Learning Estimation Algorithm","Evidence-based Prescriptive Analytics (EbPA) is necessary to determine optimal operational set-points that will improve business productivity. EbPA results from what-if analysis and counterfactual experimentation on CAUSAL Digital Twins (CDTs) that quantify cause-effect relationships in the DYNAMICS of a system of connected assets. We describe the basics of Causality and Causal Graphs and develop a Learning Causal Digital Twin (LCDT) solution; our algorithm uses a simple recurrent neural network with some innovative modifications incorporating Causal Graph simulation. Since LCDT is a learning digital twin where parameters are learned online in real-time with minimal pre-configuration, the work of deploying digital twins will be significantly simplified. A proof-of-principle of LCDT was conducted using real vibration data from a system of bearings; results of causal factor estimation, what-if analysis study and counterfactual experiment are very encouraging.",evidencebased prescriptive analytics ebpa necessary determine optimal operational setpoints improve business productivity ebpa results whatif analysis counterfactual experimentation causal digital twins cdts quantify causeeffect relationships dynamics system connected assets describe basics causality causal graphs develop learning causal digital twin lcdt solution algorithm uses simple recurrent neural network innovative modifications incorporating causal graph simulation since lcdt learning digital twin parameters learned online realtime minimal preconfiguration work deploying digital twins significantly simplified proofofprinciple lcdt conducted using real vibration data system bearings results causal factor estimation whatif analysis study counterfactual experiment encouraging,,,,
business,Academic Paper,arXiv Repository,AI-Machine Learning-Enabled Tokamak Digital Twin,"In addressing the Department of Energy's April, 2022 announcement of a Bold Decadal Vision for delivering a Fusion Pilot Plant by 2035, associated software tools need to be developed for the integration of real world engineering and supply chain data with advanced science models that are accelerated with Machine Learning. An associated research and development effort has been introduced here with promising early progress on the delivery of a realistic Digital Twin Tokamak that has benefited from accelerated advances by the Princeton University AI Deep Learning innovative near-real-time simulators accompanied by technological capabilities from the NVIDIA Omniverse, an open computing platform for building and operating applications that connect with leading scientific computing visualization software. Working with the CAD files for the GA/DIII-D tokamak including equilibrium evolution as an exemplar tokamak application using Omniverse, the Princeton-NVIDIA collaboration has integrated modern AI/HPC-enabled near-real-time kinetic dynamics to connect and accelerate state-of-the-art, synthetic, HPC simulators to model fusion devices and control systems. The overarching goal is to deliver an interactive scientific digital twin of an advanced MFE tokamak that enables near-real-time simulation workflows built with Omniverse to eventually help open doors to new capabilities for generating clean power for a better future.",addressing department energys april announcement bold decadal vision delivering fusion pilot plant associated software tools need developed integration real world engineering supply chain data advanced science models accelerated machine learning associated research development effort introduced promising early progress delivery realistic digital twin tokamak benefited accelerated advances princeton university ai deep learning innovative nearrealtime simulators accompanied technological capabilities nvidia omniverse open computing platform building operating applications connect leading scientific computing visualization software working cad files gadiiid tokamak including equilibrium evolution exemplar tokamak application using omniverse princetonnvidia collaboration integrated modern aihpcenabled nearrealtime kinetic dynamics connect accelerate stateoftheart synthetic hpc simulators model fusion devices control systems overarching goal deliver interactive scientific digital twin advanced mfe tokamak enables nearrealtime simulation workflows built omniverse eventually help open doors new capabilities generating clean power better future,,,0.973,0.973
business,Academic Paper,arXiv Repository,TwinBI: An Agentic Digital Twin for Efficient Augmented Interactions with Business Intelligence Dashboards,"Business intelligence (BI) increasingly combines dashboard interaction with LLM-based assistance, but these two modes often fall out of sync during multi-step analysis. As users switch between direct dashboard manipulation and natural-language queries, it becomes difficult to preserve a consistent analytical state across filters, hierarchies, metrics, and chart context. We present TwinBI, an agentic digital-twin framework that couples an LLM-based agent system with an executable BI dashboard state. TwinBI unifies conversational interaction, dashboard manipulation, semantic grounding, and provenance tracking through a shared analytical state reconstructed from a unified interaction log. It also exposes artifacts such as schema views, SQL, logs, and an /insights command for state-grounded analytical summaries. We evaluate TwinBI in two complementary ways. In a controlled A/B benchmark with the same backbone agent, TwinBI improves exact-match accuracy from 43.3% to 63.3%, partial-credit accuracy from 48.3% to 70.8%, and substantially reduces timeout rate from 40.0% to 10.0% relative to Dashboard alone. In a usability study, participants benefited from the integrated dashboard-and-chat workflow, with high task accuracy, moderate workload, and favorable ratings for state-aware interaction mechanisms. These results suggest that TwinBI improves both agent-level analytical reliability and user-facing analytical support by turning visible dashboard state into richer actionable context. Our dataset and source code are available at: https://github.com/simonjisu/TwinBI",business intelligence bi increasingly combines dashboard interaction llmbased assistance two modes often fall sync multistep analysis users switch direct dashboard manipulation naturallanguage queries becomes difficult preserve consistent analytical state across filters hierarchies metrics chart context present twinbi agentic digitaltwin framework couples llmbased agent system executable bi dashboard state twinbi unifies conversational interaction dashboard manipulation semantic grounding provenance tracking shared analytical state reconstructed unified interaction log also exposes artifacts schema views sql logs insights command stategrounded analytical summaries evaluate twinbi two complementary ways controlled ab benchmark backbone agent twinbi improves exactmatch accuracy partialcredit accuracy substantially reduces timeout rate relative dashboard alone usability study participants benefited integrated dashboardandchat workflow high task accuracy moderate workload favorable ratings stateaware interaction mechanisms results suggest twinbi improves agentlevel analytical reliability userfacing analytical support turning visible dashboard state richer actionable context dataset source code available,,,,
business,Academic Paper,arXiv Repository,Digital twin and extended reality for teleoperation of the electric vehicle battery disassembly,"Disassembling and sorting Electric Vehicle Batteries (EVBs) supports a sustainable transition to electric vehicles by enabling a closed-loop supply chain. Currently, the manual disassembly process exposes workers to hazards, including electrocution and toxic chemicals. We propose a teleoperated system for the safe disassembly and sorting of EVBs. A human-in-the-loop can create and save disassembly sequences for unknown EVB types, enabling future automation. An RGB camera aligns the physical and digital twins of the EVB, and the digital twin of the robot is based on the Robot Operating System (ROS) middleware. This hybrid approach combines teleoperation and automation to improve safety, adaptability, and efficiency in EVB disassembly and sorting. The economic contribution is realized by reducing labor dependency and increasing throughput in battery recycling. An online pilot study was set up to evaluate the usability of the presented approach, and the results demonstrate the potential as a user-friendly solution.",disassembling sorting electric vehicle batteries evbs supports sustainable transition electric vehicles enabling closedloop supply chain currently manual disassembly process exposes workers hazards including electrocution toxic chemicals propose teleoperated system safe disassembly sorting evbs humanintheloop create save disassembly sequences unknown evb types enabling future automation rgb camera aligns physical digital twins evb digital twin robot based robot operating system ros middleware hybrid approach combines teleoperation automation improve safety adaptability efficiency evb disassembly sorting economic contribution realized reducing labor dependency increasing throughput battery recycling online pilot study set evaluate usability presented approach results demonstrate potential userfriendly solution,,,,
business,Academic Paper,arXiv Repository,Sandbox-Enabled Digital Twin for Cyber-Physical Systems,"Firmware/software in cyber-physical system (CPS) embedded devices/controllers can have vulnerabilities stemming from multiple sources such as weak security practices, outdated libraries, or supply chain attacks that induce adversarial effects under plant state-based triggers. However, pre-deployment validation of CPS controllers typically relies on digital twins that model controller logic as a black box. On the other hand, side channel monitoring and anomaly detection of CPS controller firmware/software is complementary, but is typically exercised with synthetic inputs or under specific CPS operational profiles and does not simultaneously track software execution and CPS plant evolution. To bridge this gap, we present a closed-loop digital twin framework that hosts unmodified controller binaries in a Linux sandbox (SaMOSA) with its I/O rerouted to an external plant simulator. The framework captures four time-synchronized side channels (hardware performance counters, system calls, disk activity, network activity) alongside plant state and provides orchestration hooks for automated, repeatable, parameterized runs. We demonstrate the framework on an OpenPLC runtime controlling a Modbus-connected IEEE 14-bus power system, and also briefly discuss application to robotics systems. The synchronized traces correlate internal controller execution with plant events, providing an observability foundation for online testing, coverage analysis, and vulnerability detection.",firmwaresoftware cyberphysical system cps embedded devicescontrollers vulnerabilities stemming multiple sources weak security practices outdated libraries supply chain attacks induce adversarial effects plant statebased triggers however predeployment validation cps controllers typically relies digital twins model controller logic black box hand side channel monitoring anomaly detection cps controller firmwaresoftware complementary typically exercised synthetic inputs specific cps operational profiles simultaneously track software execution cps plant evolution bridge gap present closedloop digital twin framework hosts unmodified controller binaries linux sandbox samosa io rerouted external plant simulator framework captures four timesynchronized side channels hardware performance counters system calls disk activity network activity alongside plant state provides orchestration hooks automated repeatable parameterized runs demonstrate framework openplc runtime controlling modbusconnected ieee bus power system also briefly discuss application robotics systems synchronized traces correlate internal controller execution plant events providing observability foundation online testing coverage analysis vulnerability detection,,-0.637,,
business,Academic Paper,arXiv Repository,ICtoken: An NFT for Hardware IP Protection,"Protecting integrated circuits (ICs) from piracy and theft throughout their lifecycle is a persistent and complex challenge. In order to safeguard against illicit piracy attacks, this work proposes a novel framework utilizing Non-Fungible Tokens (NFTs) called ICtokens, uniquely linked to their corresponding physical ICs. Each ICtoken contains comprehensive information, including authentication data, supply chain stage and status, ownership details, and other IC metadata, while also making provision for the secure integration of a logic-locking key. Designed to be publicly logged, ICtokens securely obscure metering information without compromising functionality. In addition, the ICtracker, a distributed ledger technology powered by a swift and energy-efficient consortium blockchain, is used to register and manage ICtokens and their respective owners, tracking all associated interactions. This robust ledger guarantees the traceability and auditing of ICtokens while simultaneously developing a product-level NFT at every transaction point within the supply chain. Consequently, a scalable framework is established, creating unique, immutable digital twins for ICs and IC-embedded products in the form of ICtokens and their transactions. This provides a robust and reliable supply chain trail back to the original IP owner, while also offering unprecedented assurance to consumers of IC-embedded products. The rich information contained within ICtokens facilitates more detailed audits than previous proposals for IC supply chain monitoring. A proof-of-concept, implemented as an open-source solution, ensures the ease of adoption of the proposed framework.",protecting integrated circuits ics piracy theft throughout lifecycle persistent complex challenge order safeguard illicit piracy attacks work proposes novel framework utilizing nonfungible tokens nfts called ictokens uniquely linked corresponding physical ics ictoken contains comprehensive information including authentication data supply chain stage status ownership details ic metadata also making provision secure integration logiclocking key designed publicly logged ictokens securely obscure metering information without compromising functionality addition ictracker distributed ledger technology powered swift energyefficient consortium blockchain used register manage ictokens respective owners tracking associated interactions robust ledger guarantees traceability auditing ictokens simultaneously developing productlevel nft every transaction point within supply chain consequently scalable framework established creating unique immutable digital twins ics icembedded products form ictokens transactions provides robust reliable supply chain trail back original ip owner also offering unprecedented assurance consumers icembedded products rich information contained within ictokens facilitates detailed audits previous proposals ic supply chain monitoring proofofconcept implemented opensource solution ensures ease adoption proposed framework,,,0.981,0.981
business,Academic Paper,arXiv Repository,Implementation of Autonomous Supply Chains for Digital Twinning: a Multi-Agent Approach,"Trade disruptions, the pandemic, and the Ukraine war over the past years have adversely affected global supply chains, revealing their vulnerability. Autonomous supply chains are an emerging topic that has gained attention in industry and academia as a means of increasing their monitoring and robustness. While many theoretical frameworks exist, there is only sparse work to facilitate generalisable technical implementation. We address this gap by investigating multi-agent system approaches for implementing autonomous supply chains, presenting an autonomous economic agent-based technical framework. We illustrate this framework with a prototype, studied in a perishable food supply chain scenario, and discuss possible extensions.",trade disruptions pandemic ukraine war past years adversely affected global supply chains revealing vulnerability autonomous supply chains emerging topic gained attention industry academia means increasing monitoring robustness many theoretical frameworks exist sparse work facilitate generalisable technical implementation address gap investigating multiagent system approaches implementing autonomous supply chains presenting autonomous economic agentbased technical framework illustrate framework prototype studied perishable food supply chain scenario discuss possible extensions,,,,
business,Academic Paper,arXiv Repository,Bridging the Linear-Quadratic Gap: A Quantum-Classical Hybrid Approach to Robust Supply Chain Design,"The design of supply chain networks in densely populated urban logistics systems faces a timely dilemma: the traditional optimisation approaches are effective to maximise the level of demand perfusion, but they are limited to embracing large expenses in overlapping the facilities and cannibalisation in the market. When tested on a high-fidelity digital twin of the Delhi NCR road network of thirty candidate sites, we establish that Classical Greedy algorithms using the theoretical maximum demand of (473 units) lack any theoretical overlap penalty, but incur a prohibitive overlap penalty (5.08). Here, in comparison, the Quantum-Inspired solution only losses 3.2% of demand (450 compared to 465 units relative to the optimal solution), but the solution preserves 21.8% less operational overlap risk (3.26 compared to 4.17), which can be viewed as a 35.8% improvement compared to the Greedy solution. Geospatial analysis shows that it can be attributed to a shift in strategies: This, in contrast to Classical approaches, which focus on locating facilities in the high-density central areas (North/Central Delhi), the quantum-inspired solver autonomously chooses the diversified topology of the North-south network, penetrating into the underserved periphery growth markets. This is a spatially balanced arrangement which is congruent to the polycentric structure of modern time megacities, and displays better stability to volatility in demand. We have shown that quantum-inspired optimisation methods can close the so-called Linear-Quadratic Gap phenomenon, i.e. the systematic inability of greedy methods to capture the actual quadratic interactions between facilities, and offer a way of computing the pathway to operationally robust and risk-optimised supply chain networks in dense urban conditions.",design supply chain networks densely populated urban logistics systems faces timely dilemma traditional optimisation approaches effective maximise level demand perfusion limited embracing large expenses overlapping facilities cannibalisation market tested highfidelity digital twin delhi ncr road network thirty candidate sites establish classical greedy algorithms using theoretical maximum demand units lack theoretical overlap penalty incur prohibitive overlap penalty comparison quantuminspired solution losses demand compared units relative optimal solution solution preserves less operational overlap risk compared viewed improvement compared greedy solution geospatial analysis shows attributed shift strategies contrast classical approaches focus locating facilities highdensity central areas northcentral delhi quantuminspired solver autonomously chooses diversified topology northsouth network penetrating underserved periphery growth markets spatially balanced arrangement congruent polycentric structure modern time megacities displays better stability volatility demand shown quantuminspired optimisation methods close socalled linearquadratic gap phenomenon ie systematic inability greedy methods capture actual quadratic interactions facilities offer way computing pathway operationally robust riskoptimised supply chain networks dense urban conditions,,,,
business,Academic Paper,arXiv Repository,Improving GNSS Positioning in Challenging Urban Areas by Digital Twin Database Correction,"Accurate positioning technology is the foundation for industry and business applications. Although indoor and outdoor positioning techniques have been well studied separately, positioning performance in the intermediate period of changing the positioning environment is still challenging. This paper proposed a digital twin-aided positioning correction method for seamless positioning focusing on improving the receiver's outdoor positioning performance in urban areas, where the change of the positioning environment usually happens. The proposed algorithm will simulate the positioning solution for virtual receivers in a grid-based digital twin. Based on the simulated positioning solutions, a statistical model will be used to study the positioning characteristics and generate a correction information database for real receivers to improve their positioning performance. This algorithm has a low computation load on the receiver side and does not require a specially designed antenna, making it implementable for small-sized devices.",accurate positioning technology foundation industry business applications although indoor outdoor positioning techniques well studied separately positioning performance intermediate period changing positioning environment still challenging paper proposed digital twinaided positioning correction method seamless positioning focusing improving receivers outdoor positioning performance urban areas change positioning environment usually happens proposed algorithm simulate positioning solution virtual receivers gridbased digital twin based simulated positioning solutions statistical model used study positioning characteristics generate correction information database real receivers improve positioning performance algorithm low computation load receiver side require specially designed antenna making implementable smallsized devices,,,,
business,Academic Paper,arXiv Repository,SupplyNetPy: An Open-Source Python Library for High-Fidelity Modeling and Simulation of Arbitrary Supply Chain and Inventory Networks,"This paper introduces SupplyNetPy, an open-source, well-documented Python library for modeling and discrete-event simulation of supply chain networks with arbitrary multi-echelon structures. It supports multiple replenishment policies, perishable inventory, node disruptions, and stochastic demand and lead times. All components are extensible via inheritance. Users describe a supply chain as a graph with node and link attributes, while the library handles simulation, providing logs and extensive node and network level performance reports. This paper presents the motivation, design, key features, and architecture of SupplyNetPy, along with detailed validation results (against analytical benchmarks, a commercial tool, and a published case study). A key motivation behind SupplyNetPy's development is programmatic generation and simulation of complex models, enabling design-space exploration, what-if analysis, training data generation, and supply chain digital twins.",paper introduces supplynetpy opensource welldocumented python library modeling discreteevent simulation supply chain networks arbitrary multiechelon structures supports multiple replenishment policies perishable inventory node disruptions stochastic demand lead times components extensible via inheritance users describe supply chain graph node link attributes library handles simulation providing logs extensive node network level performance reports paper presents motivation design key features architecture supplynetpy along detailed validation results analytical benchmarks commercial tool published case study key motivation behind supplynetpys development programmatic generation simulation complex models enabling designspace exploration whatif analysis training data generation supply chain digital twins,,,,
business,Academic Paper,arXiv Repository,Digital Twin for Secure Semiconductor Lifecycle Management: Prospects and Applications,"The expansive globalization of the semiconductor supply chain has introduced numerous untrusted entities into different stages of a device's lifecycle. To make matters worse, the increase complexity in the design as well as aggressive time to market requirements of the newer generation of integrated circuits can lead either designers to unintentionally introduce security vulnerabilities or verification engineers to fail in detecting them earlier in the design lifecycle. These overlooked or undetected vulnerabilities can be exploited by malicious entities in subsequent stages of the lifecycle through an ever widening variety of hardware attacks. The ability to ascertain the provenance of these vulnerabilities, therefore, becomes a pressing issue when the security assurance across the whole lifecycle is required to be ensured. We posit that if there is a malicious or unintentional breach of security policies of a device, it will be reflected in the form of anomalies in the traditional design, verification and testing activities throughout the lifecycle. With that, a digital simulacrum of a device's lifecycle, called a digital twin (DT), can be formed by the data gathered from different stages to secure the lifecycle of the device. In this paper, we put forward a realization of intertwined relationships of security vulnerabilities with data available from the silicon lifecycle and formulate different components of an AI driven DT framework. The proposed DT framework leverages these relationships and relational learning to achieve Forward and Backward Trust Analysis functionalities enabling security aware management of the entire lifecycle. Finally, we provide potential future research avenues and challenges for realization of the digital twin framework to enable secure semiconductor lifecycle management.",expansive globalization semiconductor supply chain introduced numerous untrusted entities different stages devices lifecycle make matters worse increase complexity design well aggressive time market requirements newer generation integrated circuits lead either designers unintentionally introduce security vulnerabilities verification engineers fail detecting earlier design lifecycle overlooked undetected vulnerabilities exploited malicious entities subsequent stages lifecycle ever widening variety hardware attacks ability ascertain provenance vulnerabilities therefore becomes pressing issue security assurance across whole lifecycle required ensured posit malicious unintentional breach security policies device reflected form anomalies traditional design verification testing activities throughout lifecycle digital simulacrum devices lifecycle called digital twin dt formed data gathered different stages secure lifecycle device paper put forward realization intertwined relationships security vulnerabilities data available silicon lifecycle formulate different components ai driven dt framework proposed dt framework leverages relationships relational learning achieve forward backward trust analysis functionalities enabling security aware management entire lifecycle finally provide potential future research avenues challenges realization digital twin framework enable secure semiconductor lifecycle management,,0.84,,
business,Academic Paper,arXiv Repository,Model bias identification for Bayesian calibration of stochastic digital twins of bridges,"Simulation-based digital twins must provide accurate, robust and reliable digital representations of their physical counterparts. Quantifying the uncertainty in their predictions plays, therefore, a key role in making better-informed decisions that impact the actual system. The update of the simulation model based on data must be then carefully implemented. When applied to complex standing structures such as bridges, discrepancies between the computational model and the real system appear as model bias, which hinders the trustworthiness of the digital twin and increases its uncertainty. Classical Bayesian updating approaches aiming to infer the model parameters often fail at compensating for such model bias, leading to overconfident and unreliable predictions. In this paper, two alternative model bias identification approaches are evaluated in the context of their applicability to digital twins of bridges. A modularized version of Kennedy and O'Hagan's approach and another one based on Orthogonal Gaussian Processes are compared with the classical Bayesian inference framework in a set of representative benchmarks. Additionally, two novel extensions are proposed for such models: the inclusion of noise-aware kernels and the introduction of additional variables not present in the computational model through the bias term. The integration of such approaches in the digital twin corrects the predictions, quantifies their uncertainty, estimates noise from unknown physical sources of error and provides further insight into the system by including additional pre-existing information without modifying the computational model.",simulationbased digital twins must provide accurate robust reliable digital representations physical counterparts quantifying uncertainty predictions plays therefore key role making betterinformed decisions impact actual system update simulation model based data must carefully implemented applied complex standing structures bridges discrepancies computational model real system appear model bias hinders trustworthiness digital twin increases uncertainty classical bayesian updating approaches aiming infer model parameters often fail compensating model bias leading overconfident unreliable predictions paper two alternative model bias identification approaches evaluated context applicability digital twins bridges modularized version kennedy ohagans approach another one based orthogonal gaussian processes compared classical bayesian inference framework set representative benchmarks additionally two novel extensions proposed models inclusion noiseaware kernels introduction additional variables present computational model bias term integration approaches digital twin corrects predictions quantifies uncertainty estimates noise unknown physical sources error provides insight system including additional preexisting information without modifying computational model,,,-0.718,
business,Academic Paper,arXiv Repository,Change Management using Generative Modeling on Digital Twins,"A key challenge faced by small and medium-sized business entities is securely managing software updates and changes. Specifically, with rapidly evolving cybersecurity threats, changes/updates/patches to software systems are necessary to stay ahead of emerging threats and are often mandated by regulators or statutory authorities to counter these. However, security patches/updates require stress testing before they can be released in the production system. Stress testing in production environments is risky and poses security threats. Large businesses usually have a non-production environment where such changes can be made and tested before being released into production. Smaller businesses do not have such facilities. In this work, we show how ""digital twins"", especially for a mix of IT and IoT environments, can be created on the cloud. These digital twins act as a non-production environment where changes can be applied, and the system can be securely tested before patch release. Additionally, the non-production digital twin can be used to collect system data and run stress tests on the environment, both manually and automatically. In this paper, we show how using a small sample of real data/interactions, Generative Artificial Intelligence (AI) models can be used to generate testing scenarios to check for points of failure.",key challenge faced small mediumsized business entities securely managing software updates changes specifically rapidly evolving cybersecurity threats changesupdatespatches software systems necessary stay ahead emerging threats often mandated regulators statutory authorities counter however security patchesupdates require stress testing released production system stress testing production environments risky poses security threats large businesses usually nonproduction environment changes made tested released production smaller businesses facilities work show digital twins especially mix iot environments created cloud digital twins act nonproduction environment changes applied system securely tested patch release additionally nonproduction digital twin used collect system data run stress tests environment manually automatically paper show using small sample real datainteractions generative artificial intelligence ai models used generate testing scenarios check points failure,,-0.784,-0.784,
business,Academic Paper,arXiv Repository,Empowering Cognitive Digital Twins with Generative Foundation Models: Developing a Low-Carbon Integrated Freight Transportation System,"Effective monitoring of freight transportation is essential for advancing sustainable, low-carbon economies. Traditional methods relying on single-modal data and discrete simulations fall short in optimizing intermodal systems holistically. These systems involve interconnected processes that affect shipping time, costs, emissions, and socio-economic factors. Developing digital twins for real-time awareness, predictive analytics, and urban logistics optimization requires extensive efforts in knowledge discovery, data integration, and multi-domain simulation. Recent advancements in generative AI offer new opportunities to streamline digital twin development by automating knowledge discovery and data integration, generating innovative simulation and optimization solutions. These models extend digital twins' capabilities by promoting autonomous workflows for data engineering, analytics, and software development. This paper proposes an innovative paradigm that leverages generative AI to enhance digital twins for urban research and operations. Using freight decarbonization as a case study, we propose a conceptual framework employing transformer-based language models to enhance an urban digital twin through foundation models. We share preliminary results and our vision for more intelligent, autonomous, and general-purpose digital twins for optimizing integrated freight systems from multimodal to synchromodal paradigms.",effective monitoring freight transportation essential advancing sustainable lowcarbon economies traditional methods relying singlemodal data discrete simulations fall short optimizing intermodal systems holistically systems involve interconnected processes affect shipping time costs emissions socioeconomic factors developing digital twins realtime awareness predictive analytics urban logistics optimization requires extensive efforts knowledge discovery data integration multidomain simulation recent advancements generative ai offer new opportunities streamline digital twin development automating knowledge discovery data integration generating innovative simulation optimization solutions models extend digital twins capabilities promoting autonomous workflows data engineering analytics software development paper proposes innovative paradigm leverages generative ai enhance digital twins urban research operations using freight decarbonization case study propose conceptual framework employing transformerbased language models enhance urban digital twin foundation models share preliminary results vision intelligent autonomous generalpurpose digital twins optimizing integrated freight systems multimodal synchromodal paradigms,0.985,,0.985,0.985
business,Academic Paper,arXiv Repository,A blockchain-based intelligent recommender system framework for enhancing supply chain resilience,"Applying advanced digital technologies such as artificial intelligence (AI), blockchain (BLC), bigdata analytics (BDA) and digital twin (DT)/simulations to enhance supply chain resilience (SCRes) has been widely discussed in light of the global pandemic, regional conflicts, and the technology revolution such as Industry 4.0 and 5.0. Previous studies are limited at the conceptual level as the proactive SCRes measure with a standalone fashion. The intelligent recommendation system (IRS) obtains the capabilities for enhancing SCRes as a reactive digital measure. However, the utilization of the IRS as the SCRes enhancement tool is neglected, investigation on implementing the IRS for the SC disruption response is yet to come. To close these gaps, a data-driven supply chain disruption response IRS baseline framework was proposed by this research as an initial SCRes reactive solution. To guarantee the reliability of the proposed IRS as a stable, secure, and resilient decision support system, blockchain technology is integrated into the baseline architecture. The BLC-IRS framework is demonstrated with user prototype and industrial case to present its executable functions. A system dynamics (SD) simulation model is adopted to validate the BLC-IRS framework, the simulation results indicated that our proposed BLC-IRS can be implemented as an effective a SC disruption response measure. Our developed BLC-IRS contributes an executable SCRes digital solution with synthetic technologies as a reactive SCRes measure, enabled users to mitigate the firm and partial network level disruption in an agile and safe manner.",applying advanced digital technologies artificial intelligence ai blockchain blc bigdata analytics bda digital twin dtsimulations enhance supply chain resilience scres widely discussed light global pandemic regional conflicts technology revolution industry previous studies limited conceptual level proactive scres measure standalone fashion intelligent recommendation system irs obtains capabilities enhancing scres reactive digital measure however utilization irs scres enhancement tool neglected investigation implementing irs sc disruption response yet come close gaps datadriven supply chain disruption response irs baseline framework proposed research initial scres reactive solution guarantee reliability proposed irs stable secure resilient decision support system blockchain technology integrated baseline architecture blcirs framework demonstrated user prototype industrial case present executable functions system dynamics sd simulation model adopted validate blcirs framework simulation results indicated proposed blcirs implemented effective sc disruption response measure developed blcirs contributes executable scres digital solution synthetic technologies reactive scres measure enabled users mitigate firm partial network level disruption agile safe manner,,,,
business,Academic Paper,arXiv Repository,"Revisiting Digital Twins: Origins, Fundamentals and Practices","The Digital Twins (DT) has quickly become a hot topic since it was proposed. It not only appears in all kinds of commercial propaganda, but also is widely quoted by academic circles. However, there are misstatements and misuse of the term DT in business and academy. This paper revisits Digital Twins and defines it to be a more advanced system/product/service modelling and simulation environment that combines the most modern Information Communication Technology (ICTs) and engineering mechanisms digitization, and characterized by system/product/service life cycle management, physically geometric visualization, real-time sensing and measurement of system operating conditions, predictability of system performance/safety/lifespan, complete engineering mechanisms-based simulations. The idea of Digital Twins originates from modelling and simulation practices of engineering informatization, including Virtual Manufacturing (VM), Model Predictive Control (MPC), and Building Information Model (BIM). Based on the two-element VM model, we propose a three-element model to represent Digital Twins. Digital Twins does not have its own unique technical characteristics; the existing practices of Digital Twins are extensions of the engineering informatization embracing modern ICTs. These insights clarify the origin of Digital Twins and its technical essentials.",digital twins dt quickly become hot topic since proposed appears kinds commercial propaganda also widely quoted academic circles however misstatements misuse term dt business academy paper revisits digital twins defines advanced systemproductservice modelling simulation environment combines modern information communication technology icts engineering mechanisms digitization characterized systemproductservice life cycle management physically geometric visualization realtime sensing measurement system operating conditions predictability system performancesafetylifespan complete engineering mechanismsbased simulations idea digital twins originates modelling simulation practices engineering informatization including virtual manufacturing vm model predictive control mpc building information model bim based twoelement vm model propose threeelement model represent digital twins digital twins unique technical characteristics existing practices digital twins extensions engineering informatization embracing modern icts insights clarify origin digital twins technical essentials,,,,
business,Academic Paper,arXiv Repository,The Design of a 3D Character Animation System for Digital Twins in the Metaverse,"In the context of Industry 4.0, digital twin technology has emerged with rapid advancements as a powerful tool for visualizing and analyzing industrial assets. This technology has attracted considerable interest from researchers across diverse domains such as manufacturing, security, transportation, and gaming. The metaverse has emerged as a significant enabler in these domains, facilitating the integration of various technologies to create virtual replicas of physical assets. The utilization of 3D character animation, often referred to as avatars, is crucial for implementing the metaverse. Traditionally, costly motion capture technologies are employed for creating a realistic avatar system. To meet the needs of this evolving landscape, we have developed a modular framework tailored for asset digital twins as a more affordable alternative. This framework offers flexibility for the independent customization of individual system components. To validate our approach, we employ the English peg solitaire game as a use case, generating a solution tree using the breadth-first search algorithm. The results encompass both qualitative and quantitative findings of a data-driven 3D animation system utilizing motion primitives. The presented methodologies and infrastructure are adaptable and modular, making them applicable to asset digital twins across diverse business contexts. This case study lays the groundwork for pilot applications and can be tailored for education, health, or Industry 4.0 material development.",context industry digital twin technology emerged rapid advancements powerful tool visualizing analyzing industrial assets technology attracted considerable interest researchers across diverse domains manufacturing security transportation gaming metaverse emerged significant enabler domains facilitating integration various technologies create virtual replicas physical assets utilization character animation often referred avatars crucial implementing metaverse traditionally costly motion capture technologies employed creating realistic avatar system meet needs evolving landscape developed modular framework tailored asset digital twins affordable alternative framework offers flexibility independent customization individual system components validate approach employ english peg solitaire game use case generating solution tree using breadthfirst search algorithm results encompass qualitative quantitative findings datadriven animation system utilizing motion primitives presented methodologies infrastructure adaptable modular making applicable asset digital twins across diverse business contexts case study lays groundwork pilot applications tailored education health industry material development,0.978,0.978,0.978,
business,Academic Paper,arXiv Repository,Digital Twin-Empowered Smart Attack Detection System for 6G Edge of Things Networks,"As global Internet of Things (IoT) devices connectivity surges, a significant portion gravitates towards the Edge of Things (EoT) network. This shift prompts businesses to deploy infrastructure closer to end-users, enhancing accessibility. However, the growing EoT network expands the attack surface, necessitating robust and proactive security measures. Traditional solutions fall short against dynamic EoT threats, highlighting the need for proactive and intelligent systems. We introduce a digital twin-empowered smart attack detection system for 6G EoT networks. Leveraging digital twin and edge computing, it monitors and simulates physical assets in real time, enhancing security. An online learning module in the proposed system optimizes the network performance. Our system excels in proactive threat detection, ensuring 6G EoT network security. The performance evaluations demonstrate its effectiveness, robustness, and adaptability using real datasets.",global internet things iot devices connectivity surges significant portion gravitates towards edge things eot network shift prompts businesses deploy infrastructure closer endusers enhancing accessibility however growing eot network expands attack surface necessitating robust proactive security measures traditional solutions fall short dynamic eot threats highlighting need proactive intelligent systems introduce digital twinempowered smart attack detection system g eot networks leveraging digital twin edge computing monitors simulates physical assets real time enhancing security online learning module proposed system optimizes network performance system excels proactive threat detection ensuring g eot network security performance evaluations demonstrate effectiveness robustness adaptability using real datasets,,0.974,0.974,
business,Academic Paper,arXiv Repository,An Overview of Digital Twins Application Domains in Smart Energy Grid,"The Digital Twins offer promising solutions for smart grid challenges related to the optimal operation, management, and control of energy assets, for safe and reliable distribution of energy. These challenges are more pressing nowadays than ever due to the large-scale adoption of distributed renewable resources at the edge of the grid. The digital twins are leveraging technologies such as the Internet of Things, big data analytics, machine learning, and cloud computing, to analyze data from different energy sensors, view and verify the status of physical energy assets and extract useful information to predict and optimize the assets performance. In this paper, we will provide an overview of the Digital Twins application domains in the smart grid while analyzing existing the state of the art literature. We have focused on the following application domains: energy asset modeling, fault and security diagnosis, operational optimization, and business models. Most of the relevant literature approaches found are published in the last three years showing that the domain of Digital Twins application in smart grid is hot and gradually developing. Anyway, there is no unified view on the Digital Twins implementation and integration with energy management processes, thus, much work still needs to be done to understand and automatize the smart grid management.",digital twins offer promising solutions smart grid challenges related optimal operation management control energy assets safe reliable distribution energy challenges pressing nowadays ever due largescale adoption distributed renewable resources edge grid digital twins leveraging technologies internet things big data analytics machine learning cloud computing analyze data different energy sensors view verify status physical energy assets extract useful information predict optimize assets performance paper provide overview digital twins application domains smart grid analyzing existing state art literature focused following application domains energy asset modeling fault security diagnosis operational optimization business models relevant literature approaches found published last three years showing domain digital twins application smart grid hot gradually developing anyway unified view digital twins implementation integration energy management processes thus much work still needs done understand automatize smart grid management,,0.993,0.993,0.993
business,Academic Paper,arXiv Repository,A Patient-Specific Digital Twin for Adaptive Radiotherapy of Non-Small Cell Lung Cancer,"Radiotherapy continues to become more precise and data dense, with current treatment regimens generating high frequency imaging and dosimetry streams ideally suited for AI driven temporal modeling to characterize how normal tissues evolve with time. Each fraction in biologically guided radiotherapy(BGRT) treated non small cell lung cancer (NSCLC) patients records new metabolic, anatomical, and dose information. However, clinical decision making is largely informed by static, population based NTCP models which overlook the dynamic, unique biological trajectories encoded in sequential data. We developed COMPASS (Comprehensive Personalized Assessment System) for safe radiotherapy, functioning as a temporal digital twin architecture utilizing per fraction PET, CT, dosiomics, radiomics, and cumulative biologically equivalent dose (BED) kinetics to model normal tissue biology as a dynamic time series process. A GRU autoencoder was employed to learn organ specific latent trajectories, which were classified via logistic regression to predict eventual CTCAE grade 1 or higher toxicity. Eight NSCLC patients undergoing BGRT contributed to the 99 organ fraction observations covering 24 organ trajectories (spinal cord, heart, and esophagus). Despite the small cohort, intensive temporal phenotyping allowed for comprehensive analysis of individual dose response dynamics. Our findings revealed a viable AI driven early warning window, as increasing risk ratings occurred from several fractions before clinical toxicity. The dense BED driven representation revealed biologically relevant spatial dose texture characteristics that occur before toxicity and are averaged out with traditional volume based dosimetry. COMPASS establishes a proof of concept for AI enabled adaptive radiotherapy, where treatment is guided by a continually updated digital twin that tracks each patients evolving biological response.",radiotherapy continues become precise data dense current treatment regimens generating high frequency imaging dosimetry streams ideally suited ai driven temporal modeling characterize normal tissues evolve time fraction biologically guided radiotherapybgrt treated non small cell lung cancer nsclc patients records new metabolic anatomical dose information however clinical decision making largely informed static population based ntcp models overlook dynamic unique biological trajectories encoded sequential data developed compass comprehensive personalized assessment system safe radiotherapy functioning temporal digital twin architecture utilizing per fraction pet ct dosiomics radiomics cumulative biologically equivalent dose bed kinetics model normal tissue biology dynamic time series process gru autoencoder employed learn organ specific latent trajectories classified via logistic regression predict eventual ctcae grade higher toxicity eight nsclc patients undergoing bgrt contributed organ fraction observations covering organ trajectories spinal cord heart esophagus despite small cohort intensive temporal phenotyping allowed comprehensive analysis individual dose response dynamics findings revealed viable ai driven early warning window increasing risk ratings occurred several fractions clinical toxicity dense bed driven representation revealed biologically relevant spatial dose texture characteristics occur toxicity averaged traditional volume based dosimetry compass establishes proof concept ai enabled adaptive radiotherapy treatment guided continually updated digital twin tracks patients evolving biological response,,,,
business,Academic Paper,arXiv Repository,Biodiversity data standards for the organization and dissemination of complex research projects and digital twins: a guide,"Biodiversity data are substantially increasing, spurred by technological advances and community (citizen) science initiatives. To integrate data is, likewise, becoming more commonplace. Open science promotes open sharing and data usage. Data standardization is an instrument for the organization and integration of biodiversity data, which is required for complex research projects and digital twins. However, just like with an actual instrument, there is a learning curve to understanding the data standards field. Here we provide a guide, for data providers and data users, on the logistics of compiling and utilizing biodiversity data. We emphasize data standards, because they are integral to data integration. Three primary avenues for compiling biodiversity data are compared, explaining the importance of research infrastructures for coordinated long-term data aggregation. We exemplify the Biodiversity Digital Twin (BioDT) as a case study. Four approaches to data standardization are presented in terms of the balance between practical constraints and the advancement of the data standards field. We aim for this paper to guide and raise awareness of the existing issues related to data standardization, and especially how data standards are key to data interoperability, i.e., machine accessibility. The future is promising for computational biodiversity advancements, such as with the BioDT project, but it rests upon the shoulders of machine actionability and readability, and that requires data standards for computational communication.",biodiversity data substantially increasing spurred technological advances community citizen science initiatives integrate data likewise becoming commonplace open science promotes open sharing data usage data standardization instrument organization integration biodiversity data required complex research projects digital twins however like actual instrument learning curve understanding data standards field provide guide data providers data users logistics compiling utilizing biodiversity data emphasize data standards integral data integration three primary avenues compiling biodiversity data compared explaining importance research infrastructures coordinated longterm data aggregation exemplify biodiversity digital twin biodt case study four approaches data standardization presented terms balance practical constraints advancement data standards field aim paper guide raise awareness existing issues related data standardization especially data standards key data interoperability ie machine accessibility future promising computational biodiversity advancements biodt project rests upon shoulders machine actionability readability requires data standards computational communication,,,0.898,
business,Academic Paper,arXiv Repository,Autonomy Oriented Digital Twins for Real2Sim2Real Autoware Deployment,"Modeling and simulation of autonomous vehicles plays a crucial role in achieving enterprise-scale realization that aligns with technical, business and regulatory requirements. Contemporary trends in digital lifecycle treatment have proven beneficial to support SBD as well as V&V of these complex systems. Although, the development of appropriate fidelity simulation models capable of capturing the intricate real-world physics and graphics (real2sim), while enabling real-time interactivity for decision-making, has remained a challenge. Nevertheless, recent advances in AI-based tools and workflows, such as online deep-learning algorithms leveraging live-streaming data sources, offer the tantalizing potential for real-time system-identification and adaptive modeling to simulate vehicles, environments, as well as their interactions. This transition from virtual prototypes to digital twins not only improves simulation fidelity and real-time factor, but can also support the development of online adaption/augmentation techniques that can help bridge the gap between simulation and reality (sim2real). In such a milieu, this work focuses on developing autonomy-oriented digital twins of vehicles across different scales and configurations to help support the streamlined development and deployment of Autoware stack, using a unified real2sim2real toolchain. Particularly, the core deliverable for this project was to integrate the Autoware stack with AutoDRIVE Ecosystem to demonstrate end-to-end task of map-based autonomous navigation. This work discusses the development of vehicle and environment digital twins using AutoDRIVE Ecosystem, along with various APIs and HMIs to connect with the same, followed by a detailed section on AutoDRIVE-Autoware integration. Furthermore, this study describes the first-ever off-road deployment of the Autoware stack, expanding the ODD beyond on-road autonomous navigation.",modeling simulation autonomous vehicles plays crucial role achieving enterprisescale realization aligns technical business regulatory requirements contemporary trends digital lifecycle treatment proven beneficial support sbd well vv complex systems although development appropriate fidelity simulation models capable capturing intricate realworld physics graphics realsim enabling realtime interactivity decisionmaking remained challenge nevertheless recent advances aibased tools workflows online deeplearning algorithms leveraging livestreaming data sources offer tantalizing potential realtime systemidentification adaptive modeling simulate vehicles environments well interactions transition virtual prototypes digital twins improves simulation fidelity realtime factor also support development online adaptionaugmentation techniques help bridge gap simulation reality simreal milieu work focuses developing autonomyoriented digital twins vehicles across different scales configurations help support streamlined development deployment autoware stack using unified realsimreal toolchain particularly core deliverable project integrate autoware stack autodrive ecosystem demonstrate endtoend task mapbased autonomous navigation work discusses development vehicle environment digital twins using autodrive ecosystem along various apis hmis connect followed detailed section autodriveautoware integration furthermore study describes firstever offroad deployment autoware stack expanding odd beyond onroad autonomous navigation,,,0.978,
business,Academic Paper,arXiv Repository,Artificial Intelligence for Modeling & Simulation in Digital Twins,"The convergence of modeling & simulation (M&S) and artificial intelligence (AI) is leaving its marks on advanced digital technology. Pertinent examples are digital twins (DTs) - high-fidelity, live representations of physical assets, and frequent enablers of corporate digital maturation and transformation. Often seen as technological platforms that integrate an array of services, DTs have the potential to bring AI-enabled M&S closer to end-users. It is, therefore, paramount to understand the role of M&S in DTs, and the role of digital twins in enabling the convergence of AI and M&S. To this end, this chapter provides a comprehensive exploration of the complementary relationship between these three. We begin by establishing a foundational understanding of DTs by detailing their key components, architectural layers, and their various roles across business, development, and operations. We then examine the central role of M&S in DTs and provide an overview of key modeling techniques from physics-based and discrete-event simulation to hybrid approaches. Subsequently, we investigate the bidirectional role of AI: first, how AI enhances DTs through advanced analytics, predictive capabilities, and autonomous decision-making, and second, how DTs serve as valuable platforms for training, validating, and deploying AI models. The chapter concludes by identifying key challenges and future research directions for creating more integrated and intelligent systems.",convergence modeling simulation ms artificial intelligence ai leaving marks advanced digital technology pertinent examples digital twins dts highfidelity live representations physical assets frequent enablers corporate digital maturation transformation often seen technological platforms integrate array services dts potential bring aienabled ms closer endusers therefore paramount understand role ms dts role digital twins enabling convergence ai ms end chapter provides comprehensive exploration complementary relationship three begin establishing foundational understanding dts detailing key components architectural layers various roles across business development operations examine central role ms dts provide overview key modeling techniques physicsbased discreteevent simulation hybrid approaches subsequently investigate bidirectional role ai first ai enhances dts advanced analytics predictive capabilities autonomous decisionmaking second dts serve valuable platforms training validating deploying ai models chapter concludes identifying key challenges future research directions creating integrated intelligent systems,,,,
