timestamp,admissions,discharges,staff_count,flu_cases,bed_occupancy
2019-01-01 00:00:00,28,26,47,5,85.06
2019-01-01 01:00:00,24,23,48,4,85.26
2019-01-01 02:00:00,18,16,47,4,75.86
2019-01-01 03:00:00,25,23,52,5,88.9
2019-01-01 04:00:00,24,21,40,5,76.99
2019-01-01 05:00:00,20,17,47,3,84.0
2019-01-01 06:00:00,24,24,55,5,73.98
2019-01-01 07:00:00,21,17,52,4,84.41
2019-01-01 08:00:00,23,23,51,6,79.1
2019-01-01 09:00:00,26,23,47,7,80.94
2019-01-01 10:00:00,17,17,45,2,84.29
2019-01-01 11:00:00,25,24,46,5,84.25
2019-01-01 12:00:00,24,23,45,5,84.02
2019-01-01 13:00:00,35,33,48,6,70.84
2019-01-01 14:00:00,22,22,49,4,79.77
2019-01-01 15:00:00,24,24,38,6,86.8
2019-01-01 16:00:00,21,18,40,6,79.53
2019-01-01 17:00:00,17,17,40,1,87.94
2019-01-01 18:00:00,23,21,42,7,86.2
2019-01-01 19:00:00,27,24,44,2,79.97
2019-01-01 20:00:00,32,30,46,11,79.9
2019-01-01 21:00:00,23,22,47,4,70.4
2019-01-01 22:00:00,20,17,49,3,82.22
2019-01-01 23:00:00,23,19,46,8,77.87
2019-01-02 00:00:00,16,14,44,3,73.56
2019-01-02 01:00:00,21,17,40,3,90.38
2019-01-02 02:00:00,18,14,42,5,78.81
2019-01-02 03:00:00,34,32,42,8,91.37
2019-01-02 04:00:00,19,16,48,3,73.11
2019-01-02 05:00:00,28,24,47,2,74.23
2019-01-02 06:00:00,19,16,46,5,84.25
2019-01-02 07:00:00,18,14,47,3,86.19
2019-01-02 08:00:00,24,22,44,8,92.01
2019-01-02 09:00:00,31,31,42,10,76.69
2019-01-02 10:00:00,26,23,36,3,81.22
2019-01-02 11:00:00,21,17,42,2,89.26
2019-01-02 12:00:00,24,24,37,5,78.36
2019-01-02 13:00:00,26,26,46,7,81.75
2019-01-02 14:00:00,34,34,39,6,71.3
2019-01-02 15:00:00,26,24,43,6,87.18
2019-01-02 16:00:00,25,23,43,2,96.66
2019-01-02 17:00:00,30,28,33,4,77.49
2019-01-02 18:00:00,33,31,35,9,95.68
2019-01-02 19:00:00,26,23,48,7,87.96
2019-01-02 20:00:00,23,19,45,11,87.87
2019-01-02 21:00:00,26,23,51,8,83.27
2019-01-02 22:00:00,22,22,47,3,80.71
2019-01-02 23:00:00,17,13,42,2,85.46
2019-01-03 00:00:00,20,16,34,3,84.22
2019-01-03 01:00:00,25,25,48,4,68.31
2019-01-03 02:00:00,19,18,52,5,82.04
2019-01-03 03:00:00,23,19,34,5,92.15
2019-01-03 04:00:00,20,17,45,4,85.38
2019-01-03 05:00:00,19,15,43,3,75.46
2019-01-03 06:00:00,27,27,34,8,78.12
2019-01-03 07:00:00,32,32,38,2,86.52
2019-01-03 08:00:00,19,16,46,1,84.45
2019-01-03 09:00:00,24,24,52,4,86.42
2019-01-03 10:00:00,20,16,45,5,85.5
2019-01-03 11:00:00,28,26,45,4,87.53
2019-01-03 12:00:00,26,23,44,3,85.38
2019-01-03 13:00:00,16,16,48,4,81.41
2019-01-03 14:00:00,29,28,42,8,84.39
2019-01-03 15:00:00,25,24,46,2,68.46
2019-01-03 16:00:00,24,22,53,2,77.82
2019-01-03 17:00:00,21,17,39,2,87.19
2019-01-03 18:00:00,33,31,45,7,73.05
2019-01-03 19:00:00,30,26,43,6,88.44
2019-01-03 20:00:00,21,20,43,7,81.33
2019-01-03 21:00:00,15,15,42,6,75.04
2019-01-03 22:00:00,32,30,44,7,81.98
2019-01-03 23:00:00,35,35,44,6,74.86
2019-01-04 00:00:00,22,21,42,4,84.58
2019-01-04 01:00:00,28,24,47,2,89.66
2019-01-04 02:00:00,25,25,43,3,79.71
2019-01-04 03:00:00,33,32,42,4,89.04
2019-01-04 04:00:00,26,23,41,7,86.23
2019-01-04 05:00:00,25,23,48,4,84.77
2019-01-04 06:00:00,21,17,37,3,85.86
2019-01-04 07:00:00,21,17,46,2,80.66
2019-01-04 08:00:00,24,21,47,6,82.62
2019-01-04 09:00:00,14,12,33,3,82.39
2019-01-04 10:00:00,32,32,40,5,80.4
2019-01-04 11:00:00,24,23,49,9,78.58
2019-01-04 12:00:00,32,31,55,6,79.05
2019-01-04 13:00:00,26,26,41,6,71.48
2019-01-04 14:00:00,20,20,40,9,73.98
2019-01-04 15:00:00,26,24,41,4,79.21
2019-01-04 16:00:00,29,26,47,9,75.45
2019-01-04 17:00:00,26,25,45,2,82.62
2019-01-04 18:00:00,29,26,45,10,89.17
2019-01-04 19:00:00,20,18,48,6,78.97
2019-01-04 20:00:00,29,29,53,9,85.9
2019-01-04 21:00:00,27,26,35,4,87.38
2019-01-04 22:00:00,20,17,48,1,75.22
2019-01-04 23:00:00,19,15,50,6,82.8
2019-01-05 00:00:00,26,25,48,8,73.72
2019-01-05 01:00:00,22,18,43,6,70.18
2019-01-05 02:00:00,19,15,51,2,85.01
2019-01-05 03:00:00,26,22,42,3,76.35
2019-01-05 04:00:00,26,22,46,5,72.54
2019-01-05 05:00:00,21,20,39,3,81.48
2019-01-05 06:00:00,20,16,44,3,80.63
2019-01-05 07:00:00,17,16,51,5,78.92
2019-01-05 08:00:00,25,25,50,6,81.81
2019-01-05 09:00:00,28,25,47,5,88.23
2019-01-05 10:00:00,20,17,57,3,81.9
2019-01-05 11:00:00,21,18,49,5,84.87
2019-01-05 12:00:00,24,24,42,3,79.36
2019-01-05 13:00:00,21,18,46,3,79.81
2019-01-05 14:00:00,30,30,45,6,82.76
2019-01-05 15:00:00,22,20,41,5,76.77
2019-01-05 16:00:00,27,26,45,6,79.31
2019-01-05 17:00:00,21,19,45,2,72.09
2019-01-05 18:00:00,24,24,49,4,71.23
2019-01-05 19:00:00,29,25,51,7,84.17
2019-01-05 20:00:00,17,17,38,6,85.17
2019-01-05 21:00:00,28,27,47,5,79.87
2019-01-05 22:00:00,26,24,46,4,82.03
2019-01-05 23:00:00,34,34,50,3,86.67
2019-01-06 00:00:00,19,18,42,3,82.24
2019-01-06 01:00:00,32,28,43,7,86.1
2019-01-06 02:00:00,32,30,46,7,80.04
2019-01-06 03:00:00,30,28,46,6,80.27
2019-01-06 04:00:00,32,29,48,6,72.96
2019-01-06 05:00:00,30,28,50,7,91.01
2019-01-06 06:00:00,21,18,43,8,85.83
2019-01-06 07:00:00,19,17,40,6,73.06
2019-01-06 08:00:00,29,27,40,3,81.17
2019-01-06 09:00:00,29,29,51,7,88.48
2019-01-06 10:00:00,24,20,40,5,80.85
2019-01-06 11:00:00,24,20,49,5,89.69
2019-01-06 12:00:00,22,20,34,7,96.95
2019-01-06 13:00:00,24,22,48,4,81.0
2019-01-06 14:00:00,27,24,44,9,76.85
2019-01-06 15:00:00,20,16,48,4,75.71
2019-01-06 16:00:00,22,22,43,5,85.15
2019-01-06 17:00:00,20,16,44,2,82.95
2019-01-06 18:00:00,31,30,46,6,75.87
2019-01-06 19:00:00,28,24,39,3,83.42
2019-01-06 20:00:00,33,33,45,6,80.62
2019-01-06 21:00:00,17,13,45,2,91.55
2019-01-06 22:00:00,29,29,53,3,88.11
2019-01-06 23:00:00,20,17,49,5,77.84
2019-01-07 00:00:00,28,26,49,3,83.75
2019-01-07 01:00:00,13,10,46,4,79.35
2019-01-07 02:00:00,21,19,49,5,77.12
2019-01-07 03:00:00,25,22,37,6,85.04
2019-01-07 04:00:00,26,23,49,3,80.26
2019-01-07 05:00:00,20,18,40,3,83.47
2019-01-07 06:00:00,25,25,38,4,74.61
2019-01-07 07:00:00,25,24,44,5,87.94
2019-01-07 08:00:00,26,24,47,4,80.43
2019-01-07 09:00:00,26,26,58,2,71.78
2019-01-07 10:00:00,19,19,34,6,84.01
2019-01-07 11:00:00,28,28,42,6,87.47
2019-01-07 12:00:00,30,26,45,8,83.18
2019-01-07 13:00:00,18,16,42,1,84.34
2019-01-07 14:00:00,32,30,57,6,78.44
2019-01-07 15:00:00,18,15,47,2,73.24
2019-01-07 16:00:00,23,21,44,5,83.62
2019-01-07 17:00:00,17,17,38,2,80.08
2019-01-07 18:00:00,32,31,41,6,84.61
2019-01-07 19:00:00,17,16,48,4,77.1
2019-01-07 20:00:00,22,19,42,3,80.53
2019-01-07 21:00:00,32,30,48,5,80.95
2019-01-07 22:00:00,22,21,47,6,82.67
2019-01-07 23:00:00,23,21,46,3,75.95
2019-01-08 00:00:00,27,24,47,4,84.84
2019-01-08 01:00:00,25,23,48,8,79.29
2019-01-08 02:00:00,31,28,44,5,75.77
2019-01-08 03:00:00,28,24,43,11,79.73
2019-01-08 04:00:00,27,26,44,5,77.95
2019-01-08 05:00:00,27,24,37,6,84.35
2019-01-08 06:00:00,29,26,51,11,82.46
2019-01-08 07:00:00,23,20,37,4,88.87
2019-01-08 08:00:00,20,17,35,5,78.96
2019-01-08 09:00:00,16,13,53,8,84.18
2019-01-08 10:00:00,21,18,50,6,79.09
2019-01-08 11:00:00,32,30,44,11,78.49
2019-01-08 12:00:00,24,24,52,5,77.98
2019-01-08 13:00:00,18,15,42,3,78.95
2019-01-08 14:00:00,19,19,50,4,82.45
2019-01-08 15:00:00,28,24,43,6,86.16
2019-01-08 16:00:00,23,19,47,9,77.85
2019-01-08 17:00:00,28,27,45,5,73.57
2019-01-08 18:00:00,21,18,37,4,85.93
2019-01-08 19:00:00,31,30,41,9,83.48
2019-01-08 20:00:00,24,23,43,7,88.58
2019-01-08 21:00:00,29,28,46,9,78.21
2019-01-08 22:00:00,29,28,45,4,81.47
2019-01-08 23:00:00,15,13,36,4,81.51
2019-01-09 00:00:00,33,30,40,6,87.59
2019-01-09 01:00:00,24,22,51,12,85.8
2019-01-09 02:00:00,28,27,43,8,80.0
2019-01-09 03:00:00,25,22,38,5,82.78
2019-01-09 04:00:00,25,21,50,4,82.06
2019-01-09 05:00:00,26,24,43,9,69.91
2019-01-09 06:00:00,28,24,49,9,80.81
2019-01-09 07:00:00,30,27,41,4,77.09
2019-01-09 08:00:00,23,22,40,4,75.17
2019-01-09 09:00:00,31,28,40,7,86.21
2019-01-09 10:00:00,24,23,45,3,75.07
2019-01-09 11:00:00,30,26,55,8,82.51
2019-01-09 12:00:00,29,26,42,6,80.63
2019-01-09 13:00:00,21,18,46,6,77.84
2019-01-09 14:00:00,21,18,55,7,83.11
2019-01-09 15:00:00,26,24,45,2,90.19
2019-01-09 16:00:00,25,25,39,11,73.58
2019-01-09 17:00:00,17,15,44,3,89.9
2019-01-09 18:00:00,32,28,46,6,80.4
2019-01-09 19:00:00,25,24,39,5,93.68
2019-01-09 20:00:00,29,25,42,6,81.2
2019-01-09 21:00:00,29,26,41,5,81.76
2019-01-09 22:00:00,29,29,55,6,67.36
2019-01-09 23:00:00,28,25,38,7,89.22
2019-01-10 00:00:00,27,25,41,2,79.28
2019-01-10 01:00:00,25,24,37,4,77.25
2019-01-10 02:00:00,26,22,41,3,87.67
2019-01-10 03:00:00,24,22,43,6,93.08
2019-01-10 04:00:00,24,24,48,5,84.6
2019-01-10 05:00:00,27,25,48,8,74.74
2019-01-10 06:00:00,22,20,42,8,79.01
2019-01-10 07:00:00,24,24,46,3,70.17
2019-01-10 08:00:00,23,19,34,7,86.6
2019-01-10 09:00:00,28,27,46,8,79.6
2019-01-10 10:00:00,27,25,42,3,80.47
2019-01-10 11:00:00,25,22,44,8,85.26
2019-01-10 12:00:00,24,20,50,6,86.94
2019-01-10 13:00:00,25,21,43,8,78.37
2019-01-10 14:00:00,36,36,48,7,78.98
2019-01-10 15:00:00,27,23,35,6,72.91
2019-01-10 16:00:00,19,16,45,7,83.59
2019-01-10 17:00:00,27,23,53,6,82.93
2019-01-10 18:00:00,16,15,43,5,73.96
2019-01-10 19:00:00,23,23,39,8,71.25
2019-01-10 20:00:00,17,14,48,2,83.1
2019-01-10 21:00:00,30,29,48,9,78.05
2019-01-10 22:00:00,17,17,47,5,82.23
2019-01-10 23:00:00,30,30,34,6,73.93
2019-01-11 00:00:00,25,24,41,4,84.25
2019-01-11 01:00:00,27,23,41,8,83.21
2019-01-11 02:00:00,24,21,44,3,79.03
2019-01-11 03:00:00,26,23,39,6,82.05
2019-01-11 04:00:00,28,26,48,11,78.62
2019-01-11 05:00:00,26,24,46,8,75.76
2019-01-11 06:00:00,27,27,55,8,73.87
2019-01-11 07:00:00,29,27,48,11,91.73
2019-01-11 08:00:00,24,21,40,2,92.14
2019-01-11 09:00:00,22,19,41,6,78.61
2019-01-11 10:00:00,25,23,50,4,80.48
2019-01-11 11:00:00,35,33,34,9,90.38
2019-01-11 12:00:00,30,30,39,8,80.59
2019-01-11 13:00:00,26,23,47,4,89.24
2019-01-11 14:00:00,22,18,48,2,93.74
2019-01-11 15:00:00,24,21,44,6,83.19
2019-01-11 16:00:00,26,26,43,4,82.17
2019-01-11 17:00:00,29,28,42,7,87.27
2019-01-11 18:00:00,16,14,41,4,80.32
2019-01-11 19:00:00,23,22,43,5,88.42
2019-01-11 20:00:00,24,22,54,6,82.12
2019-01-11 21:00:00,24,22,32,9,93.57
2019-01-11 22:00:00,26,22,40,8,82.99
2019-01-11 23:00:00,24,20,53,6,87.08
2019-01-12 00:00:00,22,20,49,5,80.62
2019-01-12 01:00:00,33,30,38,7,75.75
2019-01-12 02:00:00,32,32,44,9,85.95
2019-01-12 03:00:00,28,28,48,5,86.61
2019-01-12 04:00:00,19,17,50,4,71.4
2019-01-12 05:00:00,23,23,40,3,73.89
2019-01-12 06:00:00,27,27,41,4,82.02
2019-01-12 07:00:00,23,20,39,10,81.0
2019-01-12 08:00:00,26,23,43,6,86.42
2019-01-12 09:00:00,23,21,47,5,71.05
2019-01-12 10:00:00,30,30,51,8,90.14
2019-01-12 11:00:00,27,25,38,9,78.71
2019-01-12 12:00:00,29,26,50,5,82.35
2019-01-12 13:00:00,24,24,45,5,81.52
2019-01-12 14:00:00,33,30,43,9,90.58
2019-01-12 15:00:00,27,26,57,6,73.31
2019-01-12 16:00:00,27,27,53,6,80.76
2019-01-12 17:00:00,28,27,35,7,74.4
2019-01-12 18:00:00,23,22,53,8,85.87
2019-01-12 19:00:00,30,27,45,3,80.33
2019-01-12 20:00:00,22,19,38,2,84.42
2019-01-12 21:00:00,23,19,51,8,80.85
2019-01-12 22:00:00,33,33,51,6,90.65
2019-01-12 23:00:00,27,23,45,5,79.11
2019-01-13 00:00:00,27,25,47,5,84.36
2019-01-13 01:00:00,20,18,45,4,70.29
2019-01-13 02:00:00,28,25,44,9,85.1
2019-01-13 03:00:00,36,34,53,8,73.63
2019-01-13 04:00:00,28,27,43,2,89.84
2019-01-13 05:00:00,24,22,51,3,78.02
2019-01-13 06:00:00,18,14,47,5,77.82
2019-01-13 07:00:00,20,20,38,7,81.47
2019-01-13 08:00:00,22,19,44,5,75.4
2019-01-13 09:00:00,23,23,44,7,75.81
2019-01-13 10:00:00,28,25,42,9,83.32
2019-01-13 11:00:00,29,27,42,8,78.55
2019-01-13 12:00:00,33,31,48,6,86.11
2019-01-13 13:00:00,19,16,49,3,88.37
2019-01-13 14:00:00,26,26,48,2,83.13
2019-01-13 15:00:00,30,29,45,8,74.18
2019-01-13 16:00:00,30,27,43,5,78.21
2019-01-13 17:00:00,21,20,43,2,75.37
2019-01-13 18:00:00,23,19,46,7,81.44
2019-01-13 19:00:00,27,24,48,6,84.31
2019-01-13 20:00:00,32,29,53,9,84.11
2019-01-13 21:00:00,21,20,46,6,90.0
2019-01-13 22:00:00,27,26,48,5,90.01
2019-01-13 23:00:00,29,27,37,11,84.09
2019-01-14 00:00:00,23,23,36,8,83.36
2019-01-14 01:00:00,26,24,41,5,75.17
2019-01-14 02:00:00,32,30,47,9,86.36
2019-01-14 03:00:00,27,26,42,6,83.34
2019-01-14 04:00:00,23,20,33,6,84.39
2019-01-14 05:00:00,30,27,44,6,83.13
2019-01-14 06:00:00,25,24,53,3,88.62
2019-01-14 07:00:00,28,25,50,4,91.68
2019-01-14 08:00:00,24,24,37,5,80.73
2019-01-14 09:00:00,31,27,44,10,85.8
2019-01-14 10:00:00,29,26,43,1,79.18
2019-01-14 11:00:00,32,29,43,6,83.56
2019-01-14 12:00:00,27,25,47,6,84.85
2019-01-14 13:00:00,20,19,43,6,72.3
2019-01-14 14:00:00,30,27,51,6,77.28
2019-01-14 15:00:00,20,19,37,5,83.89
2019-01-14 16:00:00,35,33,48,10,82.68
2019-01-14 17:00:00,25,25,50,7,81.05
2019-01-14 18:00:00,20,16,43,3,83.42
2019-01-14 19:00:00,25,25,46,7,85.85
2019-01-14 20:00:00,35,31,56,7,87.6
2019-01-14 21:00:00,25,25,45,7,77.75
2019-01-14 22:00:00,33,29,48,6,89.41
2019-01-14 23:00:00,29,29,49,3,80.02
2019-01-15 00:00:00,29,28,39,6,72.54
2019-01-15 01:00:00,22,18,57,4,85.24
2019-01-15 02:00:00,23,22,43,4,73.57
2019-01-15 03:00:00,34,32,44,4,84.63
2019-01-15 04:00:00,22,19,48,7,78.79
2019-01-15 05:00:00,30,28,45,7,70.11
2019-01-15 06:00:00,24,22,43,5,82.67
2019-01-15 07:00:00,28,24,48,6,90.73
2019-01-15 08:00:00,25,21,38,6,80.2
2019-01-15 09:00:00,39,37,52,8,83.47
2019-01-15 10:00:00,24,24,46,6,81.27
2019-01-15 11:00:00,19,16,47,4,71.22
2019-01-15 12:00:00,24,23,43,5,81.83
2019-01-15 13:00:00,26,25,42,8,83.61
2019-01-15 14:00:00,30,30,38,6,77.79
2019-01-15 15:00:00,24,21,48,8,80.35
2019-01-15 16:00:00,26,26,36,9,78.32
2019-01-15 17:00:00,37,36,46,8,83.77
2019-01-15 18:00:00,18,18,42,6,73.14
2019-01-15 19:00:00,26,22,46,9,74.68
2019-01-15 20:00:00,28,27,40,5,84.17
2019-01-15 21:00:00,32,28,51,7,78.37
2019-01-15 22:00:00,27,24,39,9,86.84
2019-01-15 23:00:00,26,22,30,7,83.72
2019-01-16 00:00:00,25,25,43,4,76.72
2019-01-16 01:00:00,27,24,40,9,76.37
2019-01-16 02:00:00,18,16,43,5,64.75
2019-01-16 03:00:00,28,25,40,8,78.91
2019-01-16 04:00:00,17,15,46,3,81.66
2019-01-16 05:00:00,29,27,38,12,82.71
2019-01-16 06:00:00,23,20,45,8,74.03
2019-01-16 07:00:00,33,31,43,6,78.03
2019-01-16 08:00:00,26,22,40,7,89.55
2019-01-16 09:00:00,25,21,39,8,94.01
2019-01-16 10:00:00,27,24,51,6,85.55
2019-01-16 11:00:00,37,35,38,7,81.46
2019-01-16 12:00:00,22,22,41,8,72.2
2019-01-16 13:00:00,23,20,50,5,82.22
2019-01-16 14:00:00,32,30,45,9,78.57
2019-01-16 15:00:00,27,25,46,9,89.47
2019-01-16 16:00:00,34,32,40,10,79.48
2019-01-16 17:00:00,23,23,43,6,84.52
2019-01-16 18:00:00,29,25,55,9,81.31
2019-01-16 19:00:00,29,28,50,5,86.85
2019-01-16 20:00:00,25,25,39,6,79.61
2019-01-16 21:00:00,32,31,43,6,82.93
2019-01-16 22:00:00,20,16,31,2,82.58
2019-01-16 23:00:00,20,18,48,3,84.74
2019-01-17 00:00:00,17,16,39,3,75.88
2019-01-17 01:00:00,29,28,47,9,85.87
2019-01-17 02:00:00,22,22,44,7,70.3
2019-01-17 03:00:00,21,17,42,7,85.52
2019-01-17 04:00:00,29,26,43,10,76.59
2019-01-17 05:00:00,29,28,43,5,84.28
2019-01-17 06:00:00,26,26,39,7,86.65
2019-01-17 07:00:00,32,30,49,5,74.34
2019-01-17 08:00:00,35,31,45,7,77.38
2019-01-17 09:00:00,28,26,51,3,76.58
2019-01-17 10:00:00,38,36,37,9,88.79
2019-01-17 11:00:00,22,19,49,4,74.83
2019-01-17 12:00:00,28,27,42,6,77.0
2019-01-17 13:00:00,26,23,42,8,72.67
2019-01-17 14:00:00,30,30,50,9,82.3
2019-01-17 15:00:00,36,33,50,11,84.29
2019-01-17 16:00:00,23,23,52,6,69.07
2019-01-17 17:00:00,24,23,44,3,87.92
2019-01-17 18:00:00,24,23,43,6,83.35
2019-01-17 19:00:00,25,22,51,8,76.76
2019-01-17 20:00:00,23,21,48,5,72.94
2019-01-17 21:00:00,28,25,46,6,91.35
2019-01-17 22:00:00,26,22,34,4,85.27
2019-01-17 23:00:00,35,34,43,8,81.32
2019-01-18 00:00:00,30,26,42,10,88.89
2019-01-18 01:00:00,27,23,43,9,84.09
2019-01-18 02:00:00,16,12,40,4,78.04
2019-01-18 03:00:00,28,26,43,8,70.02
2019-01-18 04:00:00,38,37,52,11,88.85
2019-01-18 05:00:00,20,19,49,5,86.96
2019-01-18 06:00:00,31,30,47,10,79.89
2019-01-18 07:00:00,31,28,46,9,82.82
2019-01-18 08:00:00,23,23,39,8,84.89
2019-01-18 09:00:00,29,28,47,12,78.65
2019-01-18 10:00:00,28,26,47,7,77.89
2019-01-18 11:00:00,25,23,45,7,78.93
2019-01-18 12:00:00,23,23,38,7,80.98
2019-01-18 13:00:00,25,22,52,7,87.76
2019-01-18 14:00:00,26,24,44,6,75.79
2019-01-18 15:00:00,34,34,47,12,78.03
2019-01-18 16:00:00,22,20,49,5,69.67
2019-01-18 17:00:00,16,16,37,4,90.68
2019-01-18 18:00:00,30,28,52,8,80.91
2019-01-18 19:00:00,20,17,38,6,89.13
2019-01-18 20:00:00,28,25,44,6,76.07
2019-01-18 21:00:00,34,32,52,10,88.17
2019-01-18 22:00:00,22,20,38,7,87.16
2019-01-18 23:00:00,20,16,43,6,76.67
2019-01-19 00:00:00,25,24,49,9,80.06
2019-01-19 01:00:00,24,21,51,6,76.18
2019-01-19 02:00:00,23,21,38,4,83.13
2019-01-19 03:00:00,31,30,39,4,88.8
2019-01-19 04:00:00,29,27,43,5,84.24
2019-01-19 05:00:00,28,27,48,5,81.39
2019-01-19 06:00:00,33,32,44,10,87.39
2019-01-19 07:00:00,30,27,45,8,81.19
2019-01-19 08:00:00,29,25,44,2,88.69
2019-01-19 09:00:00,31,31,45,10,72.36
2019-01-19 10:00:00,33,31,46,7,84.56
2019-01-19 11:00:00,33,32,47,6,83.29
2019-01-19 12:00:00,25,21,52,7,79.18
2019-01-19 13:00:00,26,25,46,9,76.59
2019-01-19 14:00:00,29,27,48,8,74.54
2019-01-19 15:00:00,28,28,48,5,76.62
2019-01-19 16:00:00,25,22,49,6,88.96
2019-01-19 17:00:00,24,24,46,4,80.89
2019-01-19 18:00:00,30,27,53,6,80.61
2019-01-19 19:00:00,17,16,35,3,75.13
2019-01-19 20:00:00,38,34,44,11,87.5
2019-01-19 21:00:00,30,27,46,5,87.34
2019-01-19 22:00:00,25,24,41,3,84.36
2019-01-19 23:00:00,33,31,52,7,75.44
2019-01-20 00:00:00,31,29,34,6,81.88
2019-01-20 01:00:00,24,20,43,8,84.57
2019-01-20 02:00:00,22,18,36,7,83.69
2019-01-20 03:00:00,32,30,42,10,71.15
2019-01-20 04:00:00,29,27,40,7,83.43
2019-01-20 05:00:00,44,41,46,9,71.77
2019-01-20 06:00:00,32,28,56,6,91.76
2019-01-20 07:00:00,24,22,51,3,75.58
2019-01-20 08:00:00,26,23,38,7,89.57
2019-01-20 09:00:00,29,28,47,6,79.77
2019-01-20 10:00:00,25,21,42,5,82.64
2019-01-20 11:00:00,24,20,49,4,83.35
2019-01-20 12:00:00,31,29,48,14,80.82
2019-01-20 13:00:00,27,25,51,7,70.42
2019-01-20 14:00:00,31,29,53,12,79.68
2019-01-20 15:00:00,32,30,50,8,78.95
2019-01-20 16:00:00,18,18,44,3,71.17
2019-01-20 17:00:00,24,22,44,8,77.52
2019-01-20 18:00:00,26,25,38,4,80.45
2019-01-20 19:00:00,29,27,46,6,75.59
2019-01-20 20:00:00,26,24,47,7,80.7
2019-01-20 21:00:00,33,32,36,10,80.03
2019-01-20 22:00:00,28,25,50,6,80.76
2019-01-20 23:00:00,25,24,43,4,77.07
2019-01-21 00:00:00,19,15,39,3,81.95
2019-01-21 01:00:00,27,26,46,10,79.89
2019-01-21 02:00:00,23,19,37,10,75.63
2019-01-21 03:00:00,32,32,41,6,80.59
2019-01-21 04:00:00,22,21,40,3,86.63
2019-01-21 05:00:00,32,29,40,11,77.81
2019-01-21 06:00:00,23,23,39,6,82.64
2019-01-21 07:00:00,23,21,43,4,76.47
2019-01-21 08:00:00,26,23,49,6,81.76
2019-01-21 09:00:00,32,31,39,5,76.73
2019-01-21 10:00:00,28,27,41,10,73.89
2019-01-21 11:00:00,33,30,39,11,80.42
2019-01-21 12:00:00,29,27,49,6,82.11
2019-01-21 13:00:00,21,19,43,6,81.87
2019-01-21 14:00:00,25,25,46,7,75.67
2019-01-21 15:00:00,33,30,42,13,77.93
2019-01-21 16:00:00,23,19,52,10,85.84
2019-01-21 17:00:00,22,19,44,8,77.16
2019-01-21 18:00:00,27,25,50,4,82.3
2019-01-21 19:00:00,28,26,49,10,75.0
2019-01-21 20:00:00,31,31,43,9,76.62
2019-01-21 21:00:00,27,24,41,8,70.23
2019-01-21 22:00:00,27,26,42,7,81.55
2019-01-21 23:00:00,19,15,43,5,81.01
2019-01-22 00:00:00,25,22,51,7,78.92
2019-01-22 01:00:00,28,24,49,5,88.33
2019-01-22 02:00:00,24,21,46,5,77.57
2019-01-22 03:00:00,31,29,42,9,85.15
2019-01-22 04:00:00,28,24,40,6,83.8
2019-01-22 05:00:00,35,32,37,6,89.15
2019-01-22 06:00:00,26,25,43,8,88.4
2019-01-22 07:00:00,36,34,42,8,77.81
2019-01-22 08:00:00,30,29,51,5,83.96
2019-01-22 09:00:00,28,28,47,6,91.53
2019-01-22 10:00:00,29,29,44,8,82.41
2019-01-22 11:00:00,28,28,49,8,78.01
2019-01-22 12:00:00,29,27,51,8,73.15
2019-01-22 13:00:00,28,27,44,8,70.38
2019-01-22 14:00:00,32,29,44,5,74.09
2019-01-22 15:00:00,20,18,38,7,93.16
2019-01-22 16:00:00,22,19,51,4,81.85
2019-01-22 17:00:00,22,20,49,7,82.28
2019-01-22 18:00:00,23,19,42,5,79.48
2019-01-22 19:00:00,29,29,49,5,82.38
2019-01-22 20:00:00,25,25,33,7,79.23
2019-01-22 21:00:00,30,26,42,13,76.81
2019-01-22 22:00:00,24,23,45,9,71.34
2019-01-22 23:00:00,26,26,46,9,68.99
2019-01-23 00:00:00,29,29,49,6,77.14
2019-01-23 01:00:00,20,19,40,3,78.28
2019-01-23 02:00:00,18,17,47,6,83.37
2019-01-23 03:00:00,21,17,49,7,89.72
2019-01-23 04:00:00,23,23,43,6,74.89
2019-01-23 05:00:00,36,32,42,6,79.79
2019-01-23 06:00:00,26,24,38,9,90.42
2019-01-23 07:00:00,26,25,42,8,87.56
2019-01-23 08:00:00,26,25,34,10,71.19
2019-01-23 09:00:00,30,30,43,6,87.96
2019-01-23 10:00:00,23,20,45,5,77.81
2019-01-23 11:00:00,20,16,43,2,80.56
2019-01-23 12:00:00,34,33,42,6,83.49
2019-01-23 13:00:00,35,34,44,3,77.57
2019-01-23 14:00:00,27,27,45,6,76.12
2019-01-23 15:00:00,29,29,47,5,76.46
2019-01-23 16:00:00,30,27,37,7,87.68
2019-01-23 17:00:00,29,27,42,8,77.46
2019-01-23 18:00:00,31,29,37,8,79.32
2019-01-23 19:00:00,26,26,42,6,79.65
2019-01-23 20:00:00,23,20,50,6,73.11
2019-01-23 21:00:00,24,24,46,7,80.53
2019-01-23 22:00:00,29,27,43,3,86.47
2019-01-23 23:00:00,32,28,41,11,82.25
2019-01-24 00:00:00,29,28,42,9,77.82
2019-01-24 01:00:00,29,28,42,7,75.29
2019-01-24 02:00:00,21,18,46,6,79.4
2019-01-24 03:00:00,24,22,40,7,79.85
2019-01-24 04:00:00,27,24,42,6,74.96
2019-01-24 05:00:00,29,26,41,3,76.36
2019-01-24 06:00:00,26,23,39,5,77.84
2019-01-24 07:00:00,29,28,37,9,73.67
2019-01-24 08:00:00,24,21,44,8,82.29
2019-01-24 09:00:00,29,27,38,12,83.87
2019-01-24 10:00:00,16,14,44,6,78.25
2019-01-24 11:00:00,19,15,49,7,80.36
2019-01-24 12:00:00,28,26,44,8,84.95
2019-01-24 13:00:00,20,19,43,8,79.64
2019-01-24 14:00:00,29,27,37,10,85.14
2019-01-24 15:00:00,20,20,41,6,71.94
2019-01-24 16:00:00,22,19,40,5,82.13
2019-01-24 17:00:00,23,19,41,5,87.1
2019-01-24 18:00:00,29,29,45,11,92.91
2019-01-24 19:00:00,34,32,47,9,88.21
2019-01-24 20:00:00,19,17,32,4,78.37
2019-01-24 21:00:00,21,18,50,4,73.94
2019-01-24 22:00:00,30,27,38,6,80.52
2019-01-24 23:00:00,30,29,54,8,86.17
2019-01-25 00:00:00,24,20,42,11,77.99
2019-01-25 01:00:00,35,34,46,13,79.68
2019-01-25 02:00:00,21,19,45,6,77.2
2019-01-25 03:00:00,26,22,42,9,82.43
2019-01-25 04:00:00,28,24,49,9,83.98
2019-01-25 05:00:00,19,18,51,5,84.63
2019-01-25 06:00:00,27,25,43,9,76.54
2019-01-25 07:00:00,28,26,40,7,85.34
2019-01-25 08:00:00,18,17,38,4,81.51
2019-01-25 09:00:00,26,22,50,11,77.12
2019-01-25 10:00:00,24,20,38,8,83.98
2019-01-25 11:00:00,30,30,45,5,80.22
2019-01-25 12:00:00,25,24,47,8,84.74
2019-01-25 13:00:00,21,19,41,5,77.58
2019-01-25 14:00:00,27,27,48,4,76.12
2019-01-25 15:00:00,28,27,44,10,73.91
2019-01-25 16:00:00,29,25,43,6,72.78
2019-01-25 17:00:00,25,22,37,7,80.77
2019-01-25 18:00:00,29,28,42,6,79.54
2019-01-25 19:00:00,25,21,41,5,73.97
2019-01-25 20:00:00,19,16,48,6,84.86
2019-01-25 21:00:00,26,24,46,5,84.59
2019-01-25 22:00:00,31,28,40,13,72.8
2019-01-25 23:00:00,32,30,36,8,78.63
2019-01-26 00:00:00,27,24,48,7,84.61
2019-01-26 01:00:00,26,22,49,7,84.42
2019-01-26 02:00:00,25,25,49,7,75.8
2019-01-26 03:00:00,22,20,46,5,87.59
2019-01-26 04:00:00,34,33,39,8,71.97
2019-01-26 05:00:00,26,23,41,6,78.99
2019-01-26 06:00:00,24,23,33,7,85.6
2019-01-26 07:00:00,23,21,45,5,81.94
2019-01-26 08:00:00,28,26,48,9,78.99
2019-01-26 09:00:00,19,16,40,5,92.02
2019-01-26 10:00:00,22,21,40,8,78.32
2019-01-26 11:00:00,33,33,31,9,71.63
2019-01-26 12:00:00,29,29,47,3,73.51
2019-01-26 13:00:00,28,28,50,8,87.64
2019-01-26 14:00:00,33,33,44,6,72.03
2019-01-26 15:00:00,25,25,41,4,85.98
2019-01-26 16:00:00,34,31,40,4,80.18
2019-01-26 17:00:00,25,25,42,7,89.77
2019-01-26 18:00:00,23,21,48,7,84.4
2019-01-26 19:00:00,29,27,42,5,81.64
2019-01-26 20:00:00,28,25,39,7,72.96
2019-01-26 21:00:00,27,27,55,13,76.89
2019-01-26 22:00:00,25,22,38,4,87.05
2019-01-26 23:00:00,28,25,39,8,91.86
2019-01-27 00:00:00,36,32,40,7,74.82
2019-01-27 01:00:00,20,18,45,5,77.24
2019-01-27 02:00:00,21,20,43,6,74.45
2019-01-27 03:00:00,35,32,42,12,82.57
2019-01-27 04:00:00,16,13,44,3,85.57
2019-01-27 05:00:00,28,25,39,10,79.8
2019-01-27 06:00:00,27,27,46,5,78.97
2019-01-27 07:00:00,30,29,49,7,84.66
2019-01-27 08:00:00,21,21,41,6,82.31
2019-01-27 09:00:00,26,26,45,13,73.23
2019-01-27 10:00:00,26,25,43,5,74.99
2019-01-27 11:00:00,38,34,47,6,86.89
2019-01-27 12:00:00,29,27,44,5,82.21
2019-01-27 13:00:00,33,31,49,5,84.3
2019-01-27 14:00:00,29,27,56,10,72.43
2019-01-27 15:00:00,23,23,48,3,84.73
2019-01-27 16:00:00,20,20,49,7,76.94
2019-01-27 17:00:00,34,34,42,9,82.43
2019-01-27 18:00:00,25,21,41,5,82.33
2019-01-27 19:00:00,28,28,45,9,84.91
2019-01-27 20:00:00,42,41,38,7,82.8
2019-01-27 21:00:00,25,25,50,9,77.84
2019-01-27 22:00:00,27,27,48,7,76.38
2019-01-27 23:00:00,32,29,41,9,82.13
2019-01-28 00:00:00,24,23,47,7,78.06
2019-01-28 01:00:00,24,21,55,6,90.68
2019-01-28 02:00:00,21,18,45,7,76.5
2019-01-28 03:00:00,32,32,48,13,80.4
2019-01-28 04:00:00,25,21,46,9,78.49
2019-01-28 05:00:00,26,25,46,8,87.54
2019-01-28 06:00:00,33,33,44,5,84.44
2019-01-28 07:00:00,22,20,55,2,72.45
2019-01-28 08:00:00,30,28,34,12,82.04
2019-01-28 09:00:00,23,19,46,7,83.42
2019-01-28 10:00:00,25,24,43,7,78.52
2019-01-28 11:00:00,23,22,50,5,81.36
2019-01-28 12:00:00,30,27,50,6,84.92
2019-01-28 13:00:00,17,15,48,4,83.32
2019-01-28 14:00:00,16,14,40,4,72.5
2019-01-28 15:00:00,29,27,51,9,70.29
2019-01-28 16:00:00,24,23,42,5,63.64
2019-01-28 17:00:00,26,26,50,3,78.1
2019-01-28 18:00:00,31,29,46,5,77.19
2019-01-28 19:00:00,30,28,46,9,81.54
2019-01-28 20:00:00,33,29,43,7,79.28
2019-01-28 21:00:00,24,21,34,7,80.19
2019-01-28 22:00:00,19,15,54,6,82.19
2019-01-28 23:00:00,33,33,46,7,68.81
2019-01-29 00:00:00,23,19,42,7,86.63
2019-01-29 01:00:00,20,16,47,5,81.63
2019-01-29 02:00:00,27,25,42,5,74.28
2019-01-29 03:00:00,29,27,40,8,79.63
2019-01-29 04:00:00,34,31,41,8,75.5
2019-01-29 05:00:00,32,29,42,6,84.43
2019-01-29 06:00:00,32,28,42,11,84.77
2019-01-29 07:00:00,28,27,45,8,79.93
2019-01-29 08:00:00,32,31,50,7,79.81
2019-01-29 09:00:00,40,37,46,7,87.35
2019-01-29 10:00:00,24,24,44,6,83.9
2019-01-29 11:00:00,36,33,33,12,73.24
2019-01-29 12:00:00,29,25,47,8,79.28
2019-01-29 13:00:00,24,23,41,4,83.72
2019-01-29 14:00:00,29,25,46,6,87.71
2019-01-29 15:00:00,16,16,47,5,90.86
2019-01-29 16:00:00,21,19,43,4,84.8
2019-01-29 17:00:00,37,34,40,7,72.63
2019-01-29 18:00:00,23,21,46,8,79.65
2019-01-29 19:00:00,28,27,38,7,84.61
2019-01-29 20:00:00,36,36,56,12,70.8
2019-01-29 21:00:00,24,20,45,7,84.3
2019-01-29 22:00:00,28,25,47,7,78.67
2019-01-29 23:00:00,25,24,44,6,83.08
2019-01-30 00:00:00,23,23,40,6,83.94
2019-01-30 01:00:00,26,22,54,5,77.3
2019-01-30 02:00:00,29,25,39,8,91.18
2019-01-30 03:00:00,21,20,44,6,70.84
2019-01-30 04:00:00,22,18,43,4,85.55
2019-01-30 05:00:00,32,30,42,11,87.51
2019-01-30 06:00:00,28,26,41,7,82.46
2019-01-30 07:00:00,24,24,43,11,75.95
2019-01-30 08:00:00,26,24,47,7,80.26
2019-01-30 09:00:00,29,28,46,7,74.1
2019-01-30 10:00:00,18,18,46,3,76.24
2019-01-30 11:00:00,24,21,43,7,81.13
2019-01-30 12:00:00,25,21,49,10,83.47
2019-01-30 13:00:00,27,25,37,8,80.47
2019-01-30 14:00:00,27,24,44,4,84.11
2019-01-30 15:00:00,27,23,43,7,83.12
2019-01-30 16:00:00,31,30,43,7,78.58
2019-01-30 17:00:00,22,19,43,6,86.44
2019-01-30 18:00:00,21,21,44,8,79.07
2019-01-30 19:00:00,27,26,47,7,74.36
2019-01-30 20:00:00,27,25,42,8,81.76
2019-01-30 21:00:00,26,23,42,7,72.92
2019-01-30 22:00:00,34,33,50,6,73.97
2019-01-30 23:00:00,21,20,49,9,85.76
2019-01-31 00:00:00,30,27,45,7,92.95
2019-01-31 01:00:00,33,31,45,9,85.21
2019-01-31 02:00:00,32,31,37,8,84.15
2019-01-31 03:00:00,28,25,43,6,83.04
2019-01-31 04:00:00,30,29,48,10,74.0
2019-01-31 05:00:00,25,25,48,6,85.95
2019-01-31 06:00:00,15,12,39,5,81.95
2019-01-31 07:00:00,29,26,38,7,77.53
2019-01-31 08:00:00,37,36,48,12,88.38
2019-01-31 09:00:00,18,15,50,8,92.47
2019-01-31 10:00:00,23,23,48,6,69.37
2019-01-31 11:00:00,26,24,55,5,85.68
2019-01-31 12:00:00,23,23,51,5,80.58
2019-01-31 13:00:00,26,23,41,7,84.45
2019-01-31 14:00:00,19,16,51,4,89.97
2019-01-31 15:00:00,25,24,41,8,82.94
2019-01-31 16:00:00,20,16,46,4,82.38
2019-01-31 17:00:00,26,22,38,7,77.88
2019-01-31 18:00:00,21,19,50,4,81.37
2019-01-31 19:00:00,29,28,42,8,83.09
2019-01-31 20:00:00,23,23,56,5,69.69
2019-01-31 21:00:00,27,26,46,7,77.33
2019-01-31 22:00:00,26,25,44,4,80.81
2019-01-31 23:00:00,31,31,40,8,77.61
2019-02-01 00:00:00,25,24,47,8,88.81
2019-02-01 01:00:00,32,29,46,9,74.74
2019-02-01 02:00:00,28,26,42,8,71.32
2019-02-01 03:00:00,22,18,53,8,92.87
2019-02-01 04:00:00,14,14,41,6,79.34
2019-02-01 05:00:00,27,23,37,6,78.2
2019-02-01 06:00:00,31,28,44,9,87.52
2019-02-01 07:00:00,23,19,45,7,80.97
2019-02-01 08:00:00,22,19,43,7,81.53
2019-02-01 09:00:00,32,28,48,10,82.82
2019-02-01 10:00:00,21,19,45,6,86.76
2019-02-01 11:00:00,23,20,52,4,82.67
2019-02-01 12:00:00,20,20,50,5,85.37
2019-02-01 13:00:00,26,26,48,6,83.98
2019-02-01 14:00:00,30,29,48,8,75.07
2019-02-01 15:00:00,28,27,37,11,82.08
2019-02-01 16:00:00,22,20,49,5,77.43
2019-02-01 17:00:00,21,17,48,7,86.49
2019-02-01 18:00:00,27,23,52,5,81.71
2019-02-01 19:00:00,27,24,42,4,81.67
2019-02-01 20:00:00,27,25,41,6,73.55
2019-02-01 21:00:00,25,22,43,11,79.73
2019-02-01 22:00:00,26,26,45,6,71.89
2019-02-01 23:00:00,35,35,39,7,74.47
2019-02-02 00:00:00,27,23,38,10,80.68
2019-02-02 01:00:00,30,29,42,10,84.58
2019-02-02 02:00:00,30,29,37,7,72.06
2019-02-02 03:00:00,21,21,36,5,71.99
2019-02-02 04:00:00,28,25,41,11,86.3
2019-02-02 05:00:00,36,32,45,4,83.83
2019-02-02 06:00:00,31,28,43,10,86.74
2019-02-02 07:00:00,34,33,48,9,83.09
2019-02-02 08:00:00,24,22,37,8,83.48
2019-02-02 09:00:00,32,31,49,11,78.79
2019-02-02 10:00:00,25,22,43,5,76.76
2019-02-02 11:00:00,25,24,52,8,85.91
2019-02-02 12:00:00,36,35,45,9,82.21
2019-02-02 13:00:00,21,20,44,9,84.33
2019-02-02 14:00:00,23,22,43,7,89.98
2019-02-02 15:00:00,19,15,46,7,81.34
2019-02-02 16:00:00,18,18,50,3,82.48
2019-02-02 17:00:00,29,28,49,9,82.61
2019-02-02 18:00:00,35,34,46,6,83.91
2019-02-02 19:00:00,29,25,44,9,86.97
2019-02-02 20:00:00,21,17,45,7,75.9
2019-02-02 21:00:00,31,29,55,7,81.35
2019-02-02 22:00:00,26,22,48,5,79.43
2019-02-02 23:00:00,20,18,50,7,77.57
2019-02-03 00:00:00,24,22,48,7,86.12
2019-02-03 01:00:00,35,34,47,6,84.79
2019-02-03 02:00:00,27,24,32,5,78.45
2019-02-03 03:00:00,26,25,40,5,79.91
2019-02-03 04:00:00,30,30,45,7,86.83
2019-02-03 05:00:00,38,36,45,12,81.06
2019-02-03 06:00:00,25,22,46,4,83.73
2019-02-03 07:00:00,24,20,48,7,86.93
2019-02-03 08:00:00,34,30,38,5,86.24
2019-02-03 09:00:00,24,20,46,6,78.8
2019-02-03 10:00:00,28,25,45,8,94.37
2019-02-03 11:00:00,17,13,47,5,87.1
2019-02-03 12:00:00,32,28,38,6,85.62
2019-02-03 13:00:00,29,27,45,6,86.57
2019-02-03 14:00:00,25,21,35,7,84.75
2019-02-03 15:00:00,36,33,37,10,81.77
2019-02-03 16:00:00,29,25,54,7,79.08
2019-02-03 17:00:00,38,37,44,8,74.7
2019-02-03 18:00:00,24,22,39,5,75.66
2019-02-03 19:00:00,33,33,35,6,83.59
2019-02-03 20:00:00,19,18,43,7,88.27
2019-02-03 21:00:00,28,28,53,8,75.27
2019-02-03 22:00:00,32,29,44,9,79.82
2019-02-03 23:00:00,31,31,47,7,79.17
2019-02-04 00:00:00,23,23,41,4,87.51
2019-02-04 01:00:00,32,28,40,8,84.47
2019-02-04 02:00:00,35,33,45,6,84.89
2019-02-04 03:00:00,31,31,43,4,87.0
2019-02-04 04:00:00,28,25,44,6,78.58
2019-02-04 05:00:00,32,29,46,4,85.21
2019-02-04 06:00:00,26,23,48,5,84.1
2019-02-04 07:00:00,33,29,34,6,84.21
2019-02-04 08:00:00,28,27,42,9,78.33
2019-02-04 09:00:00,28,24,48,7,87.96
2019-02-04 10:00:00,22,18,41,7,82.89
2019-02-04 11:00:00,28,28,52,9,82.24
2019-02-04 12:00:00,29,27,48,11,87.65
2019-02-04 13:00:00,28,25,40,9,72.94
2019-02-04 14:00:00,21,19,42,8,76.84
2019-02-04 15:00:00,19,18,43,8,77.93
2019-02-04 16:00:00,31,29,40,11,79.71
2019-02-04 17:00:00,19,17,42,4,79.68
2019-02-04 18:00:00,20,19,39,5,82.65
2019-02-04 19:00:00,28,27,43,11,79.33
2019-02-04 20:00:00,31,28,47,5,82.24
2019-02-04 21:00:00,28,25,47,10,90.76
2019-02-04 22:00:00,24,23,45,7,80.07
2019-02-04 23:00:00,28,27,35,6,75.38
2019-02-05 00:00:00,37,33,46,11,86.15
2019-02-05 01:00:00,25,22,42,4,83.22
2019-02-05 02:00:00,27,24,45,7,97.15
2019-02-05 03:00:00,29,25,41,12,80.29
2019-02-05 04:00:00,27,23,40,7,85.81
2019-02-05 05:00:00,27,24,43,6,82.55
2019-02-05 06:00:00,22,18,50,9,87.23
2019-02-05 07:00:00,29,26,30,5,80.12
2019-02-05 08:00:00,30,30,48,8,88.0
2019-02-05 09:00:00,27,24,50,5,79.82
2019-02-05 10:00:00,16,12,35,5,96.88
2019-02-05 11:00:00,19,18,43,6,76.32
2019-02-05 12:00:00,27,25,40,3,77.02
2019-02-05 13:00:00,27,25,41,4,72.62
2019-02-05 14:00:00,27,25,43,6,93.45
2019-02-05 15:00:00,22,20,45,7,84.33
2019-02-05 16:00:00,29,28,42,10,86.08
2019-02-05 17:00:00,35,33,36,9,79.31
2019-02-05 18:00:00,32,32,39,9,78.07
2019-02-05 19:00:00,21,17,43,4,91.54
2019-02-05 20:00:00,29,26,44,8,85.46
2019-02-05 21:00:00,38,37,42,10,93.06
2019-02-05 22:00:00,25,23,38,8,93.79
2019-02-05 23:00:00,24,22,40,6,83.14
2019-02-06 00:00:00,28,26,45,6,87.12
2019-02-06 01:00:00,30,26,36,6,73.37
2019-02-06 02:00:00,22,21,43,3,82.94
2019-02-06 03:00:00,28,28,34,8,77.59
2019-02-06 04:00:00,29,26,39,10,82.72
2019-02-06 05:00:00,32,32,50,9,80.06
2019-02-06 06:00:00,25,25,39,9,79.94
2019-02-06 07:00:00,29,27,52,8,89.77
2019-02-06 08:00:00,24,23,44,8,81.66
2019-02-06 09:00:00,22,20,52,6,76.16
2019-02-06 10:00:00,22,19,33,5,83.09
2019-02-06 11:00:00,34,33,52,8,79.16
2019-02-06 12:00:00,23,23,44,5,85.69
2019-02-06 13:00:00,33,31,44,12,78.84
2019-02-06 14:00:00,25,25,40,7,83.76
2019-02-06 15:00:00,23,20,43,8,83.91
2019-02-06 16:00:00,21,17,46,8,85.34
2019-02-06 17:00:00,19,16,40,6,76.59
2019-02-06 18:00:00,25,24,40,8,78.85
2019-02-06 19:00:00,23,19,46,7,85.28
2019-02-06 20:00:00,24,24,44,5,76.47
2019-02-06 21:00:00,22,18,33,4,87.45
2019-02-06 22:00:00,29,27,48,5,81.73
2019-02-06 23:00:00,33,33,48,4,86.77
2019-02-07 00:00:00,33,29,37,10,77.07
2019-02-07 01:00:00,30,27,39,9,89.4
2019-02-07 02:00:00,30,26,39,6,82.34
2019-02-07 03:00:00,18,17,52,5,81.09
2019-02-07 04:00:00,25,25,41,5,79.76
2019-02-07 05:00:00,25,21,46,8,86.01
2019-02-07 06:00:00,29,29,50,7,70.48
2019-02-07 07:00:00,25,22,48,3,81.02
2019-02-07 08:00:00,31,30,44,10,72.82
2019-02-07 09:00:00,32,32,49,11,79.1
2019-02-07 10:00:00,21,20,36,6,80.59
2019-02-07 11:00:00,25,22,47,9,86.11
2019-02-07 12:00:00,28,28,43,5,86.77
2019-02-07 13:00:00,27,24,43,9,80.7
2019-02-07 14:00:00,23,20,45,7,73.37
2019-02-07 15:00:00,29,28,50,8,80.5
2019-02-07 16:00:00,27,24,49,10,73.14
2019-02-07 17:00:00,28,25,43,4,72.47
2019-02-07 18:00:00,17,13,46,6,79.52
2019-02-07 19:00:00,24,24,40,11,71.55
2019-02-07 20:00:00,27,24,43,6,76.39
2019-02-07 21:00:00,26,24,46,6,84.0
2019-02-07 22:00:00,26,24,45,5,77.98
2019-02-07 23:00:00,24,20,46,6,87.03
2019-02-08 00:00:00,28,25,46,6,86.01
2019-02-08 01:00:00,29,25,42,8,83.71
2019-02-08 02:00:00,30,28,41,9,79.09
2019-02-08 03:00:00,18,18,43,5,81.62
2019-02-08 04:00:00,24,21,46,8,91.13
2019-02-08 05:00:00,36,32,46,10,84.79
2019-02-08 06:00:00,33,33,47,9,79.54
2019-02-08 07:00:00,19,15,45,5,82.46
2019-02-08 08:00:00,26,26,44,6,80.54
2019-02-08 09:00:00,28,28,41,8,80.52
2019-02-08 10:00:00,32,28,45,10,84.61
2019-02-08 11:00:00,33,31,50,5,73.53
2019-02-08 12:00:00,32,28,39,6,89.13
2019-02-08 13:00:00,21,20,46,5,80.46
2019-02-08 14:00:00,35,32,49,10,87.86
2019-02-08 15:00:00,26,24,40,3,69.5
2019-02-08 16:00:00,17,15,45,5,72.17
2019-02-08 17:00:00,32,28,43,9,88.62
2019-02-08 18:00:00,35,32,39,7,82.07
2019-02-08 19:00:00,26,25,44,11,78.05
2019-02-08 20:00:00,25,21,46,7,79.88
2019-02-08 21:00:00,25,22,48,6,82.06
2019-02-08 22:00:00,27,23,45,7,94.33
2019-02-08 23:00:00,33,30,38,9,67.91
2019-02-09 00:00:00,25,23,50,5,75.75
2019-02-09 01:00:00,33,29,40,8,77.56
2019-02-09 02:00:00,30,29,39,9,86.9
2019-02-09 03:00:00,24,21,47,6,88.98
2019-02-09 04:00:00,27,26,49,6,79.77
2019-02-09 05:00:00,19,18,39,6,84.65
2019-02-09 06:00:00,22,18,39,5,79.99
2019-02-09 07:00:00,27,24,50,6,88.53
2019-02-09 08:00:00,25,25,31,4,82.08
2019-02-09 09:00:00,29,28,36,9,79.32
2019-02-09 10:00:00,27,24,46,8,69.96
2019-02-09 11:00:00,32,30,40,9,79.59
2019-02-09 12:00:00,32,31,43,7,78.84
2019-02-09 13:00:00,23,22,36,6,80.51
2019-02-09 14:00:00,33,32,45,7,81.16
2019-02-09 15:00:00,18,16,41,6,79.44
2019-02-09 16:00:00,17,15,46,9,79.05
2019-02-09 17:00:00,28,24,50,7,87.44
2019-02-09 18:00:00,33,33,53,8,71.98
2019-02-09 19:00:00,25,21,49,7,78.14
2019-02-09 20:00:00,16,16,45,4,77.75
2019-02-09 21:00:00,25,24,45,6,76.08
2019-02-09 22:00:00,25,22,38,6,84.25
2019-02-09 23:00:00,31,30,46,8,76.07
2019-02-10 00:00:00,34,32,42,13,78.92
2019-02-10 01:00:00,29,29,48,8,84.14
2019-02-10 02:00:00,21,20,43,10,84.62
2019-02-10 03:00:00,33,33,50,7,79.16
2019-02-10 04:00:00,24,20,35,5,82.4
2019-02-10 05:00:00,30,28,48,7,78.01
2019-02-10 06:00:00,15,13,49,3,86.1
2019-02-10 07:00:00,21,18,44,10,82.17
2019-02-10 08:00:00,31,30,44,8,83.86
2019-02-10 09:00:00,24,22,44,6,81.92
2019-02-10 10:00:00,22,19,47,9,81.75
2019-02-10 11:00:00,28,26,51,3,71.36
2019-02-10 12:00:00,32,28,43,9,77.06
2019-02-10 13:00:00,18,17,48,5,78.99
2019-02-10 14:00:00,38,37,42,11,71.83
2019-02-10 15:00:00,25,25,45,6,75.96
2019-02-10 16:00:00,23,20,43,4,83.09
2019-02-10 17:00:00,26,22,47,6,75.61
2019-02-10 18:00:00,23,23,44,8,84.19
2019-02-10 19:00:00,26,22,39,4,91.77
2019-02-10 20:00:00,24,24,40,3,80.56
2019-02-10 21:00:00,28,28,48,9,77.71
2019-02-10 22:00:00,35,34,41,9,84.51
2019-02-10 23:00:00,35,31,39,8,85.82
2019-02-11 00:00:00,36,33,47,10,79.12
2019-02-11 01:00:00,30,27,48,9,79.32
2019-02-11 02:00:00,31,31,40,7,77.69
2019-02-11 03:00:00,23,23,40,8,84.82
2019-02-11 04:00:00,28,24,46,8,78.13
2019-02-11 05:00:00,34,33,48,9,82.84
2019-02-11 06:00:00,23,22,42,8,80.8
2019-02-11 07:00:00,29,25,43,5,85.2
2019-02-11 08:00:00,30,26,40,5,80.0
2019-02-11 09:00:00,23,22,52,3,78.67
2019-02-11 10:00:00,24,24,44,7,83.27
2019-02-11 11:00:00,36,35,45,5,73.87
2019-02-11 12:00:00,30,28,43,11,76.71
2019-02-11 13:00:00,27,25,43,10,68.08
2019-02-11 14:00:00,22,18,48,6,90.05
2019-02-11 15:00:00,22,20,44,4,80.77
2019-02-11 16:00:00,29,26,49,5,81.12
2019-02-11 17:00:00,22,20,49,4,85.07
2019-02-11 18:00:00,32,31,42,6,78.88
2019-02-11 19:00:00,32,30,40,6,77.57
2019-02-11 20:00:00,30,30,41,7,79.73
2019-02-11 21:00:00,35,31,30,10,87.31
2019-02-11 22:00:00,23,23,52,8,79.68
2019-02-11 23:00:00,29,27,44,5,81.92
2019-02-12 00:00:00,26,26,51,7,77.09
2019-02-12 01:00:00,32,29,52,8,81.5
2019-02-12 02:00:00,18,18,48,5,85.75
2019-02-12 03:00:00,29,26,43,10,77.2
2019-02-12 04:00:00,36,35,46,10,78.04
2019-02-12 05:00:00,32,32,44,7,88.26
2019-02-12 06:00:00,29,27,48,6,82.03
2019-02-12 07:00:00,35,34,52,4,73.2
2019-02-12 08:00:00,30,26,49,8,93.43
2019-02-12 09:00:00,33,29,51,7,77.74
2019-02-12 10:00:00,23,21,42,8,67.92
2019-02-12 11:00:00,26,23,45,9,78.99
2019-02-12 12:00:00,29,29,45,5,74.57
2019-02-12 13:00:00,24,20,51,11,86.39
2019-02-12 14:00:00,21,21,44,4,86.96
2019-02-12 15:00:00,18,17,44,2,80.4
2019-02-12 16:00:00,34,34,42,8,82.21
2019-02-12 17:00:00,32,28,46,6,83.29
2019-02-12 18:00:00,30,27,46,8,88.56
2019-02-12 19:00:00,18,14,46,6,81.35
2019-02-12 20:00:00,23,21,48,7,73.53
2019-02-12 21:00:00,23,19,43,4,81.92
2019-02-12 22:00:00,26,26,50,7,65.9
2019-02-12 23:00:00,36,36,38,6,76.38
2019-02-13 00:00:00,24,21,54,5,78.31
2019-02-13 01:00:00,26,22,33,7,76.41
2019-02-13 02:00:00,33,32,35,5,85.83
2019-02-13 03:00:00,18,17,47,5,79.16
2019-02-13 04:00:00,28,27,39,6,83.09
2019-02-13 05:00:00,32,30,44,10,80.32
2019-02-13 06:00:00,34,33,45,7,81.7
2019-02-13 07:00:00,26,24,53,6,76.33
2019-02-13 08:00:00,18,17,50,6,80.41
2019-02-13 09:00:00,23,20,38,6,89.75
2019-02-13 10:00:00,24,20,32,6,76.52
2019-02-13 11:00:00,30,28,46,9,90.69
2019-02-13 12:00:00,25,25,48,10,86.73
2019-02-13 13:00:00,35,33,45,9,79.95
2019-02-13 14:00:00,30,26,43,5,85.96
2019-02-13 15:00:00,34,32,43,8,83.07
2019-02-13 16:00:00,35,33,39,8,75.54
2019-02-13 17:00:00,32,28,36,6,84.13
2019-02-13 18:00:00,29,28,39,8,80.32
2019-02-13 19:00:00,34,30,41,11,79.83
2019-02-13 20:00:00,31,28,61,8,86.12
2019-02-13 21:00:00,25,24,45,6,76.96
2019-02-13 22:00:00,24,22,43,8,78.47
2019-02-13 23:00:00,25,21,46,9,76.15
2019-02-14 00:00:00,27,24,49,6,79.88
2019-02-14 01:00:00,31,28,45,5,89.96
2019-02-14 02:00:00,29,29,45,6,76.23
2019-02-14 03:00:00,25,22,50,7,86.56
2019-02-14 04:00:00,27,27,56,5,79.1
2019-02-14 05:00:00,25,22,42,7,82.63
2019-02-14 06:00:00,19,15,36,5,74.01
2019-02-14 07:00:00,18,16,39,7,85.97
2019-02-14 08:00:00,24,23,41,7,78.04
2019-02-14 09:00:00,29,26,44,7,82.72
2019-02-14 10:00:00,29,26,43,8,83.89
2019-02-14 11:00:00,25,25,53,8,83.19
2019-02-14 12:00:00,25,23,43,8,79.38
2019-02-14 13:00:00,35,31,46,7,72.23
2019-02-14 14:00:00,31,27,37,9,89.84
2019-02-14 15:00:00,27,25,40,5,88.94
2019-02-14 16:00:00,21,17,32,7,77.77
2019-02-14 17:00:00,36,35,49,9,82.74
2019-02-14 18:00:00,26,22,53,4,81.81
2019-02-14 19:00:00,28,27,41,10,87.87
2019-02-14 20:00:00,26,23,48,6,80.7
2019-02-14 21:00:00,26,22,53,4,78.93
2019-02-14 22:00:00,28,24,51,7,77.24
2019-02-14 23:00:00,30,29,46,7,81.17
2019-02-15 00:00:00,23,20,47,6,81.9
2019-02-15 01:00:00,22,19,43,8,92.17
2019-02-15 02:00:00,39,39,38,10,71.32
2019-02-15 03:00:00,21,18,52,6,77.04
2019-02-15 04:00:00,23,21,47,5,75.31
2019-02-15 05:00:00,27,27,46,8,72.12
2019-02-15 06:00:00,32,29,31,6,76.82
2019-02-15 07:00:00,28,27,36,4,85.17
2019-02-15 08:00:00,17,15,47,5,67.35
2019-02-15 09:00:00,21,21,37,3,79.51
2019-02-15 10:00:00,32,28,44,11,90.8
2019-02-15 11:00:00,17,16,43,7,80.21
2019-02-15 12:00:00,26,24,39,5,77.95
2019-02-15 13:00:00,29,28,42,6,79.34
2019-02-15 14:00:00,25,25,54,5,78.24
2019-02-15 15:00:00,22,20,45,6,84.97
2019-02-15 16:00:00,29,29,44,8,77.43
2019-02-15 17:00:00,29,29,51,6,76.14
2019-02-15 18:00:00,21,18,41,4,79.13
2019-02-15 19:00:00,28,27,41,8,93.23
2019-02-15 20:00:00,23,20,35,5,83.27
2019-02-15 21:00:00,29,26,51,8,91.02
2019-02-15 22:00:00,17,16,46,4,89.96
2019-02-15 23:00:00,38,36,35,10,82.11
2019-02-16 00:00:00,24,23,37,5,82.2
2019-02-16 01:00:00,33,29,46,8,82.95
2019-02-16 02:00:00,28,26,52,6,86.11
2019-02-16 03:00:00,28,25,40,7,85.14
2019-02-16 04:00:00,24,24,39,8,82.67
2019-02-16 05:00:00,27,27,34,3,79.55
2019-02-16 06:00:00,34,31,39,7,72.04
2019-02-16 07:00:00,36,34,47,9,78.03
2019-02-16 08:00:00,21,17,43,8,81.98
2019-02-16 09:00:00,29,27,49,8,84.32
2019-02-16 10:00:00,26,25,39,9,84.99
2019-02-16 11:00:00,27,23,50,6,72.56
2019-02-16 12:00:00,24,23,38,5,78.5
2019-02-16 13:00:00,38,36,49,10,85.92
2019-02-16 14:00:00,20,17,42,6,80.36
2019-02-16 15:00:00,22,19,46,7,83.8
2019-02-16 16:00:00,24,23,48,7,79.75
2019-02-16 17:00:00,32,28,36,5,76.45
2019-02-16 18:00:00,27,26,40,11,80.13
2019-02-16 19:00:00,37,33,46,10,74.18
2019-02-16 20:00:00,28,28,41,8,86.54
2019-02-16 21:00:00,26,24,43,5,80.24
2019-02-16 22:00:00,28,25,44,7,84.09
2019-02-16 23:00:00,29,26,35,7,73.4
2019-02-17 00:00:00,27,23,38,7,80.5
2019-02-17 01:00:00,20,20,45,5,76.9
2019-02-17 02:00:00,37,34,46,9,80.15
2019-02-17 03:00:00,24,23,55,5,77.28
2019-02-17 04:00:00,29,28,41,2,84.62
2019-02-17 05:00:00,29,26,45,8,82.32
2019-02-17 06:00:00,25,21,41,8,83.29
2019-02-17 07:00:00,30,28,45,6,81.3
2019-02-17 08:00:00,17,17,55,7,87.59
2019-02-17 09:00:00,36,34,49,11,72.81
2019-02-17 10:00:00,35,35,45,7,80.48
2019-02-17 11:00:00,27,24,40,6,84.28
2019-02-17 12:00:00,24,20,39,5,85.46
2019-02-17 13:00:00,23,22,49,8,68.91
2019-02-17 14:00:00,23,22,46,4,75.94
2019-02-17 15:00:00,21,20,36,8,81.23
2019-02-17 16:00:00,28,24,49,8,86.19
2019-02-17 17:00:00,19,17,38,8,69.13
2019-02-17 18:00:00,28,25,50,7,79.14
2019-02-17 19:00:00,23,19,37,5,86.84
2019-02-17 20:00:00,32,29,42,6,86.84
2019-02-17 21:00:00,24,21,48,6,85.85
2019-02-17 22:00:00,31,29,41,7,82.7
2019-02-17 23:00:00,23,22,44,6,84.62
2019-02-18 00:00:00,25,25,44,6,84.73
2019-02-18 01:00:00,33,29,42,7,88.07
2019-02-18 02:00:00,29,25,51,7,90.65
2019-02-18 03:00:00,24,20,49,7,83.32
2019-02-18 04:00:00,33,30,32,9,88.63
2019-02-18 05:00:00,24,22,51,5,80.44
2019-02-18 06:00:00,32,28,42,4,82.45
2019-02-18 07:00:00,29,26,54,6,90.56
2019-02-18 08:00:00,19,17,40,6,92.57
2019-02-18 09:00:00,22,22,41,8,81.12
2019-02-18 10:00:00,25,23,43,5,84.65
2019-02-18 11:00:00,31,30,49,7,71.02
2019-02-18 12:00:00,27,27,43,7,78.5
2019-02-18 13:00:00,24,24,45,7,83.17
2019-02-18 14:00:00,23,23,47,7,79.36
2019-02-18 15:00:00,36,33,42,5,82.36
2019-02-18 16:00:00,28,28,54,12,80.75
2019-02-18 17:00:00,21,18,43,7,86.51
2019-02-18 18:00:00,28,27,40,6,72.85
2019-02-18 19:00:00,27,27,44,6,88.43
2019-02-18 20:00:00,32,28,51,9,87.68
2019-02-18 21:00:00,19,16,43,5,83.36
2019-02-18 22:00:00,28,25,46,8,82.11
2019-02-18 23:00:00,31,29,43,4,75.32
2019-02-19 00:00:00,17,17,48,6,80.31
2019-02-19 01:00:00,31,31,30,6,72.84
2019-02-19 02:00:00,25,23,47,6,88.89
2019-02-19 03:00:00,18,15,44,10,86.35
2019-02-19 04:00:00,29,26,52,7,84.01
2019-02-19 05:00:00,24,22,45,10,75.24
2019-02-19 06:00:00,24,23,42,7,74.21
2019-02-19 07:00:00,29,26,48,9,76.56
2019-02-19 08:00:00,25,25,45,10,78.98
2019-02-19 09:00:00,36,35,44,5,87.73
2019-02-19 10:00:00,27,23,50,6,86.44
2019-02-19 11:00:00,19,17,47,8,84.26
2019-02-19 12:00:00,27,24,45,6,80.89
2019-02-19 13:00:00,21,18,54,6,81.42
2019-02-19 14:00:00,22,20,39,8,84.14
2019-02-19 15:00:00,35,32,45,4,82.23
2019-02-19 16:00:00,22,19,49,6,83.14
2019-02-19 17:00:00,24,24,31,4,72.95
2019-02-19 18:00:00,33,33,32,10,88.78
2019-02-19 19:00:00,31,28,38,9,75.68
2019-02-19 20:00:00,22,19,52,4,83.31
2019-02-19 21:00:00,28,25,51,7,81.94
2019-02-19 22:00:00,31,28,50,8,85.57
2019-02-19 23:00:00,21,20,48,9,84.25
2019-02-20 00:00:00,33,33,46,9,86.46
2019-02-20 01:00:00,25,22,51,9,78.86
2019-02-20 02:00:00,30,27,43,8,87.87
2019-02-20 03:00:00,23,23,41,7,80.35
2019-02-20 04:00:00,29,25,54,7,86.13
2019-02-20 05:00:00,24,21,44,10,87.63
2019-02-20 06:00:00,30,28,47,8,83.56
2019-02-20 07:00:00,19,18,52,5,73.13
2019-02-20 08:00:00,30,26,43,6,84.12
2019-02-20 09:00:00,33,29,48,9,86.99
2019-02-20 10:00:00,26,26,42,6,80.64
2019-02-20 11:00:00,26,25,45,3,87.03
2019-02-20 12:00:00,20,18,53,4,82.8
2019-02-20 13:00:00,32,31,46,8,86.43
2019-02-20 14:00:00,24,20,46,4,82.34
2019-02-20 15:00:00,42,38,42,9,88.7
2019-02-20 16:00:00,26,25,51,2,78.49
2019-02-20 17:00:00,23,23,53,6,80.83
2019-02-20 18:00:00,24,24,47,4,74.49
2019-02-20 19:00:00,30,26,42,6,81.85
2019-02-20 20:00:00,32,30,39,6,82.58
2019-02-20 21:00:00,26,22,41,3,75.11
2019-02-20 22:00:00,24,23,40,8,87.73
2019-02-20 23:00:00,23,20,48,3,83.06
2019-02-21 00:00:00,16,13,34,5,85.51
2019-02-21 01:00:00,26,24,44,6,81.21
2019-02-21 02:00:00,33,31,43,5,78.9
2019-02-21 03:00:00,24,22,50,5,71.32
2019-02-21 04:00:00,38,38,47,6,83.44
2019-02-21 05:00:00,25,21,40,5,88.72
2019-02-21 06:00:00,30,29,43,5,81.06
2019-02-21 07:00:00,26,22,49,6,76.45
2019-02-21 08:00:00,32,31,44,8,86.26
2019-02-21 09:00:00,26,23,32,7,88.06
2019-02-21 10:00:00,32,28,44,7,84.36
2019-02-21 11:00:00,30,29,35,9,83.83
2019-02-21 12:00:00,31,30,43,6,87.91
2019-02-21 13:00:00,23,20,51,3,85.3
2019-02-21 14:00:00,27,23,46,5,86.89
2019-02-21 15:00:00,31,27,45,7,90.83
2019-02-21 16:00:00,24,24,40,4,81.98
2019-02-21 17:00:00,25,21,44,4,77.33
2019-02-21 18:00:00,25,22,42,6,95.74
2019-02-21 19:00:00,32,31,48,6,87.12
2019-02-21 20:00:00,26,23,43,7,87.9
2019-02-21 21:00:00,22,19,46,3,80.05
2019-02-21 22:00:00,28,25,44,7,83.17
2019-02-21 23:00:00,28,24,45,5,75.81
2019-02-22 00:00:00,22,20,43,4,79.63
2019-02-22 01:00:00,26,23,43,5,80.57
2019-02-22 02:00:00,21,20,44,3,78.59
2019-02-22 03:00:00,17,17,42,7,72.68
2019-02-22 04:00:00,28,24,52,9,76.07
2019-02-22 05:00:00,25,23,36,6,84.77
2019-02-22 06:00:00,29,27,49,7,83.24
2019-02-22 07:00:00,27,24,53,6,88.34
2019-02-22 08:00:00,25,24,42,6,76.36
2019-02-22 09:00:00,18,18,43,7,82.32
2019-02-22 10:00:00,20,18,40,5,81.09
2019-02-22 11:00:00,20,16,50,5,82.96
2019-02-22 12:00:00,24,23,49,6,77.16
2019-02-22 13:00:00,36,32,39,6,73.68
2019-02-22 14:00:00,21,18,38,5,82.75
2019-02-22 15:00:00,25,25,43,5,75.57
2019-02-22 16:00:00,33,29,48,8,78.42
2019-02-22 17:00:00,23,23,47,6,78.09
2019-02-22 18:00:00,19,15,44,5,85.9
2019-02-22 19:00:00,33,31,46,4,73.12
2019-02-22 20:00:00,35,33,45,10,80.57
2019-02-22 21:00:00,25,22,42,7,74.44
2019-02-22 22:00:00,29,28,45,7,85.27
2019-02-22 23:00:00,25,25,40,5,87.81
2019-02-23 00:00:00,30,29,50,8,84.54
2019-02-23 01:00:00,22,21,42,7,85.98
2019-02-23 02:00:00,33,32,42,7,94.25
2019-02-23 03:00:00,22,21,35,3,69.95
2019-02-23 04:00:00,27,26,42,7,81.82
2019-02-23 05:00:00,21,17,45,5,82.19
2019-02-23 06:00:00,23,22,36,8,82.81
2019-02-23 07:00:00,26,26,50,9,77.28
2019-02-23 08:00:00,23,21,39,7,82.8
2019-02-23 09:00:00,31,30,45,4,83.96
2019-02-23 10:00:00,28,25,49,5,84.69
2019-02-23 11:00:00,26,26,36,6,72.44
2019-02-23 12:00:00,27,23,39,4,87.25
2019-02-23 13:00:00,25,23,46,6,78.2
2019-02-23 14:00:00,29,27,47,9,78.93
2019-02-23 15:00:00,28,26,32,9,78.54
2019-02-23 16:00:00,23,20,45,6,85.17
2019-02-23 17:00:00,27,26,41,6,73.04
2019-02-23 18:00:00,37,33,45,9,88.99
2019-02-23 19:00:00,33,29,44,6,93.84
2019-02-23 20:00:00,19,15,49,5,82.2
2019-02-23 21:00:00,24,23,41,4,74.92
2019-02-23 22:00:00,29,25,53,8,74.22
2019-02-23 23:00:00,25,21,48,5,82.09
2019-02-24 00:00:00,25,23,42,5,78.94
2019-02-24 01:00:00,30,29,40,6,84.79
2019-02-24 02:00:00,17,17,48,4,85.37
2019-02-24 03:00:00,19,19,45,6,73.1
2019-02-24 04:00:00,26,26,49,5,78.92
2019-02-24 05:00:00,30,27,46,7,78.05
2019-02-24 06:00:00,30,28,32,6,82.7
2019-02-24 07:00:00,29,25,43,6,70.45
2019-02-24 08:00:00,30,28,45,3,74.07
2019-02-24 09:00:00,26,25,36,6,78.12
2019-02-24 10:00:00,14,13,49,4,83.88
2019-02-24 11:00:00,25,23,43,4,78.0
2019-02-24 12:00:00,27,26,38,6,85.6
2019-02-24 13:00:00,28,26,41,5,75.5
2019-02-24 14:00:00,23,21,42,4,80.54
2019-02-24 15:00:00,29,27,46,5,77.62
2019-02-24 16:00:00,16,16,49,3,85.57
2019-02-24 17:00:00,25,21,36,7,90.31
2019-02-24 18:00:00,28,27,47,8,85.02
2019-02-24 19:00:00,31,27,39,4,89.64
2019-02-24 20:00:00,25,21,46,6,82.13
2019-02-24 21:00:00,22,20,37,5,76.89
2019-02-24 22:00:00,24,20,49,7,80.53
2019-02-24 23:00:00,27,25,48,7,75.5
2019-02-25 00:00:00,17,16,48,3,82.54
2019-02-25 01:00:00,19,16,48,3,79.79
2019-02-25 02:00:00,28,24,43,6,77.81
2019-02-25 03:00:00,22,18,46,3,82.97
2019-02-25 04:00:00,27,23,43,8,72.54
2019-02-25 05:00:00,29,27,54,5,82.65
2019-02-25 06:00:00,25,25,54,6,71.51
2019-02-25 07:00:00,33,31,41,8,81.45
2019-02-25 08:00:00,25,23,56,6,82.48
2019-02-25 09:00:00,27,25,50,8,75.94
2019-02-25 10:00:00,25,24,54,2,78.87
2019-02-25 11:00:00,24,23,38,4,81.29
2019-02-25 12:00:00,19,16,38,5,76.71
2019-02-25 13:00:00,33,29,51,10,85.8
2019-02-25 14:00:00,29,26,36,5,90.36
2019-02-25 15:00:00,22,22,43,6,79.73
2019-02-25 16:00:00,28,27,48,7,85.82
2019-02-25 17:00:00,25,23,49,7,82.74
2019-02-25 18:00:00,20,19,47,4,79.45
2019-02-25 19:00:00,22,21,49,4,80.79
2019-02-25 20:00:00,24,24,38,6,78.89
2019-02-25 21:00:00,33,33,42,8,81.34
2019-02-25 22:00:00,26,22,49,7,84.05
2019-02-25 23:00:00,26,25,45,7,86.16
2019-02-26 00:00:00,23,23,40,5,77.23
2019-02-26 01:00:00,25,22,49,8,79.37
2019-02-26 02:00:00,22,21,42,5,85.6
2019-02-26 03:00:00,25,23,44,9,81.64
2019-02-26 04:00:00,29,25,44,6,82.18
2019-02-26 05:00:00,23,22,44,6,68.67
2019-02-26 06:00:00,21,17,48,5,90.65
2019-02-26 07:00:00,15,11,47,6,80.14
2019-02-26 08:00:00,23,23,38,3,81.44
2019-02-26 09:00:00,25,25,43,4,77.39
2019-02-26 10:00:00,28,27,43,8,84.19
2019-02-26 11:00:00,39,35,36,6,87.43
2019-02-26 12:00:00,28,25,47,7,77.17
2019-02-26 13:00:00,27,27,55,8,87.96
2019-02-26 14:00:00,26,26,52,3,72.6
2019-02-26 15:00:00,28,28,48,8,79.58
2019-02-26 16:00:00,26,26,36,6,74.99
2019-02-26 17:00:00,22,18,44,6,86.11
2019-02-26 18:00:00,18,15,51,8,90.12
2019-02-26 19:00:00,30,30,51,7,81.88
2019-02-26 20:00:00,31,28,46,6,79.17
2019-02-26 21:00:00,21,17,42,1,78.77
2019-02-26 22:00:00,32,30,43,8,91.28
2019-02-26 23:00:00,25,23,45,6,77.31
2019-02-27 00:00:00,28,26,33,6,76.54
2019-02-27 01:00:00,24,23,40,7,78.03
2019-02-27 02:00:00,31,28,34,9,79.7
2019-02-27 03:00:00,22,18,34,5,79.32
2019-02-27 04:00:00,27,26,36,7,76.58
2019-02-27 05:00:00,19,17,45,5,80.43
2019-02-27 06:00:00,26,24,40,2,82.06
2019-02-27 07:00:00,26,24,44,4,82.15
2019-02-27 08:00:00,28,24,45,5,73.47
2019-02-27 09:00:00,27,25,37,6,77.34
2019-02-27 10:00:00,19,16,37,5,80.42
2019-02-27 11:00:00,25,23,39,6,81.17
2019-02-27 12:00:00,29,28,44,3,81.53
2019-02-27 13:00:00,23,21,50,3,75.33
2019-02-27 14:00:00,27,26,30,6,80.05
2019-02-27 15:00:00,21,21,50,6,89.17
2019-02-27 16:00:00,21,17,49,6,79.89
2019-02-27 17:00:00,30,27,39,7,74.24
2019-02-27 18:00:00,21,19,43,5,87.27
2019-02-27 19:00:00,23,21,45,10,81.14
2019-02-27 20:00:00,26,24,44,8,78.51
2019-02-27 21:00:00,16,14,43,3,88.81
2019-02-27 22:00:00,15,14,49,4,64.77
2019-02-27 23:00:00,23,19,39,5,80.22
2019-02-28 00:00:00,22,21,48,7,72.06
2019-02-28 01:00:00,17,15,44,8,89.19
2019-02-28 02:00:00,36,35,40,5,77.57
2019-02-28 03:00:00,27,25,41,6,74.08
2019-02-28 04:00:00,34,34,31,6,71.55
2019-02-28 05:00:00,31,30,50,4,86.34
2019-02-28 06:00:00,24,20,41,4,92.83
2019-02-28 07:00:00,26,26,41,8,78.95
2019-02-28 08:00:00,31,28,39,4,82.26
2019-02-28 09:00:00,28,27,50,8,77.7
2019-02-28 10:00:00,29,28,41,8,85.36
2019-02-28 11:00:00,32,29,45,5,78.55
2019-02-28 12:00:00,33,29,34,5,78.07
2019-02-28 13:00:00,25,25,55,3,77.46
2019-02-28 14:00:00,24,21,40,3,85.4
2019-02-28 15:00:00,25,21,35,6,86.36
2019-02-28 16:00:00,25,25,47,5,73.31
2019-02-28 17:00:00,25,21,42,4,82.04
2019-02-28 18:00:00,24,20,46,6,69.81
2019-02-28 19:00:00,33,31,51,3,75.36
2019-02-28 20:00:00,26,25,40,12,78.79
2019-02-28 21:00:00,27,27,42,1,75.08
2019-02-28 22:00:00,19,17,43,6,81.47
2019-02-28 23:00:00,29,29,38,1,86.81
2019-03-01 00:00:00,28,26,46,6,82.86
2019-03-01 01:00:00,24,24,38,1,88.25
2019-03-01 02:00:00,16,15,47,4,78.38
2019-03-01 03:00:00,27,23,46,3,81.46
2019-03-01 04:00:00,26,25,41,3,84.4
2019-03-01 05:00:00,19,19,40,5,86.92
2019-03-01 06:00:00,24,23,40,5,83.48
2019-03-01 07:00:00,30,30,48,5,84.69
2019-03-01 08:00:00,26,23,51,9,81.28
2019-03-01 09:00:00,22,19,41,3,76.15
2019-03-01 10:00:00,20,20,39,3,83.94
2019-03-01 11:00:00,22,19,43,6,80.07
2019-03-01 12:00:00,26,22,43,6,82.62
2019-03-01 13:00:00,14,14,43,3,71.1
2019-03-01 14:00:00,32,30,43,7,92.1
2019-03-01 15:00:00,33,30,45,4,86.23
2019-03-01 16:00:00,13,9,47,1,89.84
2019-03-01 17:00:00,24,24,45,7,86.54
2019-03-01 18:00:00,30,28,49,7,81.84
2019-03-01 19:00:00,23,19,50,2,71.67
2019-03-01 20:00:00,22,19,41,5,82.32
2019-03-01 21:00:00,24,24,43,6,76.51
2019-03-01 22:00:00,26,23,45,9,89.06
2019-03-01 23:00:00,23,21,50,3,84.87
2019-03-02 00:00:00,22,22,43,4,81.75
2019-03-02 01:00:00,26,22,54,10,77.66
2019-03-02 02:00:00,17,14,41,4,77.41
2019-03-02 03:00:00,23,22,40,4,72.28
2019-03-02 04:00:00,29,25,37,4,77.37
2019-03-02 05:00:00,25,22,46,7,81.73
2019-03-02 06:00:00,23,22,41,8,76.42
2019-03-02 07:00:00,21,19,44,6,82.89
2019-03-02 08:00:00,37,37,42,6,83.61
2019-03-02 09:00:00,28,26,44,3,83.29
2019-03-02 10:00:00,27,25,48,5,91.2
2019-03-02 11:00:00,37,37,44,6,78.7
2019-03-02 12:00:00,19,15,43,2,89.02
2019-03-02 13:00:00,35,32,40,8,88.6
2019-03-02 14:00:00,27,25,53,5,74.28
2019-03-02 15:00:00,22,18,47,4,85.04
2019-03-02 16:00:00,31,30,37,4,89.14
2019-03-02 17:00:00,19,17,40,2,79.14
2019-03-02 18:00:00,26,22,49,5,77.85
2019-03-02 19:00:00,29,25,41,5,84.83
2019-03-02 20:00:00,23,20,44,4,83.17
2019-03-02 21:00:00,17,15,44,2,93.99
2019-03-02 22:00:00,32,32,42,4,85.8
2019-03-02 23:00:00,24,21,47,4,85.24
2019-03-03 00:00:00,16,16,43,1,75.42
2019-03-03 01:00:00,34,34,45,8,71.41
2019-03-03 02:00:00,22,18,40,4,89.63
2019-03-03 03:00:00,27,27,33,10,82.29
2019-03-03 04:00:00,25,25,40,6,79.59
2019-03-03 05:00:00,19,16,41,3,82.2
2019-03-03 06:00:00,29,27,44,6,84.75
2019-03-03 07:00:00,28,25,48,4,78.63
2019-03-03 08:00:00,26,22,47,3,70.02
2019-03-03 09:00:00,19,17,47,2,77.8
2019-03-03 10:00:00,25,22,39,3,81.45
2019-03-03 11:00:00,33,31,42,5,75.59
2019-03-03 12:00:00,23,22,45,3,80.54
2019-03-03 13:00:00,22,19,54,4,93.46
2019-03-03 14:00:00,20,18,60,3,81.04
2019-03-03 15:00:00,26,26,41,6,72.31
2019-03-03 16:00:00,22,21,39,5,81.61
2019-03-03 17:00:00,28,28,39,5,81.07
2019-03-03 18:00:00,23,22,40,4,80.46
2019-03-03 19:00:00,19,15,50,4,75.85
2019-03-03 20:00:00,25,23,48,6,85.04
2019-03-03 21:00:00,20,19,34,4,92.51
2019-03-03 22:00:00,28,26,36,6,87.78
2019-03-03 23:00:00,21,17,49,4,88.36
2019-03-04 00:00:00,34,33,55,5,73.46
2019-03-04 01:00:00,28,26,50,5,78.71
2019-03-04 02:00:00,17,14,40,4,77.33
2019-03-04 03:00:00,25,23,41,5,80.7
2019-03-04 04:00:00,27,25,46,3,85.48
2019-03-04 05:00:00,31,29,48,4,85.06
2019-03-04 06:00:00,31,31,47,6,80.65
2019-03-04 07:00:00,21,20,35,6,75.39
2019-03-04 08:00:00,21,19,46,1,85.68
2019-03-04 09:00:00,19,15,47,3,85.48
2019-03-04 10:00:00,20,18,48,4,65.45
2019-03-04 11:00:00,31,29,44,6,83.23
2019-03-04 12:00:00,22,19,55,4,75.87
2019-03-04 13:00:00,29,26,46,3,80.59
2019-03-04 14:00:00,32,29,39,14,76.92
2019-03-04 15:00:00,21,21,44,5,80.8
2019-03-04 16:00:00,23,19,43,4,84.45
2019-03-04 17:00:00,30,29,36,5,82.57
2019-03-04 18:00:00,21,17,37,5,83.67
2019-03-04 19:00:00,30,27,51,7,83.2
2019-03-04 20:00:00,34,30,42,7,80.22
2019-03-04 21:00:00,24,24,54,7,80.78
2019-03-04 22:00:00,25,23,43,2,85.16
2019-03-04 23:00:00,23,20,49,5,82.18
2019-03-05 00:00:00,32,31,50,3,80.82
2019-03-05 01:00:00,23,23,47,7,75.1
2019-03-05 02:00:00,24,20,42,2,85.67
2019-03-05 03:00:00,27,26,52,6,86.11
2019-03-05 04:00:00,34,33,40,4,85.11
2019-03-05 05:00:00,20,17,46,8,80.91
2019-03-05 06:00:00,25,23,52,5,86.88
2019-03-05 07:00:00,23,23,49,1,80.4
2019-03-05 08:00:00,17,13,43,2,74.97
2019-03-05 09:00:00,27,23,42,3,87.47
2019-03-05 10:00:00,15,15,51,6,74.93
2019-03-05 11:00:00,29,29,53,8,76.55
2019-03-05 12:00:00,29,28,40,4,80.59
2019-03-05 13:00:00,23,21,46,3,83.44
2019-03-05 14:00:00,30,28,48,6,85.28
2019-03-05 15:00:00,27,24,45,6,73.52
2019-03-05 16:00:00,32,28,45,8,85.12
2019-03-05 17:00:00,31,27,49,6,75.11
2019-03-05 18:00:00,31,31,41,6,80.7
2019-03-05 19:00:00,35,32,47,5,81.87
2019-03-05 20:00:00,23,21,43,4,70.73
2019-03-05 21:00:00,22,20,45,5,92.35
2019-03-05 22:00:00,17,15,52,5,71.38
2019-03-05 23:00:00,26,23,50,6,82.86
2019-03-06 00:00:00,38,35,42,11,80.61
2019-03-06 01:00:00,22,22,45,8,78.72
2019-03-06 02:00:00,26,25,52,7,71.7
2019-03-06 03:00:00,30,27,41,7,84.76
2019-03-06 04:00:00,24,22,43,4,93.2
2019-03-06 05:00:00,27,24,51,8,81.6
2019-03-06 06:00:00,33,32,44,6,82.04
2019-03-06 07:00:00,22,19,38,2,81.72
2019-03-06 08:00:00,20,18,48,4,86.01
2019-03-06 09:00:00,23,23,46,0,84.84
2019-03-06 10:00:00,26,23,49,6,75.34
2019-03-06 11:00:00,23,21,47,0,76.42
2019-03-06 12:00:00,29,26,48,7,78.04
2019-03-06 13:00:00,30,30,42,9,80.56
2019-03-06 14:00:00,32,28,49,7,87.65
2019-03-06 15:00:00,19,17,55,2,69.11
2019-03-06 16:00:00,19,17,40,4,83.62
2019-03-06 17:00:00,27,24,41,8,89.87
2019-03-06 18:00:00,30,26,49,5,81.08
2019-03-06 19:00:00,22,20,45,5,81.0
2019-03-06 20:00:00,23,21,41,6,86.31
2019-03-06 21:00:00,26,22,40,2,86.62
2019-03-06 22:00:00,22,19,59,4,80.36
2019-03-06 23:00:00,27,25,37,7,83.44
2019-03-07 00:00:00,18,16,39,3,65.62
2019-03-07 01:00:00,27,27,47,6,81.93
2019-03-07 02:00:00,18,17,40,2,80.79
2019-03-07 03:00:00,24,22,45,8,89.47
2019-03-07 04:00:00,23,21,38,10,89.62
2019-03-07 05:00:00,22,20,44,5,80.56
2019-03-07 06:00:00,18,18,43,4,86.73
2019-03-07 07:00:00,17,13,41,4,79.05
2019-03-07 08:00:00,35,34,46,8,80.75
2019-03-07 09:00:00,21,21,42,9,86.41
2019-03-07 10:00:00,38,37,48,7,81.8
2019-03-07 11:00:00,25,22,40,6,85.41
2019-03-07 12:00:00,22,20,47,2,81.47
2019-03-07 13:00:00,27,23,48,7,79.59
2019-03-07 14:00:00,24,23,48,6,79.68
2019-03-07 15:00:00,23,21,51,1,78.8
2019-03-07 16:00:00,18,14,37,4,80.34
2019-03-07 17:00:00,23,21,38,6,88.08
2019-03-07 18:00:00,20,18,37,5,77.28
2019-03-07 19:00:00,19,15,47,0,76.58
2019-03-07 20:00:00,17,15,40,2,91.0
2019-03-07 21:00:00,19,16,42,3,81.52
2019-03-07 22:00:00,25,25,48,3,86.05
2019-03-07 23:00:00,30,29,49,2,88.04
2019-03-08 00:00:00,20,16,33,6,83.78
2019-03-08 01:00:00,24,24,45,8,84.72
2019-03-08 02:00:00,23,22,42,3,78.37
2019-03-08 03:00:00,27,23,46,2,77.37
2019-03-08 04:00:00,21,17,45,3,84.29
2019-03-08 05:00:00,20,17,44,3,92.26
2019-03-08 06:00:00,28,24,53,5,74.28
2019-03-08 07:00:00,22,19,46,2,85.43
2019-03-08 08:00:00,29,28,42,9,78.62
2019-03-08 09:00:00,27,25,43,4,72.52
2019-03-08 10:00:00,25,22,35,4,81.75
2019-03-08 11:00:00,24,22,36,2,78.98
2019-03-08 12:00:00,16,14,42,1,77.82
2019-03-08 13:00:00,20,16,46,6,82.73
2019-03-08 14:00:00,20,20,50,4,79.86
2019-03-08 15:00:00,17,15,39,3,70.06
2019-03-08 16:00:00,25,25,47,5,88.87
2019-03-08 17:00:00,17,14,53,4,89.67
2019-03-08 18:00:00,27,25,51,3,89.42
2019-03-08 19:00:00,25,23,48,6,81.54
2019-03-08 20:00:00,22,20,38,3,82.14
2019-03-08 21:00:00,24,24,41,1,86.14
2019-03-08 22:00:00,27,24,49,2,90.87
2019-03-08 23:00:00,27,27,47,7,86.84
2019-03-09 00:00:00,26,25,47,4,81.02
2019-03-09 01:00:00,29,28,49,5,81.94
2019-03-09 02:00:00,22,18,43,1,87.98
2019-03-09 03:00:00,17,15,42,2,79.6
2019-03-09 04:00:00,19,18,65,2,82.58
2019-03-09 05:00:00,37,36,46,6,74.8
2019-03-09 06:00:00,25,25,51,4,71.94
2019-03-09 07:00:00,21,18,44,1,79.79
2019-03-09 08:00:00,12,10,46,1,79.32
2019-03-09 09:00:00,32,30,43,6,79.27
2019-03-09 10:00:00,23,19,45,7,82.87
2019-03-09 11:00:00,29,26,37,3,84.91
2019-03-09 12:00:00,31,29,49,3,81.03
2019-03-09 13:00:00,23,23,61,3,82.49
2019-03-09 14:00:00,20,18,45,2,81.96
2019-03-09 15:00:00,21,20,35,3,83.94
2019-03-09 16:00:00,19,17,40,5,76.58
2019-03-09 17:00:00,29,28,52,4,85.55
2019-03-09 18:00:00,17,14,38,4,84.74
2019-03-09 19:00:00,20,19,47,2,76.66
2019-03-09 20:00:00,25,22,50,5,82.77
2019-03-09 21:00:00,17,13,47,3,79.01
2019-03-09 22:00:00,22,21,35,1,87.66
2019-03-09 23:00:00,22,19,42,4,73.31
2019-03-10 00:00:00,24,24,50,6,76.76
2019-03-10 01:00:00,36,33,40,7,86.09
2019-03-10 02:00:00,16,12,47,0,85.34
2019-03-10 03:00:00,23,22,40,4,86.13
2019-03-10 04:00:00,20,20,48,3,73.43
2019-03-10 05:00:00,28,25,45,5,77.08
2019-03-10 06:00:00,20,19,46,3,85.98
2019-03-10 07:00:00,27,23,41,6,87.56
2019-03-10 08:00:00,29,27,40,1,77.23
2019-03-10 09:00:00,26,22,33,2,93.02
2019-03-10 10:00:00,19,15,41,2,83.08
2019-03-10 11:00:00,28,27,42,4,78.9
2019-03-10 12:00:00,30,29,47,5,73.77
2019-03-10 13:00:00,22,19,35,8,85.09
2019-03-10 14:00:00,25,25,53,5,81.93
2019-03-10 15:00:00,21,17,41,6,81.23
2019-03-10 16:00:00,26,25,42,1,78.13
2019-03-10 17:00:00,22,21,47,1,77.87
2019-03-10 18:00:00,21,17,43,7,75.28
2019-03-10 19:00:00,26,23,47,7,87.21
2019-03-10 20:00:00,22,21,41,7,87.18
2019-03-10 21:00:00,29,27,41,6,68.74
2019-03-10 22:00:00,29,27,43,5,80.83
2019-03-10 23:00:00,16,16,41,1,81.03
2019-03-11 00:00:00,23,20,46,6,85.81
2019-03-11 01:00:00,32,28,50,5,80.54
2019-03-11 02:00:00,21,17,33,4,81.91
2019-03-11 03:00:00,23,19,50,5,84.05
2019-03-11 04:00:00,15,13,46,3,82.13
2019-03-11 05:00:00,15,11,52,3,86.73
2019-03-11 06:00:00,20,20,46,3,74.11
2019-03-11 07:00:00,30,28,48,4,75.07
2019-03-11 08:00:00,27,26,38,3,78.7
2019-03-11 09:00:00,20,17,51,6,74.5
2019-03-11 10:00:00,23,22,39,1,93.5
2019-03-11 11:00:00,18,17,44,3,75.86
2019-03-11 12:00:00,26,23,54,0,86.87
2019-03-11 13:00:00,20,17,48,5,89.74
2019-03-11 14:00:00,15,11,42,0,84.09
2019-03-11 15:00:00,20,16,44,5,78.9
2019-03-11 16:00:00,30,30,47,5,80.78
2019-03-11 17:00:00,21,18,50,0,75.21
2019-03-11 18:00:00,24,21,39,5,74.82
2019-03-11 19:00:00,10,9,48,0,90.7
2019-03-11 20:00:00,25,21,44,3,74.56
2019-03-11 21:00:00,27,27,39,5,70.92
2019-03-11 22:00:00,25,21,48,6,86.3
2019-03-11 23:00:00,23,20,41,5,79.04
2019-03-12 00:00:00,27,27,39,2,86.36
2019-03-12 01:00:00,28,24,45,6,65.22
2019-03-12 02:00:00,20,19,46,5,80.18
2019-03-12 03:00:00,29,25,44,4,76.05
2019-03-12 04:00:00,31,27,38,6,72.75
2019-03-12 05:00:00,28,28,53,3,72.67
2019-03-12 06:00:00,32,32,49,6,72.08
2019-03-12 07:00:00,21,19,48,0,79.72
2019-03-12 08:00:00,19,16,40,1,79.18
2019-03-12 09:00:00,20,19,42,1,83.52
2019-03-12 10:00:00,24,20,37,5,72.98
2019-03-12 11:00:00,20,20,43,7,82.17
2019-03-12 12:00:00,23,19,38,5,87.64
2019-03-12 13:00:00,17,13,41,0,88.35
2019-03-12 14:00:00,29,25,57,9,86.16
2019-03-12 15:00:00,25,21,58,1,84.53
2019-03-12 16:00:00,27,26,44,4,77.34
2019-03-12 17:00:00,32,31,42,7,86.24
2019-03-12 18:00:00,35,34,49,4,85.67
2019-03-12 19:00:00,31,30,43,3,79.26
2019-03-12 20:00:00,18,16,51,2,75.29
2019-03-12 21:00:00,25,25,46,6,75.0
2019-03-12 22:00:00,23,20,52,6,74.71
2019-03-12 23:00:00,15,12,51,2,77.79
2019-03-13 00:00:00,23,23,41,2,83.46
2019-03-13 01:00:00,24,21,43,1,87.01
2019-03-13 02:00:00,29,27,46,1,78.79
2019-03-13 03:00:00,24,24,53,6,77.54
2019-03-13 04:00:00,18,15,53,3,78.65
2019-03-13 05:00:00,13,9,45,0,77.57
2019-03-13 06:00:00,27,25,44,2,76.19
2019-03-13 07:00:00,37,34,48,9,89.36
2019-03-13 08:00:00,18,16,46,2,78.71
2019-03-13 09:00:00,19,19,47,5,79.55
2019-03-13 10:00:00,27,27,45,3,66.31
2019-03-13 11:00:00,26,26,33,4,75.34
2019-03-13 12:00:00,19,16,46,2,77.02
2019-03-13 13:00:00,23,22,44,6,83.83
2019-03-13 14:00:00,21,19,44,4,86.21
2019-03-13 15:00:00,24,21,47,1,87.02
2019-03-13 16:00:00,32,30,38,5,73.9
2019-03-13 17:00:00,23,19,48,2,89.27
2019-03-13 18:00:00,28,28,42,1,76.98
2019-03-13 19:00:00,21,21,36,6,74.89
2019-03-13 20:00:00,30,29,48,5,82.3
2019-03-13 21:00:00,30,30,47,2,86.75
2019-03-13 22:00:00,20,16,36,4,84.25
2019-03-13 23:00:00,25,23,37,6,74.02
2019-03-14 00:00:00,24,21,38,3,85.35
2019-03-14 01:00:00,22,22,37,3,86.82
2019-03-14 02:00:00,20,17,42,2,75.77
2019-03-14 03:00:00,26,25,48,5,81.01
2019-03-14 04:00:00,27,27,48,3,78.66
2019-03-14 05:00:00,21,20,42,4,81.39
2019-03-14 06:00:00,36,34,36,6,74.98
2019-03-14 07:00:00,28,26,46,3,75.92
2019-03-14 08:00:00,24,20,47,2,85.56
2019-03-14 09:00:00,19,19,41,0,83.62
2019-03-14 10:00:00,31,28,39,4,84.79
2019-03-14 11:00:00,28,28,45,7,84.95
2019-03-14 12:00:00,24,22,40,4,78.26
2019-03-14 13:00:00,21,20,34,3,89.35
2019-03-14 14:00:00,13,9,38,1,76.69
2019-03-14 15:00:00,26,23,40,1,85.64
2019-03-14 16:00:00,16,15,50,4,83.11
2019-03-14 17:00:00,25,22,40,3,82.25
2019-03-14 18:00:00,17,13,41,5,88.45
2019-03-14 19:00:00,20,16,45,4,88.75
2019-03-14 20:00:00,26,23,46,6,85.13
2019-03-14 21:00:00,22,20,37,6,79.05
2019-03-14 22:00:00,23,22,43,6,90.62
2019-03-14 23:00:00,29,28,51,7,77.86
2019-03-15 00:00:00,19,19,46,3,80.49
2019-03-15 01:00:00,21,20,48,1,85.78
2019-03-15 02:00:00,21,19,47,2,78.85
2019-03-15 03:00:00,22,20,40,3,80.96
2019-03-15 04:00:00,23,20,50,4,72.38
2019-03-15 05:00:00,20,20,41,5,82.93
2019-03-15 06:00:00,19,18,42,2,87.82
2019-03-15 07:00:00,27,26,42,4,83.11
2019-03-15 08:00:00,31,27,51,11,81.99
2019-03-15 09:00:00,21,18,52,1,84.7
2019-03-15 10:00:00,25,25,37,5,87.6
2019-03-15 11:00:00,30,28,47,5,82.74
2019-03-15 12:00:00,29,28,32,0,88.49
2019-03-15 13:00:00,18,17,49,3,82.23
2019-03-15 14:00:00,22,18,40,0,82.19
2019-03-15 15:00:00,23,19,47,2,86.79
2019-03-15 16:00:00,18,17,48,1,83.3
2019-03-15 17:00:00,14,13,38,1,79.45
2019-03-15 18:00:00,19,15,49,0,86.88
2019-03-15 19:00:00,27,25,41,5,81.99
2019-03-15 20:00:00,15,14,34,2,83.0
2019-03-15 21:00:00,29,26,46,7,76.54
2019-03-15 22:00:00,22,21,46,2,83.79
2019-03-15 23:00:00,26,23,49,4,86.05
2019-03-16 00:00:00,20,16,38,1,86.6
2019-03-16 01:00:00,28,26,33,6,84.49
2019-03-16 02:00:00,19,19,42,4,81.38
2019-03-16 03:00:00,25,25,43,3,72.82
2019-03-16 04:00:00,24,24,39,1,82.38
2019-03-16 05:00:00,37,33,40,9,85.23
2019-03-16 06:00:00,22,18,43,5,84.13
2019-03-16 07:00:00,22,21,34,4,74.26
2019-03-16 08:00:00,22,20,40,4,80.84
2019-03-16 09:00:00,20,18,47,4,79.39
2019-03-16 10:00:00,22,21,51,4,78.88
2019-03-16 11:00:00,28,26,37,3,76.36
2019-03-16 12:00:00,26,24,44,6,87.97
2019-03-16 13:00:00,24,23,53,4,82.43
2019-03-16 14:00:00,25,21,48,6,86.63
2019-03-16 15:00:00,28,28,46,11,80.12
2019-03-16 16:00:00,22,21,38,2,81.16
2019-03-16 17:00:00,25,24,51,0,76.02
2019-03-16 18:00:00,25,25,41,2,79.08
2019-03-16 19:00:00,19,19,41,0,81.4
2019-03-16 20:00:00,22,19,47,5,78.34
2019-03-16 21:00:00,25,22,43,2,86.26
2019-03-16 22:00:00,23,20,46,3,86.39
2019-03-16 23:00:00,28,24,48,6,84.56
2019-03-17 00:00:00,29,28,48,4,72.48
2019-03-17 01:00:00,24,21,42,3,85.57
2019-03-17 02:00:00,22,18,53,0,86.97
2019-03-17 03:00:00,23,23,62,4,71.45
2019-03-17 04:00:00,15,12,45,3,86.57
2019-03-17 05:00:00,26,25,51,4,81.01
2019-03-17 06:00:00,20,18,47,1,85.29
2019-03-17 07:00:00,19,15,43,4,97.95
2019-03-17 08:00:00,25,21,46,4,77.48
2019-03-17 09:00:00,24,24,42,2,79.26
2019-03-17 10:00:00,26,26,41,5,81.75
2019-03-17 11:00:00,11,11,41,2,76.05
2019-03-17 12:00:00,19,16,46,0,92.89
2019-03-17 13:00:00,28,28,48,7,70.38
2019-03-17 14:00:00,23,21,45,0,87.9
2019-03-17 15:00:00,20,16,44,4,79.98
2019-03-17 16:00:00,21,17,48,2,81.39
2019-03-17 17:00:00,36,36,39,3,83.85
2019-03-17 18:00:00,17,16,40,4,85.08
2019-03-17 19:00:00,24,20,44,6,88.56
2019-03-17 20:00:00,26,23,41,2,85.17
2019-03-17 21:00:00,34,33,50,3,82.32
2019-03-17 22:00:00,25,24,38,8,74.88
2019-03-17 23:00:00,30,28,42,3,83.85
2019-03-18 00:00:00,27,27,42,5,73.97
2019-03-18 01:00:00,17,14,47,4,88.4
2019-03-18 02:00:00,23,22,42,2,80.19
2019-03-18 03:00:00,22,21,38,1,81.93
2019-03-18 04:00:00,24,24,48,3,79.31
2019-03-18 05:00:00,28,25,45,2,78.61
2019-03-18 06:00:00,28,28,42,2,86.65
2019-03-18 07:00:00,24,21,47,3,80.3
2019-03-18 08:00:00,25,25,51,0,73.61
2019-03-18 09:00:00,22,22,47,5,73.62
2019-03-18 10:00:00,32,32,43,1,76.11
2019-03-18 11:00:00,34,32,47,3,72.15
2019-03-18 12:00:00,29,29,37,4,81.37
2019-03-18 13:00:00,26,25,44,6,81.12
2019-03-18 14:00:00,31,29,45,3,69.62
2019-03-18 15:00:00,31,31,41,1,83.0
2019-03-18 16:00:00,26,23,53,1,79.53
2019-03-18 17:00:00,26,22,42,3,80.46
2019-03-18 18:00:00,22,20,47,5,72.68
2019-03-18 19:00:00,15,12,44,3,89.41
2019-03-18 20:00:00,22,20,38,3,83.32
2019-03-18 21:00:00,28,25,38,8,82.44
2019-03-18 22:00:00,15,14,42,0,74.73
2019-03-18 23:00:00,16,13,46,4,83.41
2019-03-19 00:00:00,36,35,36,5,85.91
2019-03-19 01:00:00,23,20,38,2,84.81
2019-03-19 02:00:00,34,32,41,9,76.81
2019-03-19 03:00:00,25,21,44,3,88.52
2019-03-19 04:00:00,17,15,45,2,81.59
2019-03-19 05:00:00,9,8,43,0,86.95
2019-03-19 06:00:00,23,20,42,9,71.32
2019-03-19 07:00:00,27,24,39,1,71.36
2019-03-19 08:00:00,14,11,46,0,79.48
2019-03-19 09:00:00,25,21,45,5,81.06
2019-03-19 10:00:00,34,32,51,3,85.88
2019-03-19 11:00:00,24,22,45,0,85.64
2019-03-19 12:00:00,28,25,44,4,90.26
2019-03-19 13:00:00,18,15,39,2,81.92
2019-03-19 14:00:00,21,18,44,7,82.4
2019-03-19 15:00:00,27,25,41,2,78.97
2019-03-19 16:00:00,20,16,43,7,86.12
2019-03-19 17:00:00,29,26,45,3,83.99
2019-03-19 18:00:00,35,32,46,0,80.11
2019-03-19 19:00:00,29,25,43,6,83.66
2019-03-19 20:00:00,14,10,47,0,77.32
2019-03-19 21:00:00,29,26,39,5,75.2
2019-03-19 22:00:00,31,30,56,7,83.16
2019-03-19 23:00:00,22,18,39,1,83.23
2019-03-20 00:00:00,15,11,40,1,79.03
2019-03-20 01:00:00,23,21,30,4,85.51
2019-03-20 02:00:00,24,24,36,5,74.48
2019-03-20 03:00:00,15,12,43,0,83.32
2019-03-20 04:00:00,20,20,43,7,82.09
2019-03-20 05:00:00,18,18,44,3,85.3
2019-03-20 06:00:00,17,14,47,3,83.51
2019-03-20 07:00:00,21,19,48,1,83.5
2019-03-20 08:00:00,26,22,46,4,96.25
2019-03-20 09:00:00,23,21,42,4,85.85
2019-03-20 10:00:00,29,27,39,2,78.02
2019-03-20 11:00:00,15,12,44,4,82.28
2019-03-20 12:00:00,26,25,40,6,85.28
2019-03-20 13:00:00,23,19,51,2,79.99
2019-03-20 14:00:00,29,25,45,4,86.39
2019-03-20 15:00:00,14,11,42,2,72.97
2019-03-20 16:00:00,25,24,38,7,82.69
2019-03-20 17:00:00,24,23,47,3,80.25
2019-03-20 18:00:00,27,27,46,5,77.86
2019-03-20 19:00:00,19,19,46,0,73.83
2019-03-20 20:00:00,23,21,42,2,85.57
2019-03-20 21:00:00,25,21,36,2,86.07
2019-03-20 22:00:00,22,18,47,5,81.87
2019-03-20 23:00:00,22,18,47,1,81.47
2019-03-21 00:00:00,25,23,41,2,81.4
2019-03-21 01:00:00,19,18,49,1,75.16
2019-03-21 02:00:00,18,17,48,1,89.2
2019-03-21 03:00:00,19,15,51,0,83.97
2019-03-21 04:00:00,33,32,47,8,71.91
2019-03-21 05:00:00,27,23,45,1,96.45
2019-03-21 06:00:00,21,20,50,0,81.04
2019-03-21 07:00:00,22,19,46,4,86.9
2019-03-21 08:00:00,23,23,48,2,81.07
2019-03-21 09:00:00,22,19,37,4,83.22
2019-03-21 10:00:00,22,22,47,0,76.24
2019-03-21 11:00:00,19,18,44,2,93.09
2019-03-21 12:00:00,23,20,48,7,79.44
2019-03-21 13:00:00,30,26,45,8,79.9
2019-03-21 14:00:00,21,18,45,3,80.42
2019-03-21 15:00:00,30,29,44,0,79.75
2019-03-21 16:00:00,17,16,37,1,80.08
2019-03-21 17:00:00,21,21,45,5,80.29
2019-03-21 18:00:00,15,12,46,4,78.56
2019-03-21 19:00:00,16,15,44,2,82.44
2019-03-21 20:00:00,17,14,48,0,87.02
2019-03-21 21:00:00,30,28,43,5,75.92
2019-03-21 22:00:00,29,28,40,4,91.76
2019-03-21 23:00:00,25,25,43,5,69.47
2019-03-22 00:00:00,26,26,49,5,79.42
2019-03-22 01:00:00,21,17,41,1,80.59
2019-03-22 02:00:00,20,19,48,1,83.08
2019-03-22 03:00:00,25,21,46,2,82.45
2019-03-22 04:00:00,23,23,43,3,75.17
2019-03-22 05:00:00,22,21,49,0,82.91
2019-03-22 06:00:00,23,21,43,2,84.81
2019-03-22 07:00:00,24,21,46,5,82.51
2019-03-22 08:00:00,25,24,51,3,78.53
2019-03-22 09:00:00,25,21,53,4,91.9
2019-03-22 10:00:00,27,26,41,2,93.22
2019-03-22 11:00:00,24,24,48,7,74.72
2019-03-22 12:00:00,22,22,51,0,87.72
2019-03-22 13:00:00,20,20,52,4,85.91
2019-03-22 14:00:00,27,24,43,2,87.26
2019-03-22 15:00:00,19,18,41,1,72.12
2019-03-22 16:00:00,17,17,47,3,80.7
2019-03-22 17:00:00,28,28,47,4,88.47
2019-03-22 18:00:00,23,21,39,5,75.12
2019-03-22 19:00:00,21,21,48,6,82.52
2019-03-22 20:00:00,28,24,49,2,79.25
2019-03-22 21:00:00,16,16,46,1,87.88
2019-03-22 22:00:00,16,12,46,0,91.97
2019-03-22 23:00:00,20,17,41,4,86.55
2019-03-23 00:00:00,27,24,38,1,82.18
2019-03-23 01:00:00,31,30,45,5,80.16
2019-03-23 02:00:00,32,30,45,5,80.7
2019-03-23 03:00:00,16,15,37,0,79.79
2019-03-23 04:00:00,20,20,47,2,79.65
2019-03-23 05:00:00,19,16,49,1,87.27
2019-03-23 06:00:00,24,20,46,0,79.48
2019-03-23 07:00:00,19,18,49,0,85.62
2019-03-23 08:00:00,17,14,45,5,98.07
2019-03-23 09:00:00,31,27,43,5,84.45
2019-03-23 10:00:00,26,22,50,0,86.6
2019-03-23 11:00:00,15,15,47,1,71.57
2019-03-23 12:00:00,23,22,40,9,83.05
2019-03-23 13:00:00,28,24,39,0,81.72
2019-03-23 14:00:00,16,13,51,0,88.67
2019-03-23 15:00:00,19,18,41,1,89.04
2019-03-23 16:00:00,25,25,43,0,81.86
2019-03-23 17:00:00,16,16,43,1,76.66
2019-03-23 18:00:00,25,22,53,3,78.75
2019-03-23 19:00:00,24,20,35,1,74.01
2019-03-23 20:00:00,17,17,46,0,78.02
2019-03-23 21:00:00,29,29,52,5,77.36
2019-03-23 22:00:00,16,12,49,0,89.96
2019-03-23 23:00:00,24,20,46,0,90.44
2019-03-24 00:00:00,18,14,40,4,93.64
2019-03-24 01:00:00,13,11,43,0,77.95
2019-03-24 02:00:00,29,27,45,4,78.11
2019-03-24 03:00:00,23,19,44,2,78.05
2019-03-24 04:00:00,15,11,49,0,91.89
2019-03-24 05:00:00,24,21,54,6,86.33
2019-03-24 06:00:00,17,17,45,1,89.12
2019-03-24 07:00:00,11,10,48,0,83.16
2019-03-24 08:00:00,14,12,44,0,88.4
2019-03-24 09:00:00,15,13,41,0,80.14
2019-03-24 10:00:00,22,18,47,3,83.73
2019-03-24 11:00:00,23,19,38,7,79.49
2019-03-24 12:00:00,24,20,47,3,83.49
2019-03-24 13:00:00,25,24,39,3,77.47
2019-03-24 14:00:00,15,13,49,0,85.48
2019-03-24 15:00:00,19,18,39,1,81.18
2019-03-24 16:00:00,24,24,48,2,82.38
2019-03-24 17:00:00,22,21,53,5,87.29
2019-03-24 18:00:00,20,17,42,2,82.87
2019-03-24 19:00:00,14,12,42,0,80.35
2019-03-24 20:00:00,15,14,44,0,76.05
2019-03-24 21:00:00,25,23,47,4,79.19
2019-03-24 22:00:00,19,15,36,4,78.32
2019-03-24 23:00:00,25,24,42,1,87.34
2019-03-25 00:00:00,28,26,51,1,82.24
2019-03-25 01:00:00,26,25,45,1,86.74
2019-03-25 02:00:00,23,22,42,6,81.37
2019-03-25 03:00:00,25,24,42,0,85.53
2019-03-25 04:00:00,22,19,49,0,83.2
2019-03-25 05:00:00,25,22,50,1,81.68
2019-03-25 06:00:00,21,20,47,0,86.55
2019-03-25 07:00:00,19,18,48,0,79.96
2019-03-25 08:00:00,23,21,39,5,82.5
2019-03-25 09:00:00,25,21,43,8,88.77
2019-03-25 10:00:00,19,19,48,1,70.55
2019-03-25 11:00:00,23,19,46,0,82.84
2019-03-25 12:00:00,29,27,45,0,91.35
2019-03-25 13:00:00,19,16,38,1,90.21
2019-03-25 14:00:00,12,10,46,0,84.99
2019-03-25 15:00:00,17,15,34,4,78.34
2019-03-25 16:00:00,26,26,44,0,85.99
2019-03-25 17:00:00,28,24,43,8,78.97
2019-03-25 18:00:00,17,14,39,2,85.15
2019-03-25 19:00:00,23,21,44,2,86.13
2019-03-25 20:00:00,17,17,38,1,89.09
2019-03-25 21:00:00,22,20,43,1,85.11
2019-03-25 22:00:00,18,16,36,1,84.23
2019-03-25 23:00:00,23,19,52,0,82.17
2019-03-26 00:00:00,28,24,33,2,78.61
2019-03-26 01:00:00,30,30,47,6,75.8
2019-03-26 02:00:00,23,21,35,2,81.53
2019-03-26 03:00:00,13,11,44,0,86.91
2019-03-26 04:00:00,23,21,47,3,72.08
2019-03-26 05:00:00,25,24,45,4,84.19
2019-03-26 06:00:00,24,23,44,2,87.98
2019-03-26 07:00:00,27,25,39,4,81.14
2019-03-26 08:00:00,24,20,41,4,66.67
2019-03-26 09:00:00,22,22,47,5,77.7
2019-03-26 10:00:00,31,27,41,4,81.3
2019-03-26 11:00:00,16,16,52,0,78.62
2019-03-26 12:00:00,24,21,47,1,75.1
2019-03-26 13:00:00,21,19,56,1,79.75
2019-03-26 14:00:00,11,9,39,0,87.98
2019-03-26 15:00:00,23,22,31,4,70.7
2019-03-26 16:00:00,14,11,43,4,81.33
2019-03-26 17:00:00,27,26,39,0,79.71
2019-03-26 18:00:00,23,19,47,4,84.62
2019-03-26 19:00:00,27,26,46,5,85.58
2019-03-26 20:00:00,11,11,50,0,79.61
2019-03-26 21:00:00,27,25,47,1,89.83
2019-03-26 22:00:00,27,23,37,4,79.62
2019-03-26 23:00:00,22,19,45,0,91.12
2019-03-27 00:00:00,20,18,49,1,80.51
2019-03-27 01:00:00,20,16,50,0,77.53
2019-03-27 02:00:00,25,22,44,0,75.26
2019-03-27 03:00:00,22,22,43,2,83.49
2019-03-27 04:00:00,25,25,53,3,76.33
2019-03-27 05:00:00,30,27,43,2,84.14
2019-03-27 06:00:00,22,20,49,1,85.24
2019-03-27 07:00:00,26,26,51,2,75.43
2019-03-27 08:00:00,18,14,51,4,85.98
2019-03-27 09:00:00,13,11,50,1,74.87
2019-03-27 10:00:00,13,10,48,0,77.32
2019-03-27 11:00:00,23,23,44,6,83.42
2019-03-27 12:00:00,14,14,48,1,83.51
2019-03-27 13:00:00,14,13,43,0,80.74
2019-03-27 14:00:00,18,17,50,1,78.34
2019-03-27 15:00:00,20,18,38,1,81.87
2019-03-27 16:00:00,18,16,44,3,83.94
2019-03-27 17:00:00,21,18,41,1,79.68
2019-03-27 18:00:00,29,26,36,3,78.24
2019-03-27 19:00:00,24,21,40,6,81.9
2019-03-27 20:00:00,23,22,35,0,87.52
2019-03-27 21:00:00,19,19,42,0,75.51
2019-03-27 22:00:00,34,34,45,5,82.74
2019-03-27 23:00:00,30,27,50,3,89.72
2019-03-28 00:00:00,26,25,42,0,78.39
2019-03-28 01:00:00,26,23,35,4,89.78
2019-03-28 02:00:00,25,21,43,2,69.69
2019-03-28 03:00:00,24,22,50,4,76.98
2019-03-28 04:00:00,23,22,35,2,85.5
2019-03-28 05:00:00,22,22,40,0,73.37
2019-03-28 06:00:00,24,20,44,3,87.14
2019-03-28 07:00:00,24,22,36,4,83.34
2019-03-28 08:00:00,32,30,41,2,86.83
2019-03-28 09:00:00,23,21,51,3,74.46
2019-03-28 10:00:00,20,19,48,2,84.19
2019-03-28 11:00:00,22,21,39,3,79.34
2019-03-28 12:00:00,9,8,48,0,86.05
2019-03-28 13:00:00,19,19,46,1,76.74
2019-03-28 14:00:00,17,17,53,2,77.79
2019-03-28 15:00:00,28,28,45,5,85.24
2019-03-28 16:00:00,22,18,40,7,84.07
2019-03-28 17:00:00,22,18,38,2,86.19
2019-03-28 18:00:00,24,21,46,0,84.25
2019-03-28 19:00:00,32,29,44,4,87.9
2019-03-28 20:00:00,18,16,47,0,78.95
2019-03-28 21:00:00,17,15,41,3,77.15
2019-03-28 22:00:00,14,13,48,3,76.69
2019-03-28 23:00:00,18,16,50,3,72.02
2019-03-29 00:00:00,25,23,46,2,82.14
2019-03-29 01:00:00,23,19,49,0,80.86
2019-03-29 02:00:00,19,19,46,3,79.24
2019-03-29 03:00:00,21,19,46,1,72.63
2019-03-29 04:00:00,15,12,42,3,82.87
2019-03-29 05:00:00,24,21,51,0,80.37
2019-03-29 06:00:00,17,15,42,3,85.88
2019-03-29 07:00:00,14,13,46,0,81.23
2019-03-29 08:00:00,18,15,40,2,80.71
2019-03-29 09:00:00,17,15,49,0,84.16
2019-03-29 10:00:00,18,15,44,1,80.58
2019-03-29 11:00:00,24,22,47,4,84.3
2019-03-29 12:00:00,17,13,38,3,86.1
2019-03-29 13:00:00,22,19,40,4,80.78
2019-03-29 14:00:00,24,22,41,3,79.94
2019-03-29 15:00:00,13,9,46,0,89.95
2019-03-29 16:00:00,13,11,45,0,80.92
2019-03-29 17:00:00,21,19,43,1,76.39
2019-03-29 18:00:00,21,20,41,2,82.2
2019-03-29 19:00:00,22,20,38,0,87.02
2019-03-29 20:00:00,13,10,48,0,81.53
2019-03-29 21:00:00,27,27,39,3,77.2
2019-03-29 22:00:00,25,23,47,6,84.82
2019-03-29 23:00:00,25,22,37,3,83.9
2019-03-30 00:00:00,21,19,45,1,79.84
2019-03-30 01:00:00,20,20,51,0,82.03
2019-03-30 02:00:00,11,11,47,3,78.93
2019-03-30 03:00:00,24,22,45,4,92.8
2019-03-30 04:00:00,25,22,50,0,84.35
2019-03-30 05:00:00,13,9,41,3,88.77
2019-03-30 06:00:00,27,26,41,5,79.76
2019-03-30 07:00:00,23,21,46,1,87.75
2019-03-30 08:00:00,23,20,42,3,82.06
2019-03-30 09:00:00,25,25,41,3,83.05
2019-03-30 10:00:00,20,17,38,0,86.53
2019-03-30 11:00:00,23,21,39,4,82.9
2019-03-30 12:00:00,20,17,49,3,79.73
2019-03-30 13:00:00,23,20,49,2,79.26
2019-03-30 14:00:00,16,14,57,0,76.83
2019-03-30 15:00:00,20,18,50,4,69.62
2019-03-30 16:00:00,16,12,46,1,87.49
2019-03-30 17:00:00,20,18,49,0,80.05
2019-03-30 18:00:00,30,30,39,4,84.37
2019-03-30 19:00:00,15,12,47,2,77.68
2019-03-30 20:00:00,24,24,44,5,80.02
2019-03-30 21:00:00,22,21,56,4,80.77
2019-03-30 22:00:00,26,25,51,2,78.58
2019-03-30 23:00:00,22,20,49,1,86.56
2019-03-31 00:00:00,22,19,40,0,86.77
2019-03-31 01:00:00,18,16,61,6,80.24
2019-03-31 02:00:00,24,20,44,1,88.01
2019-03-31 03:00:00,24,24,41,5,85.05
2019-03-31 04:00:00,16,14,49,1,86.96
2019-03-31 05:00:00,25,21,37,0,90.02
2019-03-31 06:00:00,16,16,40,0,84.06
2019-03-31 07:00:00,20,18,41,2,86.57
2019-03-31 08:00:00,29,27,46,5,80.67
2019-03-31 09:00:00,23,21,46,2,80.35
2019-03-31 10:00:00,26,22,41,3,83.2
2019-03-31 11:00:00,15,15,43,0,79.49
2019-03-31 12:00:00,20,17,30,2,84.33
2019-03-31 13:00:00,28,24,44,5,83.26
2019-03-31 14:00:00,25,21,45,1,82.61
2019-03-31 15:00:00,26,22,50,2,91.9
2019-03-31 16:00:00,15,15,44,0,87.13
2019-03-31 17:00:00,19,18,48,2,87.9
2019-03-31 18:00:00,32,29,43,3,78.08
2019-03-31 19:00:00,13,10,55,0,82.87
2019-03-31 20:00:00,22,19,45,3,84.45
2019-03-31 21:00:00,29,28,45,2,82.35
2019-03-31 22:00:00,29,25,40,2,76.05
2019-03-31 23:00:00,23,22,49,3,81.97
2019-04-01 00:00:00,23,20,47,3,79.25
2019-04-01 01:00:00,21,17,50,4,85.83
2019-04-01 02:00:00,22,22,42,3,78.91
2019-04-01 03:00:00,19,16,45,2,74.71
2019-04-01 04:00:00,25,21,52,3,85.19
2019-04-01 05:00:00,24,24,55,3,75.64
2019-04-01 06:00:00,17,16,50,2,87.9
2019-04-01 07:00:00,28,24,48,7,78.93
2019-04-01 08:00:00,25,21,39,1,76.54
2019-04-01 09:00:00,21,20,43,5,80.64
2019-04-01 10:00:00,24,24,34,3,83.2
2019-04-01 11:00:00,17,16,47,1,67.51
2019-04-01 12:00:00,15,12,44,2,87.81
2019-04-01 13:00:00,20,18,48,1,76.25
2019-04-01 14:00:00,30,29,43,3,88.12
2019-04-01 15:00:00,18,15,41,0,76.27
2019-04-01 16:00:00,13,9,42,0,78.09
2019-04-01 17:00:00,26,23,52,6,80.0
2019-04-01 18:00:00,26,22,51,0,91.48
2019-04-01 19:00:00,21,19,44,0,91.68
2019-04-01 20:00:00,20,18,52,1,77.48
2019-04-01 21:00:00,25,24,50,0,74.02
2019-04-01 22:00:00,20,18,42,0,90.49
2019-04-01 23:00:00,30,29,41,3,71.27
2019-04-02 00:00:00,14,14,40,0,75.63
2019-04-02 01:00:00,25,21,43,4,84.46
2019-04-02 02:00:00,28,27,48,7,78.85
2019-04-02 03:00:00,17,15,42,0,76.47
2019-04-02 04:00:00,20,18,40,0,72.55
2019-04-02 05:00:00,22,18,52,1,78.37
2019-04-02 06:00:00,20,16,47,1,84.39
2019-04-02 07:00:00,24,24,44,5,80.5
2019-04-02 08:00:00,22,22,34,3,74.15
2019-04-02 09:00:00,22,20,49,0,83.29
2019-04-02 10:00:00,16,12,38,3,85.38
2019-04-02 11:00:00,25,24,45,5,70.86
2019-04-02 12:00:00,22,21,49,5,78.75
2019-04-02 13:00:00,17,13,50,0,73.17
2019-04-02 14:00:00,26,23,40,2,90.55
2019-04-02 15:00:00,29,29,50,1,83.22
2019-04-02 16:00:00,20,17,45,0,81.21
2019-04-02 17:00:00,30,29,47,5,72.82
2019-04-02 18:00:00,16,12,39,0,78.57
2019-04-02 19:00:00,25,24,37,4,79.74
2019-04-02 20:00:00,16,16,54,0,86.77
2019-04-02 21:00:00,20,19,53,0,83.17
2019-04-02 22:00:00,27,23,35,2,84.1
2019-04-02 23:00:00,22,18,49,1,82.97
2019-04-03 00:00:00,19,15,42,1,85.4
2019-04-03 01:00:00,23,23,50,1,87.39
2019-04-03 02:00:00,18,17,37,0,71.32
2019-04-03 03:00:00,22,22,44,0,82.1
2019-04-03 04:00:00,14,14,47,0,81.0
2019-04-03 05:00:00,23,22,36,0,81.9
2019-04-03 06:00:00,19,16,38,1,85.59
2019-04-03 07:00:00,17,16,43,0,84.25
2019-04-03 08:00:00,27,27,38,3,81.29
2019-04-03 09:00:00,23,21,44,2,80.34
2019-04-03 10:00:00,24,21,43,0,83.91
2019-04-03 11:00:00,31,28,47,5,80.59
2019-04-03 12:00:00,23,21,47,3,83.02
2019-04-03 13:00:00,12,9,42,0,85.09
2019-04-03 14:00:00,27,26,49,6,75.63
2019-04-03 15:00:00,18,16,38,0,85.83
2019-04-03 16:00:00,26,24,40,6,84.86
2019-04-03 17:00:00,22,20,32,1,72.49
2019-04-03 18:00:00,18,17,43,0,71.39
2019-04-03 19:00:00,25,22,51,4,86.3
2019-04-03 20:00:00,22,19,45,2,74.87
2019-04-03 21:00:00,23,19,40,3,79.49
2019-04-03 22:00:00,20,19,34,0,77.77
2019-04-03 23:00:00,34,31,35,4,81.91
2019-04-04 00:00:00,26,22,42,2,86.13
2019-04-04 01:00:00,28,24,42,5,88.55
2019-04-04 02:00:00,15,15,47,4,77.56
2019-04-04 03:00:00,22,21,51,0,84.73
2019-04-04 04:00:00,19,15,46,2,85.61
2019-04-04 05:00:00,27,25,42,6,81.72
2019-04-04 06:00:00,28,26,48,2,83.39
2019-04-04 07:00:00,22,22,47,3,78.78
2019-04-04 08:00:00,16,12,50,1,82.08
2019-04-04 09:00:00,22,20,40,3,84.04
2019-04-04 10:00:00,14,10,47,3,76.68
2019-04-04 11:00:00,19,17,48,2,76.65
2019-04-04 12:00:00,26,25,43,3,83.07
2019-04-04 13:00:00,16,13,38,1,86.52
2019-04-04 14:00:00,24,22,45,1,83.67
2019-04-04 15:00:00,22,21,41,4,78.84
2019-04-04 16:00:00,26,23,49,4,81.87
2019-04-04 17:00:00,24,24,44,2,73.06
2019-04-04 18:00:00,15,12,45,0,83.67
2019-04-04 19:00:00,17,16,43,0,76.62
2019-04-04 20:00:00,18,16,43,0,75.33
2019-04-04 21:00:00,16,16,53,0,87.04
2019-04-04 22:00:00,26,22,47,3,83.35
2019-04-04 23:00:00,26,26,38,0,75.27
2019-04-05 00:00:00,16,13,44,0,78.31
2019-04-05 01:00:00,26,25,37,8,81.36
2019-04-05 02:00:00,23,23,53,1,73.6
2019-04-05 03:00:00,22,22,51,7,86.4
2019-04-05 04:00:00,33,31,53,5,70.35
2019-04-05 05:00:00,28,25,36,0,80.72
2019-04-05 06:00:00,25,23,39,4,81.3
2019-04-05 07:00:00,25,23,40,2,79.75
2019-04-05 08:00:00,12,9,39,0,85.85
2019-04-05 09:00:00,23,23,40,2,81.74
2019-04-05 10:00:00,27,26,40,3,78.78
2019-04-05 11:00:00,15,14,43,2,77.18
2019-04-05 12:00:00,23,20,47,2,78.86
2019-04-05 13:00:00,20,17,47,0,84.81
2019-04-05 14:00:00,26,25,50,3,77.12
2019-04-05 15:00:00,21,20,46,2,92.88
2019-04-05 16:00:00,14,10,46,1,84.91
2019-04-05 17:00:00,23,20,51,4,82.56
2019-04-05 18:00:00,21,19,49,2,80.9
2019-04-05 19:00:00,28,28,46,3,74.77
2019-04-05 20:00:00,20,20,35,3,83.88
2019-04-05 21:00:00,20,16,52,3,76.88
2019-04-05 22:00:00,18,15,36,0,90.37
2019-04-05 23:00:00,13,13,41,2,84.89
2019-04-06 00:00:00,22,22,33,1,83.3
2019-04-06 01:00:00,28,28,54,5,83.95
2019-04-06 02:00:00,19,18,41,0,82.3
2019-04-06 03:00:00,25,21,45,0,83.47
2019-04-06 04:00:00,23,21,36,0,79.82
2019-04-06 05:00:00,26,25,46,4,79.68
2019-04-06 06:00:00,20,17,50,0,79.16
2019-04-06 07:00:00,18,14,40,0,83.69
2019-04-06 08:00:00,17,16,44,1,89.77
2019-04-06 09:00:00,18,17,46,3,83.17
2019-04-06 10:00:00,18,14,39,0,76.92
2019-04-06 11:00:00,23,20,48,4,88.4
2019-04-06 12:00:00,24,20,40,1,77.03
2019-04-06 13:00:00,31,27,45,7,89.03
2019-04-06 14:00:00,25,22,44,5,83.6
2019-04-06 15:00:00,19,18,50,3,81.93
2019-04-06 16:00:00,23,20,46,4,87.79
2019-04-06 17:00:00,14,12,33,0,88.8
2019-04-06 18:00:00,25,22,45,1,80.62
2019-04-06 19:00:00,17,15,45,5,72.34
2019-04-06 20:00:00,18,14,47,2,86.57
2019-04-06 21:00:00,23,23,42,1,75.02
2019-04-06 22:00:00,21,17,37,1,78.87
2019-04-06 23:00:00,24,22,37,2,82.91
2019-04-07 00:00:00,30,27,43,2,79.93
2019-04-07 01:00:00,20,18,52,1,77.93
2019-04-07 02:00:00,17,17,44,0,78.06
2019-04-07 03:00:00,26,22,44,3,88.74
2019-04-07 04:00:00,25,23,46,5,78.9
2019-04-07 05:00:00,16,15,49,2,80.83
2019-04-07 06:00:00,22,18,42,2,88.88
2019-04-07 07:00:00,21,17,48,0,81.61
2019-04-07 08:00:00,20,18,50,2,76.47
2019-04-07 09:00:00,22,20,48,2,79.99
2019-04-07 10:00:00,26,26,50,7,69.91
2019-04-07 11:00:00,21,20,54,1,81.28
2019-04-07 12:00:00,24,22,44,1,79.56
2019-04-07 13:00:00,24,24,42,6,74.42
2019-04-07 14:00:00,24,22,37,2,92.89
2019-04-07 15:00:00,20,16,46,1,77.68
2019-04-07 16:00:00,20,16,44,0,87.95
2019-04-07 17:00:00,23,19,48,1,86.05
2019-04-07 18:00:00,16,12,43,1,80.74
2019-04-07 19:00:00,17,14,39,2,84.64
2019-04-07 20:00:00,20,16,44,0,81.04
2019-04-07 21:00:00,25,24,35,5,78.58
2019-04-07 22:00:00,21,17,44,0,81.19
2019-04-07 23:00:00,18,15,41,2,85.92
2019-04-08 00:00:00,16,14,51,1,82.84
2019-04-08 01:00:00,24,22,51,2,82.79
2019-04-08 02:00:00,31,28,44,4,73.5
2019-04-08 03:00:00,15,11,35,3,84.7
2019-04-08 04:00:00,18,18,39,4,74.47
2019-04-08 05:00:00,26,25,44,0,75.29
2019-04-08 06:00:00,21,17,40,5,82.5
2019-04-08 07:00:00,17,14,43,0,90.36
2019-04-08 08:00:00,29,25,53,3,85.26
2019-04-08 09:00:00,29,26,42,3,75.7
2019-04-08 10:00:00,26,22,45,3,93.97
2019-04-08 11:00:00,22,22,46,0,74.98
2019-04-08 12:00:00,23,23,40,0,85.43
2019-04-08 13:00:00,25,24,41,3,87.76
2019-04-08 14:00:00,22,21,43,2,81.6
2019-04-08 15:00:00,17,14,45,0,75.73
2019-04-08 16:00:00,24,24,49,1,80.69
2019-04-08 17:00:00,19,18,39,7,80.31
2019-04-08 18:00:00,13,10,45,0,72.55
2019-04-08 19:00:00,22,21,30,8,79.05
2019-04-08 20:00:00,24,24,44,0,73.54
2019-04-08 21:00:00,21,17,46,0,82.66
2019-04-08 22:00:00,20,18,45,0,84.96
2019-04-08 23:00:00,21,21,54,0,79.05
2019-04-09 00:00:00,16,15,41,0,86.62
2019-04-09 01:00:00,22,20,43,3,83.84
2019-04-09 02:00:00,38,38,43,3,75.44
2019-04-09 03:00:00,25,24,47,4,77.25
2019-04-09 04:00:00,26,26,53,0,86.3
2019-04-09 05:00:00,23,20,50,2,81.03
2019-04-09 06:00:00,11,10,42,0,94.46
2019-04-09 07:00:00,21,19,37,2,75.71
2019-04-09 08:00:00,22,22,49,1,85.7
2019-04-09 09:00:00,19,18,46,0,71.98
2019-04-09 10:00:00,16,12,48,0,66.92
2019-04-09 11:00:00,25,24,38,0,83.08
2019-04-09 12:00:00,20,20,41,5,68.95
2019-04-09 13:00:00,35,31,40,7,89.44
2019-04-09 14:00:00,21,19,48,1,87.75
2019-04-09 15:00:00,16,12,34,2,79.14
2019-04-09 16:00:00,20,20,38,3,77.49
2019-04-09 17:00:00,24,20,46,0,71.73
2019-04-09 18:00:00,22,22,35,8,71.9
2019-04-09 19:00:00,20,16,46,2,76.97
2019-04-09 20:00:00,21,18,42,2,75.96
2019-04-09 21:00:00,22,20,31,0,82.31
2019-04-09 22:00:00,26,24,50,4,89.18
2019-04-09 23:00:00,10,8,35,0,79.44
2019-04-10 00:00:00,25,22,47,2,81.85
2019-04-10 01:00:00,21,19,49,1,82.66
2019-04-10 02:00:00,24,20,46,3,77.15
2019-04-10 03:00:00,19,18,49,1,81.31
2019-04-10 04:00:00,20,17,37,2,78.77
2019-04-10 05:00:00,20,17,41,0,90.47
2019-04-10 06:00:00,26,26,51,2,77.68
2019-04-10 07:00:00,22,19,52,3,83.77
2019-04-10 08:00:00,23,21,55,0,80.42
2019-04-10 09:00:00,28,25,42,4,80.2
2019-04-10 10:00:00,19,16,44,1,84.26
2019-04-10 11:00:00,14,10,49,0,80.59
2019-04-10 12:00:00,26,22,43,9,81.97
2019-04-10 13:00:00,19,16,34,1,80.41
2019-04-10 14:00:00,12,10,48,0,92.16
2019-04-10 15:00:00,23,19,44,4,82.1
2019-04-10 16:00:00,15,14,47,0,84.29
2019-04-10 17:00:00,13,9,49,0,79.26
2019-04-10 18:00:00,18,18,48,0,78.45
2019-04-10 19:00:00,31,31,47,7,85.35
2019-04-10 20:00:00,19,16,46,0,83.5
2019-04-10 21:00:00,23,20,48,6,91.4
2019-04-10 22:00:00,25,23,39,0,78.74
2019-04-10 23:00:00,19,18,43,3,90.25
2019-04-11 00:00:00,22,20,41,2,81.18
2019-04-11 01:00:00,25,23,44,0,80.82
2019-04-11 02:00:00,31,31,43,5,82.19
2019-04-11 03:00:00,16,15,36,1,79.64
2019-04-11 04:00:00,20,19,41,2,85.15
2019-04-11 05:00:00,23,19,50,1,82.12
2019-04-11 06:00:00,17,14,43,1,79.13
2019-04-11 07:00:00,21,18,45,0,81.82
2019-04-11 08:00:00,25,25,55,2,68.51
2019-04-11 09:00:00,25,25,46,0,76.81
2019-04-11 10:00:00,20,16,52,4,85.22
2019-04-11 11:00:00,21,17,46,0,89.28
2019-04-11 12:00:00,29,27,42,4,85.59
2019-04-11 13:00:00,16,13,43,1,83.04
2019-04-11 14:00:00,19,15,47,0,82.92
2019-04-11 15:00:00,19,18,46,0,79.25
2019-04-11 16:00:00,29,27,51,5,81.07
2019-04-11 17:00:00,29,27,57,7,84.43
2019-04-11 18:00:00,18,15,49,2,78.26
2019-04-11 19:00:00,30,27,45,5,81.85
2019-04-11 20:00:00,21,18,47,0,87.15
2019-04-11 21:00:00,21,21,47,3,83.93
2019-04-11 22:00:00,18,15,46,0,83.91
2019-04-11 23:00:00,26,26,42,1,75.26
2019-04-12 00:00:00,23,19,42,1,87.91
2019-04-12 01:00:00,27,26,46,5,70.72
2019-04-12 02:00:00,27,26,40,4,77.31
2019-04-12 03:00:00,16,14,44,1,82.89
2019-04-12 04:00:00,17,15,53,4,85.57
2019-04-12 05:00:00,15,13,38,2,78.97
2019-04-12 06:00:00,23,22,42,4,83.04
2019-04-12 07:00:00,22,20,43,0,76.25
2019-04-12 08:00:00,27,27,50,1,82.0
2019-04-12 09:00:00,24,22,47,5,86.8
2019-04-12 10:00:00,30,26,49,4,82.51
2019-04-12 11:00:00,22,20,50,0,88.88
2019-04-12 12:00:00,28,28,57,0,81.73
2019-04-12 13:00:00,19,18,35,3,84.45
2019-04-12 14:00:00,27,26,60,5,82.03
2019-04-12 15:00:00,18,17,51,1,70.09
2019-04-12 16:00:00,19,19,56,3,85.89
2019-04-12 17:00:00,25,24,43,5,83.71
2019-04-12 18:00:00,31,28,46,3,82.83
2019-04-12 19:00:00,28,26,40,1,75.52
2019-04-12 20:00:00,16,16,37,3,79.8
2019-04-12 21:00:00,25,23,45,3,79.75
2019-04-12 22:00:00,28,24,43,1,73.2
2019-04-12 23:00:00,13,11,43,1,91.99
2019-04-13 00:00:00,28,28,41,2,86.38
2019-04-13 01:00:00,21,18,47,6,78.17
2019-04-13 02:00:00,21,18,46,2,78.7
2019-04-13 03:00:00,27,26,46,3,81.85
2019-04-13 04:00:00,29,26,40,6,86.2
2019-04-13 05:00:00,23,19,40,0,82.08
2019-04-13 06:00:00,27,23,45,7,84.61
2019-04-13 07:00:00,31,29,39,4,78.05
2019-04-13 08:00:00,24,20,46,3,78.86
2019-04-13 09:00:00,20,20,39,2,77.48
2019-04-13 10:00:00,18,17,50,2,78.08
2019-04-13 11:00:00,23,19,41,6,75.56
2019-04-13 12:00:00,24,23,52,4,81.05
2019-04-13 13:00:00,19,18,48,4,87.7
2019-04-13 14:00:00,23,21,41,2,76.13
2019-04-13 15:00:00,22,22,46,0,77.56
2019-04-13 16:00:00,27,25,51,2,77.96
2019-04-13 17:00:00,22,18,41,1,77.3
2019-04-13 18:00:00,30,26,42,4,68.03
2019-04-13 19:00:00,18,17,46,0,77.06
2019-04-13 20:00:00,23,20,50,0,78.77
2019-04-13 21:00:00,23,22,44,3,85.71
2019-04-13 22:00:00,14,14,46,0,79.97
2019-04-13 23:00:00,25,22,51,2,86.52
2019-04-14 00:00:00,22,19,41,0,82.16
2019-04-14 01:00:00,20,17,39,5,80.59
2019-04-14 02:00:00,17,13,50,0,92.07
2019-04-14 03:00:00,22,22,48,4,78.05
2019-04-14 04:00:00,22,18,37,2,83.11
2019-04-14 05:00:00,15,14,52,3,78.19
2019-04-14 06:00:00,23,22,48,1,78.18
2019-04-14 07:00:00,16,15,47,3,86.22
2019-04-14 08:00:00,17,16,44,4,81.03
2019-04-14 09:00:00,27,23,42,7,77.81
2019-04-14 10:00:00,31,28,46,4,83.35
2019-04-14 11:00:00,21,21,50,3,85.17
2019-04-14 12:00:00,22,20,40,1,78.04
2019-04-14 13:00:00,18,16,44,3,78.05
2019-04-14 14:00:00,13,12,49,0,77.52
2019-04-14 15:00:00,18,14,50,0,81.59
2019-04-14 16:00:00,22,21,41,0,83.01
2019-04-14 17:00:00,30,26,45,6,83.0
2019-04-14 18:00:00,23,20,42,1,83.16
2019-04-14 19:00:00,26,26,45,4,86.9
2019-04-14 20:00:00,24,23,46,5,81.42
2019-04-14 21:00:00,16,16,45,3,83.89
2019-04-14 22:00:00,26,23,50,0,79.38
2019-04-14 23:00:00,20,18,45,3,83.98
2019-04-15 00:00:00,20,19,37,0,82.29
2019-04-15 01:00:00,25,23,41,4,80.07
2019-04-15 02:00:00,19,19,59,3,81.53
2019-04-15 03:00:00,19,19,41,0,72.41
2019-04-15 04:00:00,23,21,47,0,83.85
2019-04-15 05:00:00,19,16,51,0,75.53
2019-04-15 06:00:00,25,25,54,2,86.6
2019-04-15 07:00:00,19,15,45,1,81.89
2019-04-15 08:00:00,16,16,49,2,76.29
2019-04-15 09:00:00,28,28,44,5,83.79
2019-04-15 10:00:00,19,15,41,1,84.78
2019-04-15 11:00:00,23,23,44,3,80.05
2019-04-15 12:00:00,25,22,41,0,68.74
2019-04-15 13:00:00,24,20,52,1,87.77
2019-04-15 14:00:00,20,20,54,5,80.47
2019-04-15 15:00:00,15,11,46,2,80.06
2019-04-15 16:00:00,26,26,40,4,75.17
2019-04-15 17:00:00,17,17,40,0,86.34
2019-04-15 18:00:00,20,19,51,2,82.57
2019-04-15 19:00:00,32,32,41,7,88.26
2019-04-15 20:00:00,22,21,37,1,87.2
2019-04-15 21:00:00,20,20,49,2,81.1
2019-04-15 22:00:00,14,11,47,0,84.36
2019-04-15 23:00:00,19,17,39,0,74.01
2019-04-16 00:00:00,29,28,44,5,84.25
2019-04-16 01:00:00,19,17,49,0,82.25
2019-04-16 02:00:00,32,30,48,4,81.3
2019-04-16 03:00:00,29,26,43,5,79.9
2019-04-16 04:00:00,14,11,40,1,85.7
2019-04-16 05:00:00,18,15,41,2,79.57
2019-04-16 06:00:00,16,14,46,3,76.02
2019-04-16 07:00:00,13,13,49,0,75.16
2019-04-16 08:00:00,10,6,47,0,76.88
2019-04-16 09:00:00,27,24,39,0,86.92
2019-04-16 10:00:00,17,16,48,1,78.59
2019-04-16 11:00:00,25,25,37,1,79.56
2019-04-16 12:00:00,25,22,52,1,88.92
2019-04-16 13:00:00,21,18,53,0,77.28
2019-04-16 14:00:00,26,23,44,2,76.47
2019-04-16 15:00:00,18,14,41,2,83.62
2019-04-16 16:00:00,30,30,47,0,77.38
2019-04-16 17:00:00,26,23,42,3,87.19
2019-04-16 18:00:00,13,13,39,0,79.24
2019-04-16 19:00:00,22,22,36,1,76.26
2019-04-16 20:00:00,22,20,51,0,78.04
2019-04-16 21:00:00,20,20,49,3,84.12
2019-04-16 22:00:00,25,21,42,1,81.25
2019-04-16 23:00:00,14,10,47,0,84.69
2019-04-17 00:00:00,37,33,42,6,78.71
2019-04-17 01:00:00,25,21,43,4,77.77
2019-04-17 02:00:00,22,19,42,2,77.66
2019-04-17 03:00:00,28,28,49,1,76.4
2019-04-17 04:00:00,23,21,43,0,84.26
2019-04-17 05:00:00,16,13,41,1,74.87
2019-04-17 06:00:00,19,18,40,2,74.97
2019-04-17 07:00:00,23,20,38,1,85.18
2019-04-17 08:00:00,22,19,46,3,84.31
2019-04-17 09:00:00,23,20,38,0,84.97
2019-04-17 10:00:00,26,23,51,4,76.17
2019-04-17 11:00:00,22,20,46,2,81.22
2019-04-17 12:00:00,22,18,31,3,74.63
2019-04-17 13:00:00,24,24,42,4,72.84
2019-04-17 14:00:00,17,13,39,0,80.93
2019-04-17 15:00:00,25,23,33,3,82.72
2019-04-17 16:00:00,26,24,49,1,86.55
2019-04-17 17:00:00,21,18,47,3,79.99
2019-04-17 18:00:00,17,14,50,0,84.57
2019-04-17 19:00:00,15,15,46,3,75.4
2019-04-17 20:00:00,22,19,50,5,89.05
2019-04-17 21:00:00,22,22,47,0,83.76
2019-04-17 22:00:00,23,21,50,4,77.74
2019-04-17 23:00:00,34,34,48,12,77.9
2019-04-18 00:00:00,28,28,49,4,81.12
2019-04-18 01:00:00,20,19,48,3,78.08
2019-04-18 02:00:00,15,12,42,0,76.79
2019-04-18 03:00:00,13,9,36,0,84.29
2019-04-18 04:00:00,22,21,48,2,80.81
2019-04-18 05:00:00,24,23,43,3,77.84
2019-04-18 06:00:00,26,25,39,3,81.76
2019-04-18 07:00:00,24,20,44,1,75.18
2019-04-18 08:00:00,24,20,44,0,84.69
2019-04-18 09:00:00,21,20,47,3,81.66
2019-04-18 10:00:00,19,17,49,5,76.92
2019-04-18 11:00:00,26,25,46,0,71.53
2019-04-18 12:00:00,16,16,43,0,82.56
2019-04-18 13:00:00,12,12,34,0,76.12
2019-04-18 14:00:00,20,16,42,2,85.57
2019-04-18 15:00:00,23,23,45,4,84.38
2019-04-18 16:00:00,25,22,54,4,91.8
2019-04-18 17:00:00,27,24,38,6,72.86
2019-04-18 18:00:00,28,27,34,1,84.3
2019-04-18 19:00:00,21,18,47,4,77.82
2019-04-18 20:00:00,24,21,45,2,84.99
2019-04-18 21:00:00,18,17,40,4,81.8
2019-04-18 22:00:00,21,18,48,4,89.94
2019-04-18 23:00:00,16,14,38,0,83.53
2019-04-19 00:00:00,25,22,56,2,88.42
2019-04-19 01:00:00,19,15,49,2,82.81
2019-04-19 02:00:00,25,23,49,2,76.94
2019-04-19 03:00:00,24,23,46,2,92.59
2019-04-19 04:00:00,24,23,46,5,82.39
2019-04-19 05:00:00,11,9,43,0,79.43
2019-04-19 06:00:00,22,21,47,3,77.75
2019-04-19 07:00:00,21,17,46,3,87.7
2019-04-19 08:00:00,19,19,51,3,69.49
2019-04-19 09:00:00,23,23,44,0,73.18
2019-04-19 10:00:00,28,27,46,7,80.36
2019-04-19 11:00:00,20,16,39,2,72.2
2019-04-19 12:00:00,28,27,49,0,76.59
2019-04-19 13:00:00,19,19,45,0,80.05
2019-04-19 14:00:00,26,22,47,4,87.51
2019-04-19 15:00:00,18,17,48,1,85.59
2019-04-19 16:00:00,17,14,47,3,85.3
2019-04-19 17:00:00,18,18,42,1,71.67
2019-04-19 18:00:00,21,21,50,0,74.22
2019-04-19 19:00:00,12,8,47,1,81.62
2019-04-19 20:00:00,38,35,44,6,87.7
2019-04-19 21:00:00,24,21,48,1,85.6
2019-04-19 22:00:00,14,12,47,2,82.14
2019-04-19 23:00:00,25,25,42,5,69.52
2019-04-20 00:00:00,18,16,50,0,85.25
2019-04-20 01:00:00,21,18,50,0,79.25
2019-04-20 02:00:00,25,21,33,2,79.1
2019-04-20 03:00:00,23,22,39,1,84.48
2019-04-20 04:00:00,26,25,37,5,76.92
2019-04-20 05:00:00,26,26,37,3,81.11
2019-04-20 06:00:00,23,20,50,6,82.97
2019-04-20 07:00:00,25,23,40,4,90.63
2019-04-20 08:00:00,16,12,49,0,80.31
2019-04-20 09:00:00,26,25,47,5,84.63
2019-04-20 10:00:00,24,23,46,0,74.88
2019-04-20 11:00:00,21,20,42,2,81.49
2019-04-20 12:00:00,29,27,40,1,79.53
2019-04-20 13:00:00,20,20,41,2,80.75
2019-04-20 14:00:00,20,20,48,1,81.2
2019-04-20 15:00:00,17,13,46,5,88.82
2019-04-20 16:00:00,20,18,30,0,82.04
2019-04-20 17:00:00,34,34,51,4,75.43
2019-04-20 18:00:00,20,17,43,1,74.04
2019-04-20 19:00:00,16,14,45,2,78.52
2019-04-20 20:00:00,24,23,48,0,85.8
2019-04-20 21:00:00,23,22,39,0,83.55
2019-04-20 22:00:00,19,17,37,0,79.66
2019-04-20 23:00:00,18,16,40,0,78.45
2019-04-21 00:00:00,25,23,50,0,80.58
2019-04-21 01:00:00,15,14,45,1,74.63
2019-04-21 02:00:00,19,15,50,1,84.4
2019-04-21 03:00:00,25,25,32,4,81.76
2019-04-21 04:00:00,21,19,44,6,88.8
2019-04-21 05:00:00,24,24,39,0,84.04
2019-04-21 06:00:00,26,23,50,0,71.54
2019-04-21 07:00:00,20,20,42,2,85.48
2019-04-21 08:00:00,12,12,39,0,81.53
2019-04-21 09:00:00,22,19,43,0,81.13
2019-04-21 10:00:00,26,23,36,2,82.87
2019-04-21 11:00:00,24,22,45,4,82.61
2019-04-21 12:00:00,18,15,39,1,85.64
2019-04-21 13:00:00,26,23,39,3,79.7
2019-04-21 14:00:00,18,17,44,1,85.12
2019-04-21 15:00:00,15,15,34,0,93.63
2019-04-21 16:00:00,26,22,43,2,77.59
2019-04-21 17:00:00,26,26,42,1,76.72
2019-04-21 18:00:00,18,14,51,1,82.6
2019-04-21 19:00:00,14,11,48,1,74.99
2019-04-21 20:00:00,23,22,40,2,79.88
2019-04-21 21:00:00,18,18,40,1,84.79
2019-04-21 22:00:00,23,23,46,5,79.79
2019-04-21 23:00:00,19,15,44,0,76.3
2019-04-22 00:00:00,15,13,51,2,86.0
2019-04-22 01:00:00,28,28,46,1,81.59
2019-04-22 02:00:00,19,16,46,0,85.02
2019-04-22 03:00:00,16,12,48,2,86.02
2019-04-22 04:00:00,20,20,52,2,84.49
2019-04-22 05:00:00,16,14,45,2,81.31
2019-04-22 06:00:00,20,20,48,0,81.64
2019-04-22 07:00:00,24,20,44,1,85.18
2019-04-22 08:00:00,21,19,41,1,83.28
2019-04-22 09:00:00,20,19,48,4,80.05
2019-04-22 10:00:00,22,22,41,0,81.55
2019-04-22 11:00:00,17,15,39,0,73.91
2019-04-22 12:00:00,24,21,42,1,85.54
2019-04-22 13:00:00,24,20,47,2,83.39
2019-04-22 14:00:00,23,21,44,4,78.61
2019-04-22 15:00:00,21,17,51,2,74.72
2019-04-22 16:00:00,19,18,49,0,81.42
2019-04-22 17:00:00,13,9,56,0,77.08
2019-04-22 18:00:00,16,15,44,2,75.33
2019-04-22 19:00:00,16,16,48,4,69.42
2019-04-22 20:00:00,21,21,52,2,86.51
2019-04-22 21:00:00,13,13,37,2,73.0
2019-04-22 22:00:00,17,14,52,4,89.15
2019-04-22 23:00:00,24,24,37,4,86.86
2019-04-23 00:00:00,28,25,52,7,80.27
2019-04-23 01:00:00,19,16,46,1,80.87
2019-04-23 02:00:00,20,19,44,1,81.29
2019-04-23 03:00:00,24,24,39,0,76.32
2019-04-23 04:00:00,26,23,38,0,81.07
2019-04-23 05:00:00,26,22,43,0,78.69
2019-04-23 06:00:00,16,15,42,0,76.21
2019-04-23 07:00:00,21,21,41,6,89.47
2019-04-23 08:00:00,28,25,42,5,84.2
2019-04-23 09:00:00,24,21,49,5,85.21
2019-04-23 10:00:00,14,13,53,1,78.91
2019-04-23 11:00:00,27,26,43,7,77.4
2019-04-23 12:00:00,25,24,45,0,75.32
2019-04-23 13:00:00,20,20,39,0,82.25
2019-04-23 14:00:00,19,16,43,0,78.97
2019-04-23 15:00:00,15,11,41,0,86.48
2019-04-23 16:00:00,18,14,48,3,80.14
2019-04-23 17:00:00,19,15,40,0,86.58
2019-04-23 18:00:00,25,24,47,6,83.84
2019-04-23 19:00:00,33,32,40,5,91.47
2019-04-23 20:00:00,19,18,54,1,77.57
2019-04-23 21:00:00,23,23,48,1,77.96
2019-04-23 22:00:00,24,21,45,0,81.77
2019-04-23 23:00:00,26,22,50,6,88.52
2019-04-24 00:00:00,26,23,49,7,82.58
2019-04-24 01:00:00,23,19,48,2,76.72
2019-04-24 02:00:00,21,18,39,2,88.95
2019-04-24 03:00:00,31,30,50,6,74.89
2019-04-24 04:00:00,23,23,50,0,79.99
2019-04-24 05:00:00,16,12,42,2,79.04
2019-04-24 06:00:00,19,17,48,2,77.7
2019-04-24 07:00:00,27,23,34,5,77.78
2019-04-24 08:00:00,20,20,36,3,84.3
2019-04-24 09:00:00,19,16,44,3,81.73
2019-04-24 10:00:00,18,14,49,4,80.71
2019-04-24 11:00:00,19,16,47,2,87.84
2019-04-24 12:00:00,21,20,44,2,86.06
2019-04-24 13:00:00,25,25,45,4,79.68
2019-04-24 14:00:00,18,18,45,1,77.34
2019-04-24 15:00:00,19,15,41,1,78.83
2019-04-24 16:00:00,19,16,48,3,83.43
2019-04-24 17:00:00,19,17,48,3,74.07
2019-04-24 18:00:00,22,19,54,1,80.86
2019-04-24 19:00:00,26,23,48,0,74.43
2019-04-24 20:00:00,27,24,56,0,79.43
2019-04-24 21:00:00,28,25,42,7,90.73
2019-04-24 22:00:00,22,19,50,3,81.29
2019-04-24 23:00:00,24,20,54,3,89.29
2019-04-25 00:00:00,18,14,38,1,81.46
2019-04-25 01:00:00,31,29,39,0,86.19
2019-04-25 02:00:00,20,20,46,2,73.39
2019-04-25 03:00:00,20,20,47,4,76.22
2019-04-25 04:00:00,23,21,55,1,87.73
2019-04-25 05:00:00,18,15,42,0,81.37
2019-04-25 06:00:00,25,24,34,2,76.55
2019-04-25 07:00:00,20,16,46,4,85.51
2019-04-25 08:00:00,15,13,45,6,80.91
2019-04-25 09:00:00,18,18,47,0,83.89
2019-04-25 10:00:00,23,20,40,3,75.8
2019-04-25 11:00:00,17,14,36,0,80.95
2019-04-25 12:00:00,12,9,53,0,82.11
2019-04-25 13:00:00,22,21,48,2,87.3
2019-04-25 14:00:00,19,17,54,0,84.42
2019-04-25 15:00:00,11,7,38,1,77.72
2019-04-25 16:00:00,19,15,45,2,85.59
2019-04-25 17:00:00,10,6,49,1,68.89
2019-04-25 18:00:00,29,26,50,2,76.27
2019-04-25 19:00:00,31,31,52,0,83.46
2019-04-25 20:00:00,27,24,40,1,85.02
2019-04-25 21:00:00,24,21,44,2,78.3
2019-04-25 22:00:00,24,23,48,3,74.86
2019-04-25 23:00:00,27,24,45,7,85.99
2019-04-26 00:00:00,21,18,34,2,85.83
2019-04-26 01:00:00,25,24,48,3,82.49
2019-04-26 02:00:00,22,19,47,4,81.99
2019-04-26 03:00:00,26,24,42,1,77.59
2019-04-26 04:00:00,13,11,46,4,83.76
2019-04-26 05:00:00,22,20,34,3,76.8
2019-04-26 06:00:00,18,17,53,0,76.51
2019-04-26 07:00:00,26,22,45,0,78.37
2019-04-26 08:00:00,24,22,41,1,85.57
2019-04-26 09:00:00,25,25,53,1,82.76
2019-04-26 10:00:00,25,25,36,2,74.44
2019-04-26 11:00:00,20,17,42,4,76.81
2019-04-26 12:00:00,21,17,51,0,93.21
2019-04-26 13:00:00,13,10,40,0,89.51
2019-04-26 14:00:00,20,18,41,3,75.44
2019-04-26 15:00:00,30,30,45,0,83.28
2019-04-26 16:00:00,29,28,48,6,68.19
2019-04-26 17:00:00,31,27,45,5,79.1
2019-04-26 18:00:00,18,15,46,3,73.48
2019-04-26 19:00:00,27,27,45,4,75.24
2019-04-26 20:00:00,25,23,44,4,82.22
2019-04-26 21:00:00,20,18,44,1,83.82
2019-04-26 22:00:00,20,16,44,6,78.96
2019-04-26 23:00:00,24,21,43,8,87.7
2019-04-27 00:00:00,24,22,35,4,80.81
2019-04-27 01:00:00,21,21,54,5,85.24
2019-04-27 02:00:00,20,17,38,0,77.0
2019-04-27 03:00:00,22,22,42,3,69.46
2019-04-27 04:00:00,23,21,51,6,85.02
2019-04-27 05:00:00,29,29,54,4,72.72
2019-04-27 06:00:00,25,23,50,0,98.2
2019-04-27 07:00:00,23,22,48,1,70.33
2019-04-27 08:00:00,21,18,46,8,88.66
2019-04-27 09:00:00,13,13,43,1,88.14
2019-04-27 10:00:00,25,22,48,2,86.11
2019-04-27 11:00:00,24,24,50,7,82.33
2019-04-27 12:00:00,20,18,50,0,78.5
2019-04-27 13:00:00,23,21,50,3,84.15
2019-04-27 14:00:00,24,23,42,0,80.68
2019-04-27 15:00:00,25,25,45,3,71.91
2019-04-27 16:00:00,22,21,35,7,74.02
2019-04-27 17:00:00,16,16,51,0,77.31
2019-04-27 18:00:00,21,20,44,3,82.89
2019-04-27 19:00:00,21,18,36,4,93.73
2019-04-27 20:00:00,21,19,46,5,79.54
2019-04-27 21:00:00,27,27,50,1,76.11
2019-04-27 22:00:00,22,18,44,5,83.65
2019-04-27 23:00:00,24,20,47,5,84.96
2019-04-28 00:00:00,29,27,42,4,81.09
2019-04-28 01:00:00,19,15,40,2,85.92
2019-04-28 02:00:00,30,26,47,8,88.08
2019-04-28 03:00:00,27,23,40,4,76.37
2019-04-28 04:00:00,29,28,45,6,79.98
2019-04-28 05:00:00,20,19,38,1,86.66
2019-04-28 06:00:00,30,30,44,4,73.52
2019-04-28 07:00:00,31,30,48,7,79.26
2019-04-28 08:00:00,20,17,38,1,77.7
2019-04-28 09:00:00,26,26,42,5,86.24
2019-04-28 10:00:00,17,13,40,2,76.08
2019-04-28 11:00:00,20,16,50,1,86.19
2019-04-28 12:00:00,28,26,45,7,85.8
2019-04-28 13:00:00,22,22,44,2,85.35
2019-04-28 14:00:00,31,27,44,2,81.94
2019-04-28 15:00:00,22,21,41,1,78.54
2019-04-28 16:00:00,14,10,36,0,83.77
2019-04-28 17:00:00,16,12,43,1,90.64
2019-04-28 18:00:00,29,27,49,4,80.09
2019-04-28 19:00:00,32,28,42,10,78.71
2019-04-28 20:00:00,26,23,47,5,87.55
2019-04-28 21:00:00,18,15,37,2,77.02
2019-04-28 22:00:00,26,22,52,5,87.35
2019-04-28 23:00:00,27,23,53,3,84.32
2019-04-29 00:00:00,24,21,47,6,86.21
2019-04-29 01:00:00,19,18,45,2,72.53
2019-04-29 02:00:00,28,28,40,5,75.98
2019-04-29 03:00:00,21,18,34,3,79.07
2019-04-29 04:00:00,25,23,47,0,80.47
2019-04-29 05:00:00,19,16,50,2,81.88
2019-04-29 06:00:00,25,25,44,4,78.69
2019-04-29 07:00:00,29,26,46,4,80.55
2019-04-29 08:00:00,22,22,40,2,71.0
2019-04-29 09:00:00,18,17,46,1,83.78
2019-04-29 10:00:00,18,17,50,2,75.32
2019-04-29 11:00:00,23,19,47,3,86.02
2019-04-29 12:00:00,29,28,40,5,71.93
2019-04-29 13:00:00,32,29,42,8,83.6
2019-04-29 14:00:00,34,32,48,5,81.7
2019-04-29 15:00:00,19,16,42,3,82.11
2019-04-29 16:00:00,14,13,53,1,75.4
2019-04-29 17:00:00,24,22,56,2,87.99
2019-04-29 18:00:00,23,22,43,2,80.67
2019-04-29 19:00:00,28,28,58,6,73.53
2019-04-29 20:00:00,27,24,45,6,87.25
2019-04-29 21:00:00,18,16,50,2,76.53
2019-04-29 22:00:00,16,12,46,2,81.33
2019-04-29 23:00:00,30,28,45,6,86.72
2019-04-30 00:00:00,20,18,38,2,81.85
2019-04-30 01:00:00,23,21,44,4,74.21
2019-04-30 02:00:00,24,20,53,4,75.81
2019-04-30 03:00:00,16,14,47,0,77.11
2019-04-30 04:00:00,23,20,45,3,82.81
2019-04-30 05:00:00,24,22,44,1,82.11
2019-04-30 06:00:00,28,27,48,7,89.78
2019-04-30 07:00:00,21,19,45,2,74.28
2019-04-30 08:00:00,25,23,47,6,86.29
2019-04-30 09:00:00,31,27,44,6,88.04
2019-04-30 10:00:00,15,15,43,0,86.08
2019-04-30 11:00:00,22,18,39,4,76.5
2019-04-30 12:00:00,21,17,53,7,81.02
2019-04-30 13:00:00,23,21,39,2,81.78
2019-04-30 14:00:00,23,23,46,2,78.13
2019-04-30 15:00:00,27,23,42,4,84.07
2019-04-30 16:00:00,27,26,42,11,80.39
2019-04-30 17:00:00,17,17,42,4,86.2
2019-04-30 18:00:00,22,18,41,6,87.01
2019-04-30 19:00:00,24,22,46,6,73.93
2019-04-30 20:00:00,21,20,49,0,81.45
2019-04-30 21:00:00,26,26,48,6,73.56
2019-04-30 22:00:00,13,12,35,2,72.62
2019-04-30 23:00:00,15,12,50,2,81.79
2019-05-01 00:00:00,22,18,48,0,76.85
2019-05-01 01:00:00,27,25,42,4,88.07
2019-05-01 02:00:00,15,12,48,4,80.38
2019-05-01 03:00:00,19,17,50,1,88.88
2019-05-01 04:00:00,17,13,43,3,84.77
2019-05-01 05:00:00,22,19,41,6,81.25
2019-05-01 06:00:00,28,28,53,7,78.28
2019-05-01 07:00:00,25,22,54,1,75.4
2019-05-01 08:00:00,21,21,49,0,70.72
2019-05-01 09:00:00,31,31,51,5,78.35
2019-05-01 10:00:00,18,16,45,4,82.75
2019-05-01 11:00:00,30,29,50,4,84.82
2019-05-01 12:00:00,29,28,34,4,86.08
2019-05-01 13:00:00,21,21,48,2,72.62
2019-05-01 14:00:00,26,22,48,4,84.78
2019-05-01 15:00:00,26,25,48,8,78.61
2019-05-01 16:00:00,20,19,47,2,90.0
2019-05-01 17:00:00,19,15,47,1,94.01
2019-05-01 18:00:00,15,13,42,0,87.25
2019-05-01 19:00:00,31,31,55,6,76.92
2019-05-01 20:00:00,19,16,53,1,72.73
2019-05-01 21:00:00,23,20,56,2,77.07
2019-05-01 22:00:00,17,17,42,3,79.77
2019-05-01 23:00:00,19,17,48,1,84.21
2019-05-02 00:00:00,25,22,49,0,79.99
2019-05-02 01:00:00,30,29,34,6,82.41
2019-05-02 02:00:00,30,28,44,2,85.62
2019-05-02 03:00:00,25,21,46,1,88.72
2019-05-02 04:00:00,24,24,46,6,74.34
2019-05-02 05:00:00,25,22,41,3,82.27
2019-05-02 06:00:00,22,22,50,4,81.78
2019-05-02 07:00:00,24,20,46,5,78.97
2019-05-02 08:00:00,29,26,42,8,83.15
2019-05-02 09:00:00,21,21,48,5,85.58
2019-05-02 10:00:00,20,16,40,1,89.9
2019-05-02 11:00:00,27,26,46,1,66.82
2019-05-02 12:00:00,25,21,44,5,84.35
2019-05-02 13:00:00,17,15,45,1,82.87
2019-05-02 14:00:00,21,19,41,1,85.39
2019-05-02 15:00:00,21,17,39,1,86.52
2019-05-02 16:00:00,16,15,39,6,79.28
2019-05-02 17:00:00,21,21,38,0,78.96
2019-05-02 18:00:00,18,18,45,3,82.1
2019-05-02 19:00:00,15,14,47,2,75.56
2019-05-02 20:00:00,18,15,46,0,81.12
2019-05-02 21:00:00,23,19,41,1,82.59
2019-05-02 22:00:00,21,19,39,0,78.58
2019-05-02 23:00:00,36,34,47,4,75.23
2019-05-03 00:00:00,29,27,47,1,82.22
2019-05-03 01:00:00,17,17,50,4,82.97
2019-05-03 02:00:00,29,29,39,3,84.16
2019-05-03 03:00:00,27,26,44,2,82.28
2019-05-03 04:00:00,17,14,47,4,81.24
2019-05-03 05:00:00,26,22,37,4,83.7
2019-05-03 06:00:00,23,21,44,4,77.19
2019-05-03 07:00:00,27,26,36,5,84.08
2019-05-03 08:00:00,29,26,42,8,70.34
2019-05-03 09:00:00,30,30,51,10,77.43
2019-05-03 10:00:00,20,18,55,3,82.92
2019-05-03 11:00:00,25,21,45,5,79.29
2019-05-03 12:00:00,23,21,46,8,80.24
2019-05-03 13:00:00,23,21,45,0,81.05
2019-05-03 14:00:00,17,13,49,2,78.89
2019-05-03 15:00:00,27,26,49,4,76.39
2019-05-03 16:00:00,23,19,37,2,85.65
2019-05-03 17:00:00,25,21,47,3,86.39
2019-05-03 18:00:00,26,26,38,1,77.98
2019-05-03 19:00:00,31,30,50,1,76.92
2019-05-03 20:00:00,14,13,50,1,80.66
2019-05-03 21:00:00,21,18,37,4,76.16
2019-05-03 22:00:00,25,22,50,3,76.57
2019-05-03 23:00:00,32,32,39,7,76.15
2019-05-04 00:00:00,10,10,44,0,86.46
2019-05-04 01:00:00,16,13,38,3,78.59
2019-05-04 02:00:00,37,34,47,4,84.92
2019-05-04 03:00:00,22,21,52,3,74.37
2019-05-04 04:00:00,31,28,44,6,80.3
2019-05-04 05:00:00,18,14,42,2,86.31
2019-05-04 06:00:00,19,17,44,4,82.1
2019-05-04 07:00:00,31,27,52,3,80.38
2019-05-04 08:00:00,25,22,50,5,81.12
2019-05-04 09:00:00,21,19,51,2,90.46
2019-05-04 10:00:00,32,32,44,5,87.84
2019-05-04 11:00:00,18,15,34,2,79.81
2019-05-04 12:00:00,25,22,36,3,80.58
2019-05-04 13:00:00,27,27,44,3,82.39
2019-05-04 14:00:00,27,24,37,3,87.46
2019-05-04 15:00:00,30,28,48,4,92.02
2019-05-04 16:00:00,30,30,43,3,71.78
2019-05-04 17:00:00,13,13,35,1,80.43
2019-05-04 18:00:00,20,19,46,1,76.35
2019-05-04 19:00:00,20,17,41,3,86.21
2019-05-04 20:00:00,24,23,43,3,81.17
2019-05-04 21:00:00,24,22,50,4,84.84
2019-05-04 22:00:00,26,24,51,1,85.18
2019-05-04 23:00:00,26,26,51,7,84.17
2019-05-05 00:00:00,25,24,48,3,80.87
2019-05-05 01:00:00,22,19,53,0,84.61
2019-05-05 02:00:00,24,22,43,2,74.68
2019-05-05 03:00:00,19,18,44,5,73.86
2019-05-05 04:00:00,25,25,41,6,84.62
2019-05-05 05:00:00,22,18,45,4,82.49
2019-05-05 06:00:00,9,9,45,2,79.2
2019-05-05 07:00:00,14,14,45,4,77.65
2019-05-05 08:00:00,25,24,44,3,78.93
2019-05-05 09:00:00,24,20,49,3,82.26
2019-05-05 10:00:00,13,10,45,1,77.42
2019-05-05 11:00:00,35,35,44,2,81.93
2019-05-05 12:00:00,22,22,47,3,79.38
2019-05-05 13:00:00,21,17,38,5,83.92
2019-05-05 14:00:00,22,19,39,7,84.2
2019-05-05 15:00:00,25,25,43,4,70.37
2019-05-05 16:00:00,17,17,48,1,85.0
2019-05-05 17:00:00,26,25,45,2,75.96
2019-05-05 18:00:00,22,21,43,5,75.44
2019-05-05 19:00:00,22,20,45,5,94.26
2019-05-05 20:00:00,27,26,50,8,82.87
2019-05-05 21:00:00,24,21,39,4,85.52
2019-05-05 22:00:00,25,23,45,2,78.68
2019-05-05 23:00:00,35,34,39,5,78.12
2019-05-06 00:00:00,26,22,40,3,78.89
2019-05-06 01:00:00,22,21,45,4,81.42
2019-05-06 02:00:00,21,20,49,3,70.21
2019-05-06 03:00:00,32,31,46,6,79.46
2019-05-06 04:00:00,32,32,48,8,81.5
2019-05-06 05:00:00,29,25,46,5,88.24
2019-05-06 06:00:00,21,19,52,4,74.41
2019-05-06 07:00:00,21,21,48,1,85.65
2019-05-06 08:00:00,26,22,44,6,83.76
2019-05-06 09:00:00,22,20,49,1,73.99
2019-05-06 10:00:00,19,18,45,4,81.34
2019-05-06 11:00:00,22,22,48,4,83.01
2019-05-06 12:00:00,22,20,49,3,86.11
2019-05-06 13:00:00,26,25,52,1,80.14
2019-05-06 14:00:00,32,32,53,10,83.97
2019-05-06 15:00:00,28,26,54,4,78.23
2019-05-06 16:00:00,26,24,50,7,83.96
2019-05-06 17:00:00,23,23,44,9,80.64
2019-05-06 18:00:00,28,28,46,9,76.53
2019-05-06 19:00:00,21,19,41,4,79.52
2019-05-06 20:00:00,24,21,42,1,90.48
2019-05-06 21:00:00,29,28,45,6,78.06
2019-05-06 22:00:00,23,21,48,6,84.55
2019-05-06 23:00:00,28,28,41,9,80.69
2019-05-07 00:00:00,22,20,47,2,82.94
2019-05-07 01:00:00,19,19,37,6,86.56
2019-05-07 02:00:00,20,19,43,5,85.93
2019-05-07 03:00:00,23,23,49,1,77.83
2019-05-07 04:00:00,20,20,44,1,85.35
2019-05-07 05:00:00,24,21,51,2,81.93
2019-05-07 06:00:00,31,31,48,3,87.92
2019-05-07 07:00:00,35,31,35,1,86.65
2019-05-07 08:00:00,25,21,46,8,85.22
2019-05-07 09:00:00,29,26,45,6,89.63
2019-05-07 10:00:00,33,32,51,7,92.6
2019-05-07 11:00:00,23,22,38,2,84.55
2019-05-07 12:00:00,27,27,49,6,79.34
2019-05-07 13:00:00,20,17,52,2,79.88
2019-05-07 14:00:00,25,22,52,9,88.25
2019-05-07 15:00:00,31,28,44,3,76.15
2019-05-07 16:00:00,24,20,49,6,78.61
2019-05-07 17:00:00,23,22,46,1,85.24
2019-05-07 18:00:00,27,23,54,1,76.89
2019-05-07 19:00:00,24,23,49,4,75.26
2019-05-07 20:00:00,21,19,46,9,83.73
2019-05-07 21:00:00,26,26,46,5,82.88
2019-05-07 22:00:00,14,12,39,3,81.36
2019-05-07 23:00:00,18,18,42,0,76.33
2019-05-08 00:00:00,37,37,44,7,83.13
2019-05-08 01:00:00,25,22,48,4,82.76
2019-05-08 02:00:00,20,16,37,2,81.47
2019-05-08 03:00:00,20,16,47,3,78.77
2019-05-08 04:00:00,18,17,41,2,82.92
2019-05-08 05:00:00,25,22,38,2,81.46
2019-05-08 06:00:00,18,14,40,3,85.47
2019-05-08 07:00:00,25,24,45,3,86.56
2019-05-08 08:00:00,22,21,47,4,87.61
2019-05-08 09:00:00,27,26,47,2,86.6
2019-05-08 10:00:00,27,23,43,5,80.48
2019-05-08 11:00:00,21,21,43,3,74.76
2019-05-08 12:00:00,23,20,45,5,80.68
2019-05-08 13:00:00,18,15,36,5,82.55
2019-05-08 14:00:00,29,28,45,4,86.98
2019-05-08 15:00:00,24,23,47,6,80.51
2019-05-08 16:00:00,22,21,39,4,86.2
2019-05-08 17:00:00,27,26,50,5,81.38
2019-05-08 18:00:00,21,20,38,3,82.0
2019-05-08 19:00:00,26,25,47,7,88.94
2019-05-08 20:00:00,35,32,40,10,89.64
2019-05-08 21:00:00,24,23,48,5,74.74
2019-05-08 22:00:00,23,23,45,2,81.08
2019-05-08 23:00:00,24,22,43,3,81.39
2019-05-09 00:00:00,30,26,49,7,75.67
2019-05-09 01:00:00,20,16,37,5,85.97
2019-05-09 02:00:00,22,19,48,4,82.0
2019-05-09 03:00:00,34,30,47,5,87.76
2019-05-09 04:00:00,18,17,45,3,76.01
2019-05-09 05:00:00,24,24,46,4,83.22
2019-05-09 06:00:00,28,25,36,13,75.2
2019-05-09 07:00:00,26,23,44,3,83.47
2019-05-09 08:00:00,25,25,44,5,76.89
2019-05-09 09:00:00,18,17,53,1,78.28
2019-05-09 10:00:00,16,13,41,4,86.28
2019-05-09 11:00:00,24,24,35,4,65.6
2019-05-09 12:00:00,25,24,45,3,84.16
2019-05-09 13:00:00,28,28,44,2,72.77
2019-05-09 14:00:00,28,27,42,5,81.52
2019-05-09 15:00:00,15,11,37,4,74.03
2019-05-09 16:00:00,26,26,40,6,78.03
2019-05-09 17:00:00,21,20,42,7,81.53
2019-05-09 18:00:00,29,27,44,5,79.54
2019-05-09 19:00:00,26,22,35,4,87.5
2019-05-09 20:00:00,23,20,51,7,68.01
2019-05-09 21:00:00,29,29,52,8,84.38
2019-05-09 22:00:00,20,19,39,2,86.22
2019-05-09 23:00:00,25,22,38,4,84.23
2019-05-10 00:00:00,13,10,40,1,72.82
2019-05-10 01:00:00,24,21,48,5,78.08
2019-05-10 02:00:00,28,25,44,8,83.77
2019-05-10 03:00:00,25,24,44,4,77.77
2019-05-10 04:00:00,23,22,53,6,77.33
2019-05-10 05:00:00,38,36,46,6,86.57
2019-05-10 06:00:00,21,19,50,2,80.02
2019-05-10 07:00:00,22,21,49,4,81.65
2019-05-10 08:00:00,12,11,46,4,72.38
2019-05-10 09:00:00,18,16,39,3,78.81
2019-05-10 10:00:00,18,17,45,4,82.22
2019-05-10 11:00:00,22,22,42,3,79.21
2019-05-10 12:00:00,33,33,46,7,83.57
2019-05-10 13:00:00,27,27,49,6,83.71
2019-05-10 14:00:00,26,26,39,5,91.86
2019-05-10 15:00:00,25,22,44,6,81.44
2019-05-10 16:00:00,24,24,50,9,76.52
2019-05-10 17:00:00,24,22,53,3,85.67
2019-05-10 18:00:00,21,18,37,8,85.33
2019-05-10 19:00:00,29,27,43,8,79.64
2019-05-10 20:00:00,24,20,46,8,86.43
2019-05-10 21:00:00,19,15,45,2,77.34
2019-05-10 22:00:00,27,26,41,2,81.91
2019-05-10 23:00:00,26,23,36,7,81.57
2019-05-11 00:00:00,29,29,44,5,78.01
2019-05-11 01:00:00,34,30,38,8,80.0
2019-05-11 02:00:00,19,16,44,1,89.27
2019-05-11 03:00:00,20,20,49,5,77.28
2019-05-11 04:00:00,21,17,50,1,82.26
2019-05-11 05:00:00,31,30,47,8,79.9
2019-05-11 06:00:00,19,17,55,5,77.4
2019-05-11 07:00:00,25,24,53,0,80.48
2019-05-11 08:00:00,28,24,39,2,88.89
2019-05-11 09:00:00,28,26,45,3,73.56
2019-05-11 10:00:00,22,18,51,3,82.82
2019-05-11 11:00:00,27,23,49,5,90.59
2019-05-11 12:00:00,26,26,51,7,70.23
2019-05-11 13:00:00,24,21,45,4,79.1
2019-05-11 14:00:00,33,31,32,10,84.69
2019-05-11 15:00:00,37,36,51,8,69.82
2019-05-11 16:00:00,22,20,47,4,73.31
2019-05-11 17:00:00,19,16,40,3,77.5
2019-05-11 18:00:00,27,24,43,2,78.75
2019-05-11 19:00:00,24,21,46,11,80.28
2019-05-11 20:00:00,24,24,38,4,81.6
2019-05-11 21:00:00,33,29,53,11,77.51
2019-05-11 22:00:00,18,17,43,4,75.96
2019-05-11 23:00:00,18,17,40,5,81.39
2019-05-12 00:00:00,21,20,54,3,86.13
2019-05-12 01:00:00,22,20,39,3,80.02
2019-05-12 02:00:00,35,35,41,5,87.53
2019-05-12 03:00:00,26,26,45,3,79.41
2019-05-12 04:00:00,35,34,45,8,80.64
2019-05-12 05:00:00,24,23,44,6,77.58
2019-05-12 06:00:00,23,20,46,4,83.97
2019-05-12 07:00:00,24,22,43,2,87.33
2019-05-12 08:00:00,37,34,40,8,85.03
2019-05-12 09:00:00,32,28,57,7,78.44
2019-05-12 10:00:00,21,18,54,3,82.45
2019-05-12 11:00:00,24,20,42,3,78.91
2019-05-12 12:00:00,26,22,41,8,82.12
2019-05-12 13:00:00,20,17,48,5,86.67
2019-05-12 14:00:00,20,19,46,6,78.57
2019-05-12 15:00:00,27,24,32,9,84.99
2019-05-12 16:00:00,22,18,41,4,89.25
2019-05-12 17:00:00,34,34,33,5,80.4
2019-05-12 18:00:00,32,28,41,6,80.18
2019-05-12 19:00:00,32,30,48,7,90.84
2019-05-12 20:00:00,15,15,46,3,70.87
2019-05-12 21:00:00,27,24,34,4,83.64
2019-05-12 22:00:00,34,30,43,4,77.39
2019-05-12 23:00:00,19,19,46,1,80.95
2019-05-13 00:00:00,28,27,50,5,85.27
2019-05-13 01:00:00,21,18,45,4,83.09
2019-05-13 02:00:00,23,19,46,1,92.52
2019-05-13 03:00:00,21,19,42,3,88.87
2019-05-13 04:00:00,27,26,41,7,81.9
2019-05-13 05:00:00,22,20,42,0,92.77
2019-05-13 06:00:00,27,27,45,9,82.1
2019-05-13 07:00:00,22,20,37,5,79.52
2019-05-13 08:00:00,23,19,38,4,78.79
2019-05-13 09:00:00,26,22,47,0,85.4
2019-05-13 10:00:00,20,18,44,6,82.74
2019-05-13 11:00:00,26,26,40,6,81.58
2019-05-13 12:00:00,26,22,45,2,81.2
2019-05-13 13:00:00,27,23,41,3,84.55
2019-05-13 14:00:00,26,24,46,5,93.0
2019-05-13 15:00:00,26,24,45,7,82.9
2019-05-13 16:00:00,25,25,43,5,85.89
2019-05-13 17:00:00,25,24,39,5,86.36
2019-05-13 18:00:00,31,28,40,6,75.54
2019-05-13 19:00:00,24,21,41,3,83.8
2019-05-13 20:00:00,16,13,39,5,80.34
2019-05-13 21:00:00,28,26,45,4,75.7
2019-05-13 22:00:00,23,19,46,3,72.85
2019-05-13 23:00:00,23,19,50,7,90.43
2019-05-14 00:00:00,29,28,44,4,86.07
2019-05-14 01:00:00,32,28,45,7,78.36
2019-05-14 02:00:00,18,16,41,6,79.9
2019-05-14 03:00:00,19,19,43,4,81.7
2019-05-14 04:00:00,24,24,46,4,81.91
2019-05-14 05:00:00,22,19,44,3,81.78
2019-05-14 06:00:00,14,11,56,5,79.15
2019-05-14 07:00:00,19,19,40,4,86.01
2019-05-14 08:00:00,29,26,36,10,75.44
2019-05-14 09:00:00,33,30,40,8,76.46
2019-05-14 10:00:00,20,19,52,2,81.63
2019-05-14 11:00:00,17,17,52,3,79.73
2019-05-14 12:00:00,27,26,43,7,77.3
2019-05-14 13:00:00,16,13,45,4,72.24
2019-05-14 14:00:00,25,21,50,6,85.71
2019-05-14 15:00:00,22,19,50,4,76.07
2019-05-14 16:00:00,24,21,33,5,79.48
2019-05-14 17:00:00,21,20,46,5,84.77
2019-05-14 18:00:00,20,18,52,9,80.17
2019-05-14 19:00:00,31,29,47,4,74.15
2019-05-14 20:00:00,26,22,35,1,78.56
2019-05-14 21:00:00,24,21,55,4,90.48
2019-05-14 22:00:00,28,26,48,6,79.9
2019-05-14 23:00:00,24,20,37,3,81.15
2019-05-15 00:00:00,21,18,42,4,86.17
2019-05-15 01:00:00,28,28,48,10,77.42
2019-05-15 02:00:00,40,36,43,9,95.9
2019-05-15 03:00:00,26,24,51,6,82.77
2019-05-15 04:00:00,32,29,49,7,84.99
2019-05-15 05:00:00,19,15,47,0,77.21
2019-05-15 06:00:00,19,18,40,6,78.61
2019-05-15 07:00:00,27,23,46,2,85.17
2019-05-15 08:00:00,20,18,55,3,82.25
2019-05-15 09:00:00,31,28,48,13,79.81
2019-05-15 10:00:00,20,20,48,5,82.82
2019-05-15 11:00:00,22,22,38,2,84.83
2019-05-15 12:00:00,34,30,43,6,92.23
2019-05-15 13:00:00,19,18,45,6,76.3
2019-05-15 14:00:00,20,20,45,4,92.46
2019-05-15 15:00:00,31,30,50,8,89.51
2019-05-15 16:00:00,28,24,39,10,92.5
2019-05-15 17:00:00,29,26,46,9,80.5
2019-05-15 18:00:00,24,21,45,4,84.51
2019-05-15 19:00:00,29,29,51,3,83.76
2019-05-15 20:00:00,32,32,46,6,76.93
2019-05-15 21:00:00,21,21,42,7,73.68
2019-05-15 22:00:00,23,23,34,5,76.73
2019-05-15 23:00:00,27,23,44,4,85.72
2019-05-16 00:00:00,22,21,45,6,79.05
2019-05-16 01:00:00,26,24,44,5,92.49
2019-05-16 02:00:00,23,19,51,5,85.27
2019-05-16 03:00:00,20,20,48,1,83.02
2019-05-16 04:00:00,19,19,42,6,76.79
2019-05-16 05:00:00,25,25,42,4,81.77
2019-05-16 06:00:00,24,22,45,4,80.58
2019-05-16 07:00:00,24,23,39,2,75.96
2019-05-16 08:00:00,21,21,43,5,80.3
2019-05-16 09:00:00,21,18,44,4,91.12
2019-05-16 10:00:00,26,26,41,9,75.32
2019-05-16 11:00:00,24,22,43,4,75.67
2019-05-16 12:00:00,20,18,40,0,72.11
2019-05-16 13:00:00,31,29,57,11,68.4
2019-05-16 14:00:00,33,31,53,8,87.91
2019-05-16 15:00:00,23,19,43,7,87.68
2019-05-16 16:00:00,28,28,39,6,89.35
2019-05-16 17:00:00,30,27,30,3,82.5
2019-05-16 18:00:00,28,24,37,5,79.75
2019-05-16 19:00:00,27,26,49,6,78.56
2019-05-16 20:00:00,22,18,44,3,81.88
2019-05-16 21:00:00,24,24,46,5,83.12
2019-05-16 22:00:00,34,30,47,8,89.8
2019-05-16 23:00:00,23,21,42,6,90.01
2019-05-17 00:00:00,38,34,50,7,84.69
2019-05-17 01:00:00,22,20,47,4,78.7
2019-05-17 02:00:00,18,14,44,3,85.29
2019-05-17 03:00:00,31,30,44,8,76.5
2019-05-17 04:00:00,29,29,50,1,76.66
2019-05-17 05:00:00,23,23,49,5,83.84
2019-05-17 06:00:00,23,19,37,6,78.31
2019-05-17 07:00:00,29,27,51,5,78.94
2019-05-17 08:00:00,23,22,46,5,73.28
2019-05-17 09:00:00,28,26,42,5,80.15
2019-05-17 10:00:00,19,19,40,5,87.81
2019-05-17 11:00:00,26,24,43,6,84.83
2019-05-17 12:00:00,27,26,44,5,83.29
2019-05-17 13:00:00,22,21,40,5,77.16
2019-05-17 14:00:00,25,23,46,8,79.31
2019-05-17 15:00:00,18,15,39,3,71.53
2019-05-17 16:00:00,24,23,32,5,84.41
2019-05-17 17:00:00,19,18,45,3,84.43
2019-05-17 18:00:00,22,19,47,3,85.65
2019-05-17 19:00:00,26,26,49,7,86.86
2019-05-17 20:00:00,16,12,50,4,84.68
2019-05-17 21:00:00,19,15,36,4,76.32
2019-05-17 22:00:00,24,20,46,2,83.54
2019-05-17 23:00:00,20,16,49,6,88.96
2019-05-18 00:00:00,18,18,45,3,82.05
2019-05-18 01:00:00,34,31,44,7,82.95
2019-05-18 02:00:00,31,30,47,7,79.75
2019-05-18 03:00:00,31,31,50,8,85.93
2019-05-18 04:00:00,33,29,45,6,77.85
2019-05-18 05:00:00,27,25,46,7,75.81
2019-05-18 06:00:00,26,22,41,4,86.88
2019-05-18 07:00:00,29,29,40,7,83.13
2019-05-18 08:00:00,29,29,37,2,86.78
2019-05-18 09:00:00,30,29,35,5,73.28
2019-05-18 10:00:00,21,19,47,3,84.71
2019-05-18 11:00:00,39,35,44,7,85.15
2019-05-18 12:00:00,28,26,44,5,86.03
2019-05-18 13:00:00,34,31,48,7,83.89
2019-05-18 14:00:00,37,34,54,9,86.98
2019-05-18 15:00:00,27,26,45,6,75.33
2019-05-18 16:00:00,21,19,38,5,84.9
2019-05-18 17:00:00,23,23,45,7,79.2
2019-05-18 18:00:00,27,23,49,1,86.14
2019-05-18 19:00:00,19,19,36,3,76.73
2019-05-18 20:00:00,29,26,50,3,83.09
2019-05-18 21:00:00,29,27,40,11,83.74
2019-05-18 22:00:00,21,20,52,4,82.22
2019-05-18 23:00:00,24,22,44,2,82.54
2019-05-19 00:00:00,26,23,40,6,78.4
2019-05-19 01:00:00,24,24,47,8,78.12
2019-05-19 02:00:00,31,29,41,3,71.28
2019-05-19 03:00:00,35,33,33,6,80.52
2019-05-19 04:00:00,16,12,43,3,84.03
2019-05-19 05:00:00,28,27,53,2,80.84
2019-05-19 06:00:00,20,19,41,7,75.51
2019-05-19 07:00:00,16,12,36,5,87.54
2019-05-19 08:00:00,24,20,39,8,84.78
2019-05-19 09:00:00,28,25,42,8,82.57
2019-05-19 10:00:00,29,29,52,7,76.9
2019-05-19 11:00:00,26,22,36,7,78.64
2019-05-19 12:00:00,25,22,43,7,85.55
2019-05-19 13:00:00,25,25,38,8,84.31
2019-05-19 14:00:00,22,20,47,5,78.48
2019-05-19 15:00:00,39,35,50,10,74.23
2019-05-19 16:00:00,25,24,47,5,82.55
2019-05-19 17:00:00,24,23,45,7,91.49
2019-05-19 18:00:00,26,24,39,8,76.76
2019-05-19 19:00:00,37,35,42,5,80.89
2019-05-19 20:00:00,25,23,45,7,82.24
2019-05-19 21:00:00,23,20,51,3,81.99
2019-05-19 22:00:00,28,26,38,7,87.85
2019-05-19 23:00:00,28,25,41,5,76.84
2019-05-20 00:00:00,24,20,46,4,90.07
2019-05-20 01:00:00,18,14,51,4,82.94
2019-05-20 02:00:00,30,27,41,6,84.36
2019-05-20 03:00:00,33,33,56,4,80.76
2019-05-20 04:00:00,31,31,41,5,79.49
2019-05-20 05:00:00,22,18,39,4,80.27
2019-05-20 06:00:00,33,29,43,7,81.66
2019-05-20 07:00:00,27,27,40,10,90.14
2019-05-20 08:00:00,23,23,45,6,85.8
2019-05-20 09:00:00,27,24,49,7,81.78
2019-05-20 10:00:00,31,31,48,5,83.76
2019-05-20 11:00:00,26,25,48,4,84.02
2019-05-20 12:00:00,28,28,43,10,69.77
2019-05-20 13:00:00,17,17,45,4,77.62
2019-05-20 14:00:00,25,24,37,10,73.53
2019-05-20 15:00:00,26,24,39,5,81.55
2019-05-20 16:00:00,30,29,49,9,86.7
2019-05-20 17:00:00,18,14,43,4,85.76
2019-05-20 18:00:00,24,20,44,4,83.61
2019-05-20 19:00:00,25,21,46,6,79.3
2019-05-20 20:00:00,27,25,34,9,73.42
2019-05-20 21:00:00,21,19,46,4,83.95
2019-05-20 22:00:00,34,30,42,5,82.8
2019-05-20 23:00:00,31,31,48,9,80.97
2019-05-21 00:00:00,24,21,44,4,81.57
2019-05-21 01:00:00,19,16,40,4,82.76
2019-05-21 02:00:00,15,13,43,3,80.1
2019-05-21 03:00:00,29,27,38,8,82.17
2019-05-21 04:00:00,25,22,51,3,80.53
2019-05-21 05:00:00,31,31,46,7,86.49
2019-05-21 06:00:00,26,26,50,6,78.07
2019-05-21 07:00:00,29,27,49,7,92.33
2019-05-21 08:00:00,19,19,41,3,83.2
2019-05-21 09:00:00,31,28,45,11,75.13
2019-05-21 10:00:00,23,21,46,4,93.45
2019-05-21 11:00:00,33,32,48,7,90.15
2019-05-21 12:00:00,24,22,48,6,70.16
2019-05-21 13:00:00,36,32,42,8,82.78
2019-05-21 14:00:00,31,31,48,7,70.5
2019-05-21 15:00:00,32,32,46,8,73.52
2019-05-21 16:00:00,36,33,40,5,77.82
2019-05-21 17:00:00,32,30,41,8,84.21
2019-05-21 18:00:00,30,27,48,3,81.87
2019-05-21 19:00:00,29,27,44,7,84.87
2019-05-21 20:00:00,20,18,44,8,87.82
2019-05-21 21:00:00,27,26,41,6,73.31
2019-05-21 22:00:00,21,21,50,5,83.27
2019-05-21 23:00:00,27,23,51,6,86.99
2019-05-22 00:00:00,26,22,41,3,74.38
2019-05-22 01:00:00,23,23,49,9,89.64
2019-05-22 02:00:00,25,22,48,6,84.89
2019-05-22 03:00:00,23,19,42,7,82.95
2019-05-22 04:00:00,30,29,42,6,79.07
2019-05-22 05:00:00,25,24,48,7,91.56
2019-05-22 06:00:00,23,22,36,9,75.6
2019-05-22 07:00:00,32,28,34,8,96.1
2019-05-22 08:00:00,18,17,51,1,67.44
2019-05-22 09:00:00,26,25,45,5,76.5
2019-05-22 10:00:00,28,25,47,8,81.57
2019-05-22 11:00:00,30,30,57,8,84.74
2019-05-22 12:00:00,26,22,46,3,79.33
2019-05-22 13:00:00,22,22,47,4,76.42
2019-05-22 14:00:00,32,31,43,10,81.49
2019-05-22 15:00:00,31,28,42,8,76.73
2019-05-22 16:00:00,36,36,39,9,83.96
2019-05-22 17:00:00,20,18,47,5,72.44
2019-05-22 18:00:00,25,21,45,3,77.71
2019-05-22 19:00:00,23,22,40,7,77.17
2019-05-22 20:00:00,25,24,49,3,80.53
2019-05-22 21:00:00,31,29,42,5,81.07
2019-05-22 22:00:00,34,33,45,10,93.25
2019-05-22 23:00:00,17,17,47,5,80.77
2019-05-23 00:00:00,28,27,46,4,79.5
2019-05-23 01:00:00,26,26,44,5,78.11
2019-05-23 02:00:00,31,31,38,3,82.47
2019-05-23 03:00:00,36,32,46,8,74.6
2019-05-23 04:00:00,29,25,50,8,75.15
2019-05-23 05:00:00,17,13,39,3,69.36
2019-05-23 06:00:00,26,22,38,5,78.1
2019-05-23 07:00:00,27,25,52,5,90.09
2019-05-23 08:00:00,31,29,40,6,78.7
2019-05-23 09:00:00,29,26,42,7,74.63
2019-05-23 10:00:00,23,23,43,7,81.22
2019-05-23 11:00:00,24,21,49,9,88.44
2019-05-23 12:00:00,18,16,37,5,83.92
2019-05-23 13:00:00,18,15,43,2,85.01
2019-05-23 14:00:00,22,22,39,5,86.82
2019-05-23 15:00:00,30,26,55,7,81.51
2019-05-23 16:00:00,24,23,41,4,74.33
2019-05-23 17:00:00,23,21,40,5,84.44
2019-05-23 18:00:00,18,18,41,2,79.99
2019-05-23 19:00:00,31,30,44,8,76.11
2019-05-23 20:00:00,21,19,45,3,72.35
2019-05-23 21:00:00,29,29,48,10,84.98
2019-05-23 22:00:00,26,24,41,7,76.31
2019-05-23 23:00:00,23,23,41,6,81.89
2019-05-24 00:00:00,31,29,34,11,79.36
2019-05-24 01:00:00,23,21,39,8,87.71
2019-05-24 02:00:00,27,23,41,6,86.34
2019-05-24 03:00:00,26,26,52,5,82.26
2019-05-24 04:00:00,29,26,45,12,83.47
2019-05-24 05:00:00,19,18,43,5,72.85
2019-05-24 06:00:00,33,31,52,4,81.98
2019-05-24 07:00:00,21,17,43,2,80.24
2019-05-24 08:00:00,25,22,40,8,82.66
2019-05-24 09:00:00,23,21,40,6,80.25
2019-05-24 10:00:00,32,32,39,8,72.67
2019-05-24 11:00:00,26,25,40,6,80.43
2019-05-24 12:00:00,22,19,45,3,73.87
2019-05-24 13:00:00,23,22,44,6,85.83
2019-05-24 14:00:00,27,25,50,10,83.72
2019-05-24 15:00:00,26,22,46,12,79.43
2019-05-24 16:00:00,34,31,49,7,79.11
2019-05-24 17:00:00,28,26,51,7,69.91
2019-05-24 18:00:00,24,22,48,4,81.76
2019-05-24 19:00:00,27,26,40,9,78.06
2019-05-24 20:00:00,22,18,44,4,91.14
2019-05-24 21:00:00,39,36,50,9,82.56
2019-05-24 22:00:00,22,21,52,8,86.79
2019-05-24 23:00:00,31,30,46,7,80.31
2019-05-25 00:00:00,27,25,55,7,87.68
2019-05-25 01:00:00,20,18,42,4,77.54
2019-05-25 02:00:00,36,34,47,8,84.16
2019-05-25 03:00:00,28,28,38,5,78.03
2019-05-25 04:00:00,23,20,45,5,88.57
2019-05-25 05:00:00,40,37,48,11,78.04
2019-05-25 06:00:00,29,25,51,7,80.48
2019-05-25 07:00:00,22,22,31,3,82.1
2019-05-25 08:00:00,29,25,37,5,79.62
2019-05-25 09:00:00,25,21,42,4,87.35
2019-05-25 10:00:00,31,31,33,10,82.83
2019-05-25 11:00:00,28,28,46,7,92.46
2019-05-25 12:00:00,21,21,53,4,86.83
2019-05-25 13:00:00,21,17,43,8,84.83
2019-05-25 14:00:00,25,22,49,6,79.5
2019-05-25 15:00:00,32,28,45,8,86.26
2019-05-25 16:00:00,29,28,40,8,79.62
2019-05-25 17:00:00,20,18,39,3,90.72
2019-05-25 18:00:00,31,28,48,8,81.82
2019-05-25 19:00:00,35,34,48,4,74.76
2019-05-25 20:00:00,27,24,45,8,82.28
2019-05-25 21:00:00,32,31,46,6,82.25
2019-05-25 22:00:00,17,15,54,9,82.05
2019-05-25 23:00:00,23,21,52,4,85.91
2019-05-26 00:00:00,17,14,38,8,76.51
2019-05-26 01:00:00,18,14,37,5,83.42
2019-05-26 02:00:00,21,20,48,4,75.48
2019-05-26 03:00:00,21,19,37,4,66.85
2019-05-26 04:00:00,26,25,47,3,78.69
2019-05-26 05:00:00,25,25,50,10,75.6
2019-05-26 06:00:00,37,33,41,11,90.33
2019-05-26 07:00:00,31,27,44,8,83.43
2019-05-26 08:00:00,34,31,48,8,82.46
2019-05-26 09:00:00,22,21,42,5,81.76
2019-05-26 10:00:00,19,18,49,5,82.1
2019-05-26 11:00:00,30,28,43,6,90.05
2019-05-26 12:00:00,19,19,47,4,74.95
2019-05-26 13:00:00,33,33,37,8,69.78
2019-05-26 14:00:00,23,22,45,5,78.79
2019-05-26 15:00:00,17,15,47,5,80.43
2019-05-26 16:00:00,22,18,41,5,83.92
2019-05-26 17:00:00,32,29,41,9,90.42
2019-05-26 18:00:00,24,20,50,6,85.35
2019-05-26 19:00:00,27,27,48,4,80.81
2019-05-26 20:00:00,33,33,45,12,84.09
2019-05-26 21:00:00,32,31,47,8,77.51
2019-05-26 22:00:00,29,29,36,6,71.59
2019-05-26 23:00:00,20,18,45,7,77.29
2019-05-27 00:00:00,19,15,40,3,83.69
2019-05-27 01:00:00,19,18,44,2,92.53
2019-05-27 02:00:00,20,18,37,4,81.16
2019-05-27 03:00:00,27,25,47,7,85.4
2019-05-27 04:00:00,26,23,39,9,90.39
2019-05-27 05:00:00,32,32,58,5,84.98
2019-05-27 06:00:00,26,26,44,6,84.04
2019-05-27 07:00:00,27,25,42,4,84.11
2019-05-27 08:00:00,24,23,44,7,76.28
2019-05-27 09:00:00,21,19,36,4,85.75
2019-05-27 10:00:00,31,29,44,7,86.02
2019-05-27 11:00:00,23,23,49,9,67.82
2019-05-27 12:00:00,34,30,47,5,84.2
2019-05-27 13:00:00,25,25,42,8,78.82
2019-05-27 14:00:00,29,26,52,5,77.83
2019-05-27 15:00:00,31,28,41,12,83.18
2019-05-27 16:00:00,35,34,42,7,79.11
2019-05-27 17:00:00,34,30,40,5,91.29
2019-05-27 18:00:00,32,30,38,9,82.48
2019-05-27 19:00:00,25,21,49,5,76.84
2019-05-27 20:00:00,21,21,41,7,87.81
2019-05-27 21:00:00,17,17,45,6,73.93
2019-05-27 22:00:00,31,29,42,9,93.51
2019-05-27 23:00:00,24,22,50,6,82.74
2019-05-28 00:00:00,28,25,49,6,78.5
2019-05-28 01:00:00,17,17,37,5,83.65
2019-05-28 02:00:00,30,30,46,8,81.11
2019-05-28 03:00:00,37,34,45,12,76.79
2019-05-28 04:00:00,29,28,49,5,78.24
2019-05-28 05:00:00,21,20,46,7,88.47
2019-05-28 06:00:00,34,31,50,6,84.69
2019-05-28 07:00:00,30,30,48,7,74.25
2019-05-28 08:00:00,22,22,47,4,85.33
2019-05-28 09:00:00,28,27,49,5,83.96
2019-05-28 10:00:00,21,19,42,6,72.41
2019-05-28 11:00:00,29,27,43,8,87.18
2019-05-28 12:00:00,31,28,52,9,89.08
2019-05-28 13:00:00,23,21,50,6,78.84
2019-05-28 14:00:00,32,31,48,9,83.33
2019-05-28 15:00:00,24,20,47,6,92.95
2019-05-28 16:00:00,25,22,36,7,78.26
2019-05-28 17:00:00,34,34,47,8,87.53
2019-05-28 18:00:00,32,28,43,11,89.54
2019-05-28 19:00:00,31,30,50,5,75.71
2019-05-28 20:00:00,27,27,43,11,72.39
2019-05-28 21:00:00,18,16,30,8,78.51
2019-05-28 22:00:00,16,13,47,4,77.1
2019-05-28 23:00:00,32,30,43,11,77.86
2019-05-29 00:00:00,26,23,44,6,86.29
2019-05-29 01:00:00,26,25,45,7,84.07
2019-05-29 02:00:00,29,28,51,7,84.3
2019-05-29 03:00:00,20,20,56,6,78.46
2019-05-29 04:00:00,24,21,45,5,96.07
2019-05-29 05:00:00,24,20,40,7,91.17
2019-05-29 06:00:00,32,30,33,6,82.85
2019-05-29 07:00:00,29,26,54,5,85.52
2019-05-29 08:00:00,20,16,56,7,84.25
2019-05-29 09:00:00,24,22,38,8,82.74
2019-05-29 10:00:00,36,35,46,11,85.19
2019-05-29 11:00:00,28,27,45,5,80.57
2019-05-29 12:00:00,22,22,36,7,77.19
2019-05-29 13:00:00,28,27,46,9,82.31
2019-05-29 14:00:00,34,33,48,7,78.59
2019-05-29 15:00:00,23,22,43,4,79.37
2019-05-29 16:00:00,17,14,45,7,75.01
2019-05-29 17:00:00,24,24,47,9,82.14
2019-05-29 18:00:00,27,24,44,10,83.73
2019-05-29 19:00:00,20,16,43,4,84.07
2019-05-29 20:00:00,21,20,43,5,79.05
2019-05-29 21:00:00,25,21,48,8,84.54
2019-05-29 22:00:00,17,13,47,5,84.15
2019-05-29 23:00:00,37,34,49,8,79.32
2019-05-30 00:00:00,33,32,46,12,86.64
2019-05-30 01:00:00,13,10,49,4,74.66
2019-05-30 02:00:00,28,26,52,8,86.25
2019-05-30 03:00:00,24,22,38,7,83.22
2019-05-30 04:00:00,26,25,46,5,84.29
2019-05-30 05:00:00,27,23,46,6,81.19
2019-05-30 06:00:00,23,20,40,7,79.68
2019-05-30 07:00:00,37,33,48,7,80.69
2019-05-30 08:00:00,33,31,44,11,85.41
2019-05-30 09:00:00,23,20,44,8,83.25
2019-05-30 10:00:00,27,24,36,6,77.86
2019-05-30 11:00:00,20,17,45,5,81.97
2019-05-30 12:00:00,27,26,45,6,80.66
2019-05-30 13:00:00,28,27,50,4,86.18
2019-05-30 14:00:00,25,24,50,7,73.18
2019-05-30 15:00:00,30,27,44,6,82.24
2019-05-30 16:00:00,19,15,48,4,85.08
2019-05-30 17:00:00,27,27,49,7,73.74
2019-05-30 18:00:00,31,27,42,13,77.15
2019-05-30 19:00:00,28,26,41,6,80.29
2019-05-30 20:00:00,27,25,41,8,74.67
2019-05-30 21:00:00,28,27,45,4,78.25
2019-05-30 22:00:00,24,24,42,6,76.92
2019-05-30 23:00:00,36,35,42,11,84.52
2019-05-31 00:00:00,26,22,39,4,83.45
2019-05-31 01:00:00,30,29,51,7,87.38
2019-05-31 02:00:00,32,30,45,6,83.69
2019-05-31 03:00:00,27,25,40,7,87.54
2019-05-31 04:00:00,23,22,51,5,79.42
2019-05-31 05:00:00,24,20,48,6,90.81
2019-05-31 06:00:00,21,18,36,7,75.56
2019-05-31 07:00:00,33,29,44,9,71.51
2019-05-31 08:00:00,29,28,49,8,78.78
2019-05-31 09:00:00,32,28,38,7,90.9
2019-05-31 10:00:00,38,36,39,9,85.88
2019-05-31 11:00:00,27,27,43,7,77.0
2019-05-31 12:00:00,32,30,48,11,74.71
2019-05-31 13:00:00,23,21,50,7,70.64
2019-05-31 14:00:00,21,18,44,7,81.0
2019-05-31 15:00:00,32,31,40,10,77.25
2019-05-31 16:00:00,30,27,44,6,84.71
2019-05-31 17:00:00,27,24,39,4,87.11
2019-05-31 18:00:00,29,28,46,7,80.24
2019-05-31 19:00:00,25,21,41,5,77.32
2019-05-31 20:00:00,24,24,37,4,81.24
2019-05-31 21:00:00,25,22,47,7,88.39
2019-05-31 22:00:00,26,23,40,10,83.25
2019-05-31 23:00:00,23,19,38,5,82.45
2019-06-01 00:00:00,26,25,46,6,75.95
2019-06-01 01:00:00,38,36,38,13,87.15
2019-06-01 02:00:00,23,19,38,6,84.11
2019-06-01 03:00:00,32,30,39,9,80.35
2019-06-01 04:00:00,25,25,50,3,77.66
2019-06-01 05:00:00,30,27,43,5,82.56
2019-06-01 06:00:00,27,27,47,4,71.99
2019-06-01 07:00:00,28,26,49,8,71.13
2019-06-01 08:00:00,22,20,43,5,77.79
2019-06-01 09:00:00,27,25,45,7,85.2
2019-06-01 10:00:00,23,20,47,10,78.02
2019-06-01 11:00:00,25,24,45,10,80.29
2019-06-01 12:00:00,25,24,43,4,82.02
2019-06-01 13:00:00,30,27,45,8,80.41
2019-06-01 14:00:00,34,33,43,9,68.88
2019-06-01 15:00:00,25,24,41,5,83.16
2019-06-01 16:00:00,27,24,43,6,94.59
2019-06-01 17:00:00,23,22,42,10,74.44
2019-06-01 18:00:00,17,16,48,8,85.5
2019-06-01 19:00:00,31,27,36,7,72.4
2019-06-01 20:00:00,20,20,48,4,85.49
2019-06-01 21:00:00,30,30,56,8,69.3
2019-06-01 22:00:00,29,29,45,7,80.68
2019-06-01 23:00:00,29,25,44,10,83.01
2019-06-02 00:00:00,23,23,41,5,84.57
2019-06-02 01:00:00,30,28,36,7,86.77
2019-06-02 02:00:00,24,24,43,6,78.56
2019-06-02 03:00:00,29,26,44,9,78.89
2019-06-02 04:00:00,35,35,35,11,77.33
2019-06-02 05:00:00,24,22,40,8,79.93
2019-06-02 06:00:00,37,37,39,15,81.08
2019-06-02 07:00:00,25,24,49,5,81.98
2019-06-02 08:00:00,30,28,47,9,78.61
2019-06-02 09:00:00,31,28,43,7,84.6
2019-06-02 10:00:00,18,17,46,8,84.02
2019-06-02 11:00:00,33,32,43,13,92.81
2019-06-02 12:00:00,28,24,52,9,89.27
2019-06-02 13:00:00,21,20,46,6,83.23
2019-06-02 14:00:00,31,31,44,10,78.79
2019-06-02 15:00:00,27,26,40,8,71.74
2019-06-02 16:00:00,22,21,49,6,72.24
2019-06-02 17:00:00,26,22,30,6,86.52
2019-06-02 18:00:00,34,34,38,9,80.09
2019-06-02 19:00:00,30,30,52,10,75.02
2019-06-02 20:00:00,25,24,34,5,79.86
2019-06-02 21:00:00,28,25,40,10,79.38
2019-06-02 22:00:00,29,26,47,8,81.43
2019-06-02 23:00:00,29,29,46,10,75.15
2019-06-03 00:00:00,29,26,43,5,85.24
2019-06-03 01:00:00,33,33,41,5,78.39
2019-06-03 02:00:00,31,31,39,9,84.69
2019-06-03 03:00:00,24,22,46,8,80.06
2019-06-03 04:00:00,32,32,41,8,80.59
2019-06-03 05:00:00,30,28,32,6,80.71
2019-06-03 06:00:00,23,22,38,5,77.66
2019-06-03 07:00:00,35,31,47,9,72.9
2019-06-03 08:00:00,31,31,52,9,86.1
2019-06-03 09:00:00,29,28,45,9,84.38
2019-06-03 10:00:00,27,27,41,7,76.28
2019-06-03 11:00:00,24,24,46,6,83.87
2019-06-03 12:00:00,23,19,43,6,71.98
2019-06-03 13:00:00,32,30,48,9,81.99
2019-06-03 14:00:00,20,20,53,7,79.93
2019-06-03 15:00:00,23,23,41,6,85.61
2019-06-03 16:00:00,24,22,56,5,84.36
2019-06-03 17:00:00,23,20,39,5,76.06
2019-06-03 18:00:00,32,28,35,5,85.82
2019-06-03 19:00:00,29,25,43,8,86.55
2019-06-03 20:00:00,25,25,35,7,84.41
2019-06-03 21:00:00,32,28,42,7,80.66
2019-06-03 22:00:00,28,25,38,6,93.37
2019-06-03 23:00:00,32,32,43,10,79.69
2019-06-04 00:00:00,27,25,45,9,82.21
2019-06-04 01:00:00,24,22,43,6,77.1
2019-06-04 02:00:00,36,36,45,5,91.03
2019-06-04 03:00:00,31,29,44,6,75.13
2019-06-04 04:00:00,30,28,38,9,78.06
2019-06-04 05:00:00,27,27,41,11,87.6
2019-06-04 06:00:00,29,28,39,10,78.14
2019-06-04 07:00:00,19,15,43,5,81.51
2019-06-04 08:00:00,25,21,43,7,81.01
2019-06-04 09:00:00,27,26,46,8,85.02
2019-06-04 10:00:00,32,30,38,9,83.95
2019-06-04 11:00:00,22,18,44,8,85.98
2019-06-04 12:00:00,27,24,41,7,90.63
2019-06-04 13:00:00,33,32,45,10,84.06
2019-06-04 14:00:00,29,27,43,9,83.66
2019-06-04 15:00:00,21,18,49,6,84.56
2019-06-04 16:00:00,31,30,44,8,85.48
2019-06-04 17:00:00,32,30,31,11,76.16
2019-06-04 18:00:00,29,29,46,8,80.35
2019-06-04 19:00:00,29,27,37,7,88.3
2019-06-04 20:00:00,19,16,48,6,67.47
2019-06-04 21:00:00,30,26,42,5,83.06
2019-06-04 22:00:00,27,26,44,2,83.31
2019-06-04 23:00:00,26,26,51,8,77.72
2019-06-05 00:00:00,27,26,46,5,75.1
2019-06-05 01:00:00,36,34,45,6,81.43
2019-06-05 02:00:00,34,34,46,6,87.07
2019-06-05 03:00:00,32,28,39,10,80.86
2019-06-05 04:00:00,25,24,50,5,76.52
2019-06-05 05:00:00,35,34,42,6,81.97
2019-06-05 06:00:00,25,22,44,4,70.29
2019-06-05 07:00:00,25,23,43,7,77.96
2019-06-05 08:00:00,26,23,37,9,77.8
2019-06-05 09:00:00,36,36,35,11,85.35
2019-06-05 10:00:00,35,34,43,10,82.89
2019-06-05 11:00:00,31,31,49,12,82.47
2019-06-05 12:00:00,32,28,47,8,80.45
2019-06-05 13:00:00,35,31,50,16,83.42
2019-06-05 14:00:00,22,19,54,5,86.82
2019-06-05 15:00:00,37,34,44,8,86.02
2019-06-05 16:00:00,24,21,42,10,77.45
2019-06-05 17:00:00,29,28,43,6,76.86
2019-06-05 18:00:00,25,21,44,8,86.16
2019-06-05 19:00:00,22,18,46,10,82.11
2019-06-05 20:00:00,27,24,39,11,84.33
2019-06-05 21:00:00,23,19,40,8,84.01
2019-06-05 22:00:00,25,24,43,11,79.85
2019-06-05 23:00:00,17,15,49,3,85.28
2019-06-06 00:00:00,31,30,44,8,73.86
2019-06-06 01:00:00,29,29,49,8,79.25
2019-06-06 02:00:00,35,35,46,9,74.08
2019-06-06 03:00:00,28,25,44,6,81.09
2019-06-06 04:00:00,36,36,46,15,79.37
2019-06-06 05:00:00,22,19,44,5,82.25
2019-06-06 06:00:00,24,22,44,7,82.81
2019-06-06 07:00:00,32,31,50,6,80.49
2019-06-06 08:00:00,26,22,50,6,78.08
2019-06-06 09:00:00,28,28,44,10,76.85
2019-06-06 10:00:00,25,23,43,5,80.97
2019-06-06 11:00:00,20,19,50,4,78.28
2019-06-06 12:00:00,28,26,44,6,77.28
2019-06-06 13:00:00,24,23,48,7,80.31
2019-06-06 14:00:00,20,20,49,7,81.81
2019-06-06 15:00:00,30,27,50,8,86.54
2019-06-06 16:00:00,26,25,50,9,85.79
2019-06-06 17:00:00,26,25,44,8,78.98
2019-06-06 18:00:00,22,20,51,6,86.98
2019-06-06 19:00:00,32,32,49,12,78.59
2019-06-06 20:00:00,30,28,42,9,92.82
2019-06-06 21:00:00,24,21,47,7,81.73
2019-06-06 22:00:00,22,18,50,4,81.28
2019-06-06 23:00:00,29,27,40,7,78.94
2019-06-07 00:00:00,32,28,46,6,77.63
2019-06-07 01:00:00,30,28,50,5,90.2
2019-06-07 02:00:00,28,27,41,4,85.79
2019-06-07 03:00:00,27,24,48,4,87.82
2019-06-07 04:00:00,27,23,39,8,87.65
2019-06-07 05:00:00,34,30,37,14,87.64
2019-06-07 06:00:00,28,26,46,9,88.7
2019-06-07 07:00:00,28,25,42,3,80.36
2019-06-07 08:00:00,31,29,53,10,77.66
2019-06-07 09:00:00,31,27,38,6,85.52
2019-06-07 10:00:00,28,25,44,5,84.76
2019-06-07 11:00:00,37,35,43,12,83.58
2019-06-07 12:00:00,20,19,43,4,80.85
2019-06-07 13:00:00,21,18,55,9,79.33
2019-06-07 14:00:00,33,32,41,5,81.92
2019-06-07 15:00:00,33,30,41,7,78.91
2019-06-07 16:00:00,27,23,50,7,78.59
2019-06-07 17:00:00,25,22,34,11,83.75
2019-06-07 18:00:00,18,17,45,4,76.8
2019-06-07 19:00:00,24,22,36,9,85.92
2019-06-07 20:00:00,32,28,35,7,77.42
2019-06-07 21:00:00,30,29,43,8,84.84
2019-06-07 22:00:00,21,21,35,6,71.95
2019-06-07 23:00:00,24,21,39,7,77.01
2019-06-08 00:00:00,29,29,41,8,88.12
2019-06-08 01:00:00,40,39,50,12,87.61
2019-06-08 02:00:00,30,30,46,9,74.07
2019-06-08 03:00:00,21,20,43,4,81.06
2019-06-08 04:00:00,30,26,50,9,76.53
2019-06-08 05:00:00,23,21,30,7,84.89
2019-06-08 06:00:00,35,33,36,11,82.78
2019-06-08 07:00:00,28,25,37,6,81.89
2019-06-08 08:00:00,33,29,50,9,80.4
2019-06-08 09:00:00,26,26,48,5,83.68
2019-06-08 10:00:00,31,27,45,9,84.53
2019-06-08 11:00:00,31,31,52,8,72.81
2019-06-08 12:00:00,23,19,49,5,82.59
2019-06-08 13:00:00,28,26,48,7,77.04
2019-06-08 14:00:00,29,26,40,6,82.98
2019-06-08 15:00:00,22,20,47,9,81.32
2019-06-08 16:00:00,22,20,49,8,82.35
2019-06-08 17:00:00,20,16,51,5,85.58
2019-06-08 18:00:00,26,26,46,5,74.27
2019-06-08 19:00:00,30,26,41,4,83.45
2019-06-08 20:00:00,19,19,43,8,85.62
2019-06-08 21:00:00,28,27,49,7,84.91
2019-06-08 22:00:00,23,20,46,8,79.51
2019-06-08 23:00:00,30,30,40,7,81.17
2019-06-09 00:00:00,29,28,46,8,77.35
2019-06-09 01:00:00,25,22,37,5,85.63
2019-06-09 02:00:00,31,31,45,7,76.65
2019-06-09 03:00:00,29,27,55,10,74.07
2019-06-09 04:00:00,27,24,49,8,85.94
2019-06-09 05:00:00,26,23,42,6,91.61
2019-06-09 06:00:00,20,16,60,6,87.79
2019-06-09 07:00:00,29,26,39,4,88.51
2019-06-09 08:00:00,19,15,38,8,77.48
2019-06-09 09:00:00,30,29,40,12,85.98
2019-06-09 10:00:00,28,25,41,7,87.18
2019-06-09 11:00:00,23,23,51,5,83.17
2019-06-09 12:00:00,32,29,44,9,75.27
2019-06-09 13:00:00,31,28,39,8,87.55
2019-06-09 14:00:00,26,26,40,7,84.21
2019-06-09 15:00:00,26,23,50,8,81.88
2019-06-09 16:00:00,19,15,43,3,80.92
2019-06-09 17:00:00,22,22,40,7,84.94
2019-06-09 18:00:00,30,28,40,6,74.88
2019-06-09 19:00:00,35,32,45,11,79.54
2019-06-09 20:00:00,27,24,41,11,91.29
2019-06-09 21:00:00,23,19,44,8,78.19
2019-06-09 22:00:00,36,36,42,11,88.62
2019-06-09 23:00:00,24,21,43,9,80.25
2019-06-10 00:00:00,19,15,47,4,79.85
2019-06-10 01:00:00,29,27,39,5,86.43
2019-06-10 02:00:00,26,24,48,6,84.19
2019-06-10 03:00:00,30,26,36,7,92.97
2019-06-10 04:00:00,29,29,49,10,78.47
2019-06-10 05:00:00,31,28,43,6,79.21
2019-06-10 06:00:00,26,22,49,6,83.91
2019-06-10 07:00:00,28,24,47,6,81.42
2019-06-10 08:00:00,27,23,52,5,87.53
2019-06-10 09:00:00,22,21,45,4,83.82
2019-06-10 10:00:00,30,28,52,7,82.86
2019-06-10 11:00:00,38,37,48,11,91.8
2019-06-10 12:00:00,27,23,39,8,72.41
2019-06-10 13:00:00,25,23,50,5,79.84
2019-06-10 14:00:00,27,24,46,6,81.62
2019-06-10 15:00:00,28,25,43,5,87.39
2019-06-10 16:00:00,24,23,45,6,84.17
2019-06-10 17:00:00,23,22,41,5,76.69
2019-06-10 18:00:00,26,24,58,7,75.66
2019-06-10 19:00:00,26,23,44,8,78.72
2019-06-10 20:00:00,28,27,40,10,79.41
2019-06-10 21:00:00,36,32,34,4,89.93
2019-06-10 22:00:00,30,26,49,8,85.88
2019-06-10 23:00:00,27,26,46,6,75.4
2019-06-11 00:00:00,26,26,45,7,78.08
2019-06-11 01:00:00,33,32,48,7,86.79
2019-06-11 02:00:00,34,34,48,9,79.24
2019-06-11 03:00:00,27,24,49,9,87.49
2019-06-11 04:00:00,33,32,43,8,82.39
2019-06-11 05:00:00,30,27,36,7,85.3
2019-06-11 06:00:00,22,21,41,4,90.3
2019-06-11 07:00:00,33,32,46,2,80.43
2019-06-11 08:00:00,29,25,43,6,77.87
2019-06-11 09:00:00,27,23,49,6,79.73
2019-06-11 10:00:00,26,26,50,4,80.14
2019-06-11 11:00:00,36,33,44,7,82.18
2019-06-11 12:00:00,37,35,41,10,78.45
2019-06-11 13:00:00,33,33,42,7,86.84
2019-06-11 14:00:00,16,15,45,9,81.36
2019-06-11 15:00:00,26,25,46,9,83.99
2019-06-11 16:00:00,30,26,51,8,75.69
2019-06-11 17:00:00,32,32,46,8,72.75
2019-06-11 18:00:00,20,19,45,7,77.45
2019-06-11 19:00:00,33,30,36,7,86.03
2019-06-11 20:00:00,26,24,49,6,73.58
2019-06-11 21:00:00,37,35,44,12,76.08
2019-06-11 22:00:00,25,22,36,4,72.8
2019-06-11 23:00:00,30,30,34,10,69.32
2019-06-12 00:00:00,34,34,42,4,82.19
2019-06-12 01:00:00,27,25,48,6,88.99
2019-06-12 02:00:00,36,34,38,9,84.74
2019-06-12 03:00:00,24,21,44,5,83.69
2019-06-12 04:00:00,27,25,37,8,79.92
2019-06-12 05:00:00,28,25,41,12,83.75
2019-06-12 06:00:00,26,23,40,7,81.38
2019-06-12 07:00:00,30,26,40,6,85.85
2019-06-12 08:00:00,25,21,48,6,80.76
2019-06-12 09:00:00,27,26,43,9,83.14
2019-06-12 10:00:00,25,22,48,6,72.85
2019-06-12 11:00:00,26,23,46,3,71.62
2019-06-12 12:00:00,26,25,47,6,86.84
2019-06-12 13:00:00,33,29,43,4,78.75
2019-06-12 14:00:00,42,39,46,14,88.58
2019-06-12 15:00:00,31,31,44,6,82.75
2019-06-12 16:00:00,20,18,43,9,78.14
2019-06-12 17:00:00,31,29,57,10,81.67
2019-06-12 18:00:00,30,29,44,8,80.04
2019-06-12 19:00:00,33,29,48,10,88.03
2019-06-12 20:00:00,21,19,44,6,76.78
2019-06-12 21:00:00,21,20,53,3,84.94
2019-06-12 22:00:00,27,26,40,5,76.98
2019-06-12 23:00:00,22,18,49,6,76.09
2019-06-13 00:00:00,28,24,36,6,76.4
2019-06-13 01:00:00,27,27,39,7,75.47
2019-06-13 02:00:00,24,23,48,8,76.53
2019-06-13 03:00:00,37,36,47,9,78.62
2019-06-13 04:00:00,30,30,40,9,78.94
2019-06-13 05:00:00,26,23,42,4,79.02
2019-06-13 06:00:00,25,21,50,8,80.77
2019-06-13 07:00:00,25,25,52,8,87.07
2019-06-13 08:00:00,23,21,46,6,78.93
2019-06-13 09:00:00,22,21,43,8,78.68
2019-06-13 10:00:00,24,23,50,10,78.12
2019-06-13 11:00:00,25,21,42,8,86.86
2019-06-13 12:00:00,25,22,43,4,71.12
2019-06-13 13:00:00,15,12,41,5,80.15
2019-06-13 14:00:00,30,26,38,11,82.17
2019-06-13 15:00:00,26,22,48,8,75.73
2019-06-13 16:00:00,32,29,45,10,79.4
2019-06-13 17:00:00,26,22,47,5,79.3
2019-06-13 18:00:00,27,24,47,7,81.94
2019-06-13 19:00:00,29,29,53,11,76.95
2019-06-13 20:00:00,33,32,51,7,71.8
2019-06-13 21:00:00,21,17,43,4,87.05
2019-06-13 22:00:00,31,29,44,9,81.93
2019-06-13 23:00:00,21,19,43,4,82.07
2019-06-14 00:00:00,25,23,44,4,88.65
2019-06-14 01:00:00,39,36,47,8,79.39
2019-06-14 02:00:00,17,17,48,7,86.78
2019-06-14 03:00:00,19,19,51,9,80.63
2019-06-14 04:00:00,25,21,51,8,77.78
2019-06-14 05:00:00,30,30,44,7,79.85
2019-06-14 06:00:00,27,25,41,9,86.26
2019-06-14 07:00:00,27,27,46,7,72.55
2019-06-14 08:00:00,28,24,42,7,83.64
2019-06-14 09:00:00,24,23,48,11,86.79
2019-06-14 10:00:00,29,27,51,9,87.53
2019-06-14 11:00:00,19,16,48,5,78.71
2019-06-14 12:00:00,30,28,46,9,77.2
2019-06-14 13:00:00,21,17,47,8,77.76
2019-06-14 14:00:00,36,34,44,9,83.22
2019-06-14 15:00:00,42,42,41,5,76.7
2019-06-14 16:00:00,32,28,47,6,87.11
2019-06-14 17:00:00,37,33,51,9,75.65
2019-06-14 18:00:00,33,32,42,10,81.86
2019-06-14 19:00:00,25,23,43,7,81.46
2019-06-14 20:00:00,30,28,49,7,80.72
2019-06-14 21:00:00,26,24,44,7,84.26
2019-06-14 22:00:00,27,23,44,6,80.81
2019-06-14 23:00:00,35,35,41,7,86.47
2019-06-15 00:00:00,20,19,47,7,75.8
2019-06-15 01:00:00,30,29,44,5,85.58
2019-06-15 02:00:00,22,19,37,5,75.79
2019-06-15 03:00:00,27,26,47,5,80.34
2019-06-15 04:00:00,28,26,48,5,76.31
2019-06-15 05:00:00,26,23,43,8,77.8
2019-06-15 06:00:00,32,29,49,8,79.74
2019-06-15 07:00:00,32,32,38,8,78.56
2019-06-15 08:00:00,24,23,40,7,87.7
2019-06-15 09:00:00,19,18,42,5,81.04
2019-06-15 10:00:00,18,16,45,8,85.61
2019-06-15 11:00:00,25,25,46,8,74.4
2019-06-15 12:00:00,28,24,42,7,84.09
2019-06-15 13:00:00,21,17,48,6,87.11
2019-06-15 14:00:00,24,20,42,7,79.83
2019-06-15 15:00:00,33,30,32,8,83.6
2019-06-15 16:00:00,25,21,38,6,81.46
2019-06-15 17:00:00,22,20,53,6,80.99
2019-06-15 18:00:00,25,21,41,6,80.22
2019-06-15 19:00:00,28,27,42,8,76.45
2019-06-15 20:00:00,24,24,37,6,87.6
2019-06-15 21:00:00,26,26,47,5,78.65
2019-06-15 22:00:00,24,23,42,6,93.9
2019-06-15 23:00:00,26,26,44,8,81.09
2019-06-16 00:00:00,31,31,44,6,80.96
2019-06-16 01:00:00,22,21,36,5,83.46
2019-06-16 02:00:00,27,25,42,8,79.61
2019-06-16 03:00:00,30,27,51,8,88.88
2019-06-16 04:00:00,16,12,45,5,83.37
2019-06-16 05:00:00,24,23,35,5,83.2
2019-06-16 06:00:00,21,20,44,4,80.05
2019-06-16 07:00:00,21,21,42,5,80.83
2019-06-16 08:00:00,33,29,43,7,77.5
2019-06-16 09:00:00,24,21,42,9,92.98
2019-06-16 10:00:00,25,22,42,5,82.63
2019-06-16 11:00:00,26,25,44,5,78.78
2019-06-16 12:00:00,21,19,41,8,78.61
2019-06-16 13:00:00,27,25,49,9,81.87
2019-06-16 14:00:00,24,23,41,5,77.35
2019-06-16 15:00:00,27,25,39,8,76.75
2019-06-16 16:00:00,36,32,50,10,85.54
2019-06-16 17:00:00,25,23,42,5,75.83
2019-06-16 18:00:00,18,14,43,5,71.71
2019-06-16 19:00:00,17,15,36,7,84.04
2019-06-16 20:00:00,22,19,35,7,84.52
2019-06-16 21:00:00,31,30,44,9,80.35
2019-06-16 22:00:00,37,33,47,11,82.45
2019-06-16 23:00:00,27,24,51,6,81.67
2019-06-17 00:00:00,26,25,44,8,82.76
2019-06-17 01:00:00,23,20,45,8,82.26
2019-06-17 02:00:00,27,23,42,7,86.59
2019-06-17 03:00:00,31,29,48,8,84.23
2019-06-17 04:00:00,26,25,46,12,79.01
2019-06-17 05:00:00,25,22,41,6,83.03
2019-06-17 06:00:00,20,18,42,5,83.17
2019-06-17 07:00:00,37,37,38,10,70.86
2019-06-17 08:00:00,30,26,42,8,82.07
2019-06-17 09:00:00,28,24,46,9,79.63
2019-06-17 10:00:00,31,29,46,7,84.42
2019-06-17 11:00:00,30,28,40,8,75.63
2019-06-17 12:00:00,20,19,37,4,81.38
2019-06-17 13:00:00,24,21,43,6,81.15
2019-06-17 14:00:00,26,26,56,6,70.29
2019-06-17 15:00:00,20,19,46,7,86.11
2019-06-17 16:00:00,22,21,39,8,82.75
2019-06-17 17:00:00,31,31,43,8,75.71
2019-06-17 18:00:00,21,17,40,5,84.02
2019-06-17 19:00:00,24,23,46,8,81.89
2019-06-17 20:00:00,22,18,38,5,77.21
2019-06-17 21:00:00,20,17,49,9,78.23
2019-06-17 22:00:00,25,23,44,5,75.96
2019-06-17 23:00:00,32,29,44,8,72.53
2019-06-18 00:00:00,30,28,39,11,87.81
2019-06-18 01:00:00,23,22,41,5,91.7
2019-06-18 02:00:00,33,31,34,7,78.77
2019-06-18 03:00:00,28,28,44,9,76.04
2019-06-18 04:00:00,23,23,50,4,75.9
2019-06-18 05:00:00,23,20,41,6,85.57
2019-06-18 06:00:00,28,28,44,6,85.31
2019-06-18 07:00:00,32,29,41,14,86.09
2019-06-18 08:00:00,23,19,40,5,86.92
2019-06-18 09:00:00,24,20,40,6,87.14
2019-06-18 10:00:00,32,29,48,9,79.54
2019-06-18 11:00:00,26,23,44,8,74.25
2019-06-18 12:00:00,28,25,39,11,85.38
2019-06-18 13:00:00,27,25,47,8,81.17
2019-06-18 14:00:00,19,19,39,5,82.3
2019-06-18 15:00:00,19,17,46,5,80.5
2019-06-18 16:00:00,21,19,44,3,83.11
2019-06-18 17:00:00,23,21,49,6,83.82
2019-06-18 18:00:00,26,22,45,6,82.59
2019-06-18 19:00:00,29,25,46,4,92.7
2019-06-18 20:00:00,23,21,43,4,81.21
2019-06-18 21:00:00,35,34,47,10,75.51
2019-06-18 22:00:00,32,30,43,10,81.35
2019-06-18 23:00:00,24,23,46,8,78.49
2019-06-19 00:00:00,32,31,47,9,74.4
2019-06-19 01:00:00,21,21,54,3,88.48
2019-06-19 02:00:00,28,25,31,8,84.0
2019-06-19 03:00:00,30,28,41,7,77.77
2019-06-19 04:00:00,34,32,37,9,83.5
2019-06-19 05:00:00,30,28,40,13,86.47
2019-06-19 06:00:00,23,20,46,3,73.59
2019-06-19 07:00:00,27,26,45,7,89.56
2019-06-19 08:00:00,24,22,50,7,75.35
2019-06-19 09:00:00,27,25,48,7,87.0
2019-06-19 10:00:00,26,23,46,5,73.1
2019-06-19 11:00:00,22,18,55,6,87.11
2019-06-19 12:00:00,31,28,42,8,78.86
2019-06-19 13:00:00,23,20,49,9,93.52
2019-06-19 14:00:00,32,28,41,9,79.02
2019-06-19 15:00:00,30,30,37,4,75.53
2019-06-19 16:00:00,25,22,42,7,78.24
2019-06-19 17:00:00,28,25,49,10,84.76
2019-06-19 18:00:00,28,26,42,8,86.5
2019-06-19 19:00:00,33,32,45,10,75.91
2019-06-19 20:00:00,26,25,41,6,83.46
2019-06-19 21:00:00,21,18,44,6,81.45
2019-06-19 22:00:00,25,24,51,5,76.2
2019-06-19 23:00:00,23,21,43,4,82.11
2019-06-20 00:00:00,29,26,51,6,94.01
2019-06-20 01:00:00,28,25,38,7,83.37
2019-06-20 02:00:00,39,36,32,7,76.54
2019-06-20 03:00:00,17,15,38,5,85.16
2019-06-20 04:00:00,31,30,46,6,84.21
2019-06-20 05:00:00,23,20,43,5,79.77
2019-06-20 06:00:00,39,35,42,11,84.86
2019-06-20 07:00:00,19,16,36,4,71.23
2019-06-20 08:00:00,28,27,38,9,74.21
2019-06-20 09:00:00,24,24,40,7,78.9
2019-06-20 10:00:00,24,24,45,8,77.4
2019-06-20 11:00:00,25,25,49,7,79.47
2019-06-20 12:00:00,37,33,41,13,84.11
2019-06-20 13:00:00,30,30,40,5,78.63
2019-06-20 14:00:00,29,27,40,5,83.67
2019-06-20 15:00:00,23,21,50,7,80.47
2019-06-20 16:00:00,27,27,43,7,81.53
2019-06-20 17:00:00,19,19,46,5,77.47
2019-06-20 18:00:00,30,29,43,8,84.55
2019-06-20 19:00:00,27,25,37,7,83.25
2019-06-20 20:00:00,30,29,43,8,72.29
2019-06-20 21:00:00,31,30,48,4,82.23
2019-06-20 22:00:00,26,26,43,7,81.29
2019-06-20 23:00:00,33,32,43,8,75.83
2019-06-21 00:00:00,25,25,37,4,86.64
2019-06-21 01:00:00,23,23,52,10,77.86
2019-06-21 02:00:00,23,20,44,7,76.34
2019-06-21 03:00:00,23,21,50,7,74.52
2019-06-21 04:00:00,26,22,42,14,85.84
2019-06-21 05:00:00,35,33,48,6,82.21
2019-06-21 06:00:00,26,22,45,9,75.68
2019-06-21 07:00:00,27,24,48,7,84.51
2019-06-21 08:00:00,21,18,57,5,85.66
2019-06-21 09:00:00,30,28,45,10,80.49
2019-06-21 10:00:00,25,22,43,5,85.18
2019-06-21 11:00:00,18,15,48,5,74.81
2019-06-21 12:00:00,29,29,40,8,77.2
2019-06-21 13:00:00,32,29,40,6,83.85
2019-06-21 14:00:00,26,25,44,9,94.63
2019-06-21 15:00:00,30,27,45,7,85.45
2019-06-21 16:00:00,35,31,54,6,81.99
2019-06-21 17:00:00,27,25,39,5,76.31
2019-06-21 18:00:00,22,18,45,5,80.81
2019-06-21 19:00:00,24,24,45,8,86.75
2019-06-21 20:00:00,29,26,39,6,87.34
2019-06-21 21:00:00,30,29,47,5,87.25
2019-06-21 22:00:00,32,32,48,9,78.65
2019-06-21 23:00:00,21,19,45,4,79.98
2019-06-22 00:00:00,26,23,49,9,76.12
2019-06-22 01:00:00,25,23,37,5,85.03
2019-06-22 02:00:00,32,32,49,8,86.42
2019-06-22 03:00:00,38,37,40,7,79.53
2019-06-22 04:00:00,27,25,36,6,76.99
2019-06-22 05:00:00,19,16,45,5,75.77
2019-06-22 06:00:00,23,19,33,6,88.33
2019-06-22 07:00:00,25,21,45,8,78.6
2019-06-22 08:00:00,26,24,47,8,76.35
2019-06-22 09:00:00,30,29,37,5,72.99
2019-06-22 10:00:00,27,27,40,5,82.88
2019-06-22 11:00:00,22,19,46,6,96.56
2019-06-22 12:00:00,31,29,40,9,85.05
2019-06-22 13:00:00,28,25,38,7,74.61
2019-06-22 14:00:00,23,22,43,8,77.68
2019-06-22 15:00:00,25,21,50,6,72.3
2019-06-22 16:00:00,24,24,52,4,86.35
2019-06-22 17:00:00,28,24,39,6,80.06
2019-06-22 18:00:00,33,33,49,8,81.47
2019-06-22 19:00:00,27,23,50,8,82.92
2019-06-22 20:00:00,27,25,54,9,86.36
2019-06-22 21:00:00,32,31,43,8,80.62
2019-06-22 22:00:00,19,15,49,4,87.44
2019-06-22 23:00:00,32,31,45,8,81.57
2019-06-23 00:00:00,24,20,41,7,78.79
2019-06-23 01:00:00,21,18,47,5,83.83
2019-06-23 02:00:00,25,21,35,8,83.77
2019-06-23 03:00:00,22,22,50,8,78.51
2019-06-23 04:00:00,31,28,52,13,79.55
2019-06-23 05:00:00,32,30,47,7,90.89
2019-06-23 06:00:00,29,27,43,9,90.77
2019-06-23 07:00:00,21,19,43,7,77.29
2019-06-23 08:00:00,27,26,51,6,73.73
2019-06-23 09:00:00,21,19,38,3,82.7
2019-06-23 10:00:00,27,23,50,9,84.69
2019-06-23 11:00:00,29,26,53,7,85.6
2019-06-23 12:00:00,25,25,47,6,78.33
2019-06-23 13:00:00,22,20,48,8,92.14
2019-06-23 14:00:00,12,12,30,3,88.31
2019-06-23 15:00:00,23,22,49,5,88.79
2019-06-23 16:00:00,29,28,46,7,74.53
2019-06-23 17:00:00,31,31,46,10,69.21
2019-06-23 18:00:00,26,22,44,7,77.68
2019-06-23 19:00:00,25,25,50,4,82.63
2019-06-23 20:00:00,34,31,51,13,85.75
2019-06-23 21:00:00,36,34,46,10,79.26
2019-06-23 22:00:00,22,18,37,5,84.37
2019-06-23 23:00:00,36,36,47,9,86.7
2019-06-24 00:00:00,21,18,44,7,88.81
2019-06-24 01:00:00,28,28,50,5,73.04
2019-06-24 02:00:00,32,30,45,12,80.13
2019-06-24 03:00:00,23,22,46,8,74.48
2019-06-24 04:00:00,27,27,38,9,64.05
2019-06-24 05:00:00,24,21,42,4,83.34
2019-06-24 06:00:00,30,30,39,6,70.78
2019-06-24 07:00:00,25,23,41,10,75.37
2019-06-24 08:00:00,22,19,45,8,72.81
2019-06-24 09:00:00,22,21,48,6,85.8
2019-06-24 10:00:00,30,28,42,9,84.22
2019-06-24 11:00:00,23,23,47,7,92.71
2019-06-24 12:00:00,29,25,44,7,88.73
2019-06-24 13:00:00,28,28,41,6,76.94
2019-06-24 14:00:00,22,21,47,9,85.08
2019-06-24 15:00:00,23,23,41,9,79.95
2019-06-24 16:00:00,23,19,48,7,83.51
2019-06-24 17:00:00,20,19,40,4,77.07
2019-06-24 18:00:00,23,22,57,7,84.12
2019-06-24 19:00:00,34,34,53,3,77.87
2019-06-24 20:00:00,26,24,39,5,78.96
2019-06-24 21:00:00,33,32,43,13,80.04
2019-06-24 22:00:00,22,19,41,6,85.37
2019-06-24 23:00:00,30,29,42,8,74.72
2019-06-25 00:00:00,32,29,48,7,83.89
2019-06-25 01:00:00,33,31,47,13,74.57
2019-06-25 02:00:00,24,20,41,7,80.2
2019-06-25 03:00:00,29,26,42,9,79.26
2019-06-25 04:00:00,30,27,48,8,86.14
2019-06-25 05:00:00,25,21,39,8,84.71
2019-06-25 06:00:00,27,26,46,9,85.4
2019-06-25 07:00:00,29,26,41,8,86.79
2019-06-25 08:00:00,35,32,48,7,92.88
2019-06-25 09:00:00,28,24,42,4,74.64
2019-06-25 10:00:00,21,20,45,5,77.62
2019-06-25 11:00:00,27,27,42,4,72.87
2019-06-25 12:00:00,27,24,51,6,84.53
2019-06-25 13:00:00,33,31,49,8,83.06
2019-06-25 14:00:00,29,25,46,4,79.24
2019-06-25 15:00:00,26,23,48,8,83.94
2019-06-25 16:00:00,37,36,46,8,86.67
2019-06-25 17:00:00,34,32,41,9,73.39
2019-06-25 18:00:00,24,24,40,7,79.82
2019-06-25 19:00:00,28,26,45,4,82.33
2019-06-25 20:00:00,30,27,46,4,76.7
2019-06-25 21:00:00,30,28,43,9,76.55
2019-06-25 22:00:00,20,20,39,5,78.75
2019-06-25 23:00:00,32,31,46,10,82.04
2019-06-26 00:00:00,19,19,47,5,84.9
2019-06-26 01:00:00,30,30,51,5,82.04
2019-06-26 02:00:00,31,27,44,8,86.31
2019-06-26 03:00:00,37,33,38,8,87.71
2019-06-26 04:00:00,15,15,45,6,87.88
2019-06-26 05:00:00,18,16,45,7,81.9
2019-06-26 06:00:00,38,36,41,9,72.18
2019-06-26 07:00:00,27,27,42,7,87.6
2019-06-26 08:00:00,29,27,49,7,92.23
2019-06-26 09:00:00,26,25,43,7,80.27
2019-06-26 10:00:00,23,21,44,6,90.97
2019-06-26 11:00:00,23,21,39,8,84.74
2019-06-26 12:00:00,24,24,45,4,83.24
2019-06-26 13:00:00,34,32,41,6,82.21
2019-06-26 14:00:00,28,26,41,7,73.99
2019-06-26 15:00:00,20,16,37,9,83.5
2019-06-26 16:00:00,24,20,47,5,91.1
2019-06-26 17:00:00,36,34,41,11,85.01
2019-06-26 18:00:00,24,22,40,4,81.11
2019-06-26 19:00:00,18,18,43,5,72.38
2019-06-26 20:00:00,29,28,48,8,85.47
2019-06-26 21:00:00,28,24,46,7,83.14
2019-06-26 22:00:00,28,25,45,9,83.42
2019-06-26 23:00:00,21,19,49,4,79.74
2019-06-27 00:00:00,35,32,49,10,85.73
2019-06-27 01:00:00,25,25,45,9,85.44
2019-06-27 02:00:00,23,20,46,4,83.64
2019-06-27 03:00:00,32,31,48,8,87.94
2019-06-27 04:00:00,23,22,47,5,85.75
2019-06-27 05:00:00,30,30,48,6,81.83
2019-06-27 06:00:00,17,13,41,7,81.27
2019-06-27 07:00:00,24,22,43,6,79.48
2019-06-27 08:00:00,33,30,47,8,72.87
2019-06-27 09:00:00,27,27,46,7,75.0
2019-06-27 10:00:00,25,24,51,8,80.05
2019-06-27 11:00:00,23,22,52,5,82.3
2019-06-27 12:00:00,34,34,49,6,80.38
2019-06-27 13:00:00,32,32,34,5,84.69
2019-06-27 14:00:00,31,31,48,6,81.42
2019-06-27 15:00:00,22,19,44,6,78.79
2019-06-27 16:00:00,26,25,40,7,77.29
2019-06-27 17:00:00,27,27,42,6,82.51
2019-06-27 18:00:00,27,25,38,8,75.83
2019-06-27 19:00:00,31,31,49,7,78.73
2019-06-27 20:00:00,27,27,47,9,82.71
2019-06-27 21:00:00,30,27,35,7,77.43
2019-06-27 22:00:00,22,18,45,7,80.23
2019-06-27 23:00:00,24,23,38,8,80.67
2019-06-28 00:00:00,23,23,49,5,80.92
2019-06-28 01:00:00,25,22,39,9,84.19
2019-06-28 02:00:00,24,20,33,8,83.05
2019-06-28 03:00:00,26,22,46,9,82.29
2019-06-28 04:00:00,27,23,48,9,81.2
2019-06-28 05:00:00,27,27,49,7,85.74
2019-06-28 06:00:00,24,24,43,7,75.9
2019-06-28 07:00:00,23,20,44,7,87.07
2019-06-28 08:00:00,33,32,47,9,80.74
2019-06-28 09:00:00,25,22,50,5,81.23
2019-06-28 10:00:00,25,21,44,8,83.82
2019-06-28 11:00:00,26,24,43,8,77.16
2019-06-28 12:00:00,25,24,33,5,85.24
2019-06-28 13:00:00,34,31,45,10,85.11
2019-06-28 14:00:00,29,28,51,9,78.03
2019-06-28 15:00:00,25,23,48,5,83.81
2019-06-28 16:00:00,25,21,50,6,80.01
2019-06-28 17:00:00,21,18,47,4,77.23
2019-06-28 18:00:00,25,24,46,6,82.15
2019-06-28 19:00:00,21,20,40,5,79.95
2019-06-28 20:00:00,31,31,41,7,79.36
2019-06-28 21:00:00,33,29,38,8,88.0
2019-06-28 22:00:00,29,26,48,8,85.44
2019-06-28 23:00:00,19,15,50,6,86.78
2019-06-29 00:00:00,29,29,50,6,75.42
2019-06-29 01:00:00,29,27,39,7,81.06
2019-06-29 02:00:00,27,23,43,10,86.36
2019-06-29 03:00:00,25,25,37,7,85.48
2019-06-29 04:00:00,39,37,39,10,81.16
2019-06-29 05:00:00,27,23,39,4,76.69
2019-06-29 06:00:00,27,25,51,9,84.6
2019-06-29 07:00:00,32,29,43,13,85.62
2019-06-29 08:00:00,24,23,38,6,80.52
2019-06-29 09:00:00,26,24,41,8,83.76
2019-06-29 10:00:00,27,26,50,5,73.97
2019-06-29 11:00:00,25,22,45,5,86.44
2019-06-29 12:00:00,19,17,39,3,83.81
2019-06-29 13:00:00,23,22,51,5,77.23
2019-06-29 14:00:00,33,31,47,8,88.24
2019-06-29 15:00:00,26,26,41,5,72.26
2019-06-29 16:00:00,18,16,44,4,82.12
2019-06-29 17:00:00,31,29,49,8,87.74
2019-06-29 18:00:00,29,25,41,6,93.04
2019-06-29 19:00:00,26,22,47,5,77.7
2019-06-29 20:00:00,23,20,46,8,83.3
2019-06-29 21:00:00,24,21,40,4,81.47
2019-06-29 22:00:00,22,19,40,5,82.17
2019-06-29 23:00:00,32,31,33,12,81.3
2019-06-30 00:00:00,29,26,42,9,84.29
2019-06-30 01:00:00,23,20,35,6,93.39
2019-06-30 02:00:00,24,20,36,3,88.84
2019-06-30 03:00:00,25,23,34,5,73.98
2019-06-30 04:00:00,33,30,43,9,78.25
2019-06-30 05:00:00,33,30,49,9,85.91
2019-06-30 06:00:00,26,24,39,5,75.87
2019-06-30 07:00:00,30,26,50,9,77.34
2019-06-30 08:00:00,27,23,50,4,80.74
2019-06-30 09:00:00,26,24,39,7,85.56
2019-06-30 10:00:00,20,16,34,4,87.61
2019-06-30 11:00:00,32,28,49,6,78.37
2019-06-30 12:00:00,23,23,51,7,70.72
2019-06-30 13:00:00,24,23,44,5,85.89
2019-06-30 14:00:00,19,17,45,6,85.33
2019-06-30 15:00:00,39,38,45,7,81.41
2019-06-30 16:00:00,24,22,46,4,80.73
2019-06-30 17:00:00,24,24,48,7,79.93
2019-06-30 18:00:00,31,29,42,8,82.09
2019-06-30 19:00:00,34,32,39,4,78.64
2019-06-30 20:00:00,24,22,42,7,87.8
2019-06-30 21:00:00,32,32,45,7,69.93
2019-06-30 22:00:00,28,24,47,9,88.16
2019-06-30 23:00:00,35,32,49,10,78.03
2019-07-01 00:00:00,38,37,48,9,70.93
2019-07-01 01:00:00,30,29,46,6,82.89
2019-07-01 02:00:00,30,29,42,9,83.63
2019-07-01 03:00:00,27,24,35,8,80.88
2019-07-01 04:00:00,29,25,49,8,85.58
2019-07-01 05:00:00,23,23,54,6,70.59
2019-07-01 06:00:00,29,27,43,6,87.69
2019-07-01 07:00:00,24,22,50,6,75.72
2019-07-01 08:00:00,28,24,37,8,87.0
2019-07-01 09:00:00,25,25,42,6,80.27
2019-07-01 10:00:00,26,24,38,3,81.81
2019-07-01 11:00:00,19,19,52,5,71.72
2019-07-01 12:00:00,23,19,41,8,92.18
2019-07-01 13:00:00,23,19,45,8,88.74
2019-07-01 14:00:00,28,24,46,7,78.99
2019-07-01 15:00:00,21,19,54,4,88.66
2019-07-01 16:00:00,27,27,40,2,78.22
2019-07-01 17:00:00,30,29,49,5,78.77
2019-07-01 18:00:00,30,29,40,10,74.38
2019-07-01 19:00:00,28,26,44,6,80.42
2019-07-01 20:00:00,24,21,56,5,81.93
2019-07-01 21:00:00,22,19,45,5,78.24
2019-07-01 22:00:00,28,24,49,8,86.47
2019-07-01 23:00:00,24,24,46,5,87.77
2019-07-02 00:00:00,24,23,46,7,84.35
2019-07-02 01:00:00,22,18,48,3,74.75
2019-07-02 02:00:00,30,28,40,8,74.02
2019-07-02 03:00:00,22,19,46,4,83.23
2019-07-02 04:00:00,28,26,36,4,86.34
2019-07-02 05:00:00,21,21,39,7,78.81
2019-07-02 06:00:00,17,17,51,5,80.5
2019-07-02 07:00:00,33,33,40,8,80.3
2019-07-02 08:00:00,21,18,49,7,80.67
2019-07-02 09:00:00,26,23,30,9,84.32
2019-07-02 10:00:00,21,17,41,4,84.39
2019-07-02 11:00:00,21,19,42,6,86.39
2019-07-02 12:00:00,22,21,41,7,75.35
2019-07-02 13:00:00,18,17,44,4,72.29
2019-07-02 14:00:00,25,24,46,5,80.61
2019-07-02 15:00:00,27,24,43,9,79.92
2019-07-02 16:00:00,18,14,46,5,79.6
2019-07-02 17:00:00,21,21,44,5,75.58
2019-07-02 18:00:00,26,26,51,5,84.96
2019-07-02 19:00:00,27,23,52,5,82.21
2019-07-02 20:00:00,29,26,46,9,93.81
2019-07-02 21:00:00,29,28,50,8,79.41
2019-07-02 22:00:00,27,25,45,8,78.09
2019-07-02 23:00:00,25,22,50,6,86.79
2019-07-03 00:00:00,25,24,45,8,90.72
2019-07-03 01:00:00,27,27,44,5,77.51
2019-07-03 02:00:00,33,29,34,8,87.15
2019-07-03 03:00:00,18,14,46,3,76.48
2019-07-03 04:00:00,18,17,46,3,79.45
2019-07-03 05:00:00,28,25,39,6,76.58
2019-07-03 06:00:00,24,23,42,6,82.97
2019-07-03 07:00:00,28,25,37,9,81.05
2019-07-03 08:00:00,25,25,48,7,76.67
2019-07-03 09:00:00,28,24,41,6,87.99
2019-07-03 10:00:00,30,27,48,9,76.15
2019-07-03 11:00:00,28,28,42,6,90.38
2019-07-03 12:00:00,30,28,40,8,84.4
2019-07-03 13:00:00,24,23,50,5,85.63
2019-07-03 14:00:00,33,30,41,8,88.52
2019-07-03 15:00:00,27,26,50,7,85.06
2019-07-03 16:00:00,26,25,41,6,71.8
2019-07-03 17:00:00,20,16,44,4,74.66
2019-07-03 18:00:00,30,29,51,6,75.69
2019-07-03 19:00:00,18,16,46,6,79.21
2019-07-03 20:00:00,19,15,49,5,89.59
2019-07-03 21:00:00,24,23,55,2,73.61
2019-07-03 22:00:00,25,23,44,7,76.46
2019-07-03 23:00:00,28,25,49,7,79.11
2019-07-04 00:00:00,22,22,44,8,80.48
2019-07-04 01:00:00,31,29,45,9,84.07
2019-07-04 02:00:00,27,24,42,8,77.06
2019-07-04 03:00:00,19,16,45,2,90.03
2019-07-04 04:00:00,24,21,39,6,84.74
2019-07-04 05:00:00,23,23,50,5,81.26
2019-07-04 06:00:00,24,23,58,9,81.44
2019-07-04 07:00:00,21,20,46,4,73.26
2019-07-04 08:00:00,19,18,42,2,80.1
2019-07-04 09:00:00,27,25,53,3,81.79
2019-07-04 10:00:00,22,22,43,4,84.06
2019-07-04 11:00:00,25,21,42,8,86.68
2019-07-04 12:00:00,33,33,46,5,87.27
2019-07-04 13:00:00,24,20,43,8,84.15
2019-07-04 14:00:00,25,22,51,12,76.03
2019-07-04 15:00:00,23,22,36,4,86.59
2019-07-04 16:00:00,27,23,46,8,91.21
2019-07-04 17:00:00,30,29,52,6,83.7
2019-07-04 18:00:00,25,25,32,10,88.29
2019-07-04 19:00:00,26,25,53,6,82.09
2019-07-04 20:00:00,23,22,46,8,78.56
2019-07-04 21:00:00,28,26,54,5,78.74
2019-07-04 22:00:00,22,18,53,4,76.0
2019-07-04 23:00:00,22,20,38,6,80.44
2019-07-05 00:00:00,33,33,55,5,73.92
2019-07-05 01:00:00,35,32,39,9,94.34
2019-07-05 02:00:00,25,22,47,5,77.71
2019-07-05 03:00:00,28,27,32,4,86.17
2019-07-05 04:00:00,26,23,48,6,74.73
2019-07-05 05:00:00,22,20,47,3,79.22
2019-07-05 06:00:00,28,27,53,7,79.62
2019-07-05 07:00:00,26,25,48,7,79.13
2019-07-05 08:00:00,29,25,38,4,82.6
2019-07-05 09:00:00,26,25,48,5,85.45
2019-07-05 10:00:00,22,19,42,6,90.48
2019-07-05 11:00:00,27,23,55,8,84.11
2019-07-05 12:00:00,29,27,47,7,80.42
2019-07-05 13:00:00,22,19,43,4,77.02
2019-07-05 14:00:00,24,21,50,7,81.5
2019-07-05 15:00:00,31,28,45,4,75.02
2019-07-05 16:00:00,25,23,54,7,80.37
2019-07-05 17:00:00,25,21,39,3,94.87
2019-07-05 18:00:00,26,22,42,4,91.61
2019-07-05 19:00:00,24,21,50,5,83.77
2019-07-05 20:00:00,34,33,43,12,85.87
2019-07-05 21:00:00,21,20,49,6,77.83
2019-07-05 22:00:00,22,19,48,5,77.92
2019-07-05 23:00:00,22,21,40,4,76.61
2019-07-06 00:00:00,23,21,46,3,80.4
2019-07-06 01:00:00,35,31,44,8,88.02
2019-07-06 02:00:00,25,23,41,5,75.77
2019-07-06 03:00:00,27,24,48,2,85.15
2019-07-06 04:00:00,23,22,41,1,85.08
2019-07-06 05:00:00,27,24,45,7,83.23
2019-07-06 06:00:00,14,12,54,6,78.09
2019-07-06 07:00:00,31,27,46,6,84.92
2019-07-06 08:00:00,36,36,42,10,80.96
2019-07-06 09:00:00,22,19,37,2,85.76
2019-07-06 10:00:00,21,18,37,3,88.08
2019-07-06 11:00:00,22,19,39,6,76.21
2019-07-06 12:00:00,21,18,43,5,84.3
2019-07-06 13:00:00,18,14,32,6,85.85
2019-07-06 14:00:00,30,26,44,9,85.2
2019-07-06 15:00:00,27,25,37,8,83.93
2019-07-06 16:00:00,23,23,44,6,78.32
2019-07-06 17:00:00,31,28,44,7,76.84
2019-07-06 18:00:00,23,21,46,5,73.69
2019-07-06 19:00:00,26,22,45,5,88.06
2019-07-06 20:00:00,23,22,41,6,80.79
2019-07-06 21:00:00,23,19,40,6,84.64
2019-07-06 22:00:00,26,22,38,4,83.63
2019-07-06 23:00:00,32,31,51,7,79.86
2019-07-07 00:00:00,27,26,50,9,86.09
2019-07-07 01:00:00,27,25,42,4,79.89
2019-07-07 02:00:00,21,21,45,7,83.65
2019-07-07 03:00:00,20,20,44,4,79.52
2019-07-07 04:00:00,26,22,51,9,71.79
2019-07-07 05:00:00,18,17,43,4,77.67
2019-07-07 06:00:00,24,20,34,12,88.41
2019-07-07 07:00:00,26,26,47,9,75.39
2019-07-07 08:00:00,30,30,37,11,83.37
2019-07-07 09:00:00,21,18,50,8,83.83
2019-07-07 10:00:00,32,32,39,10,80.47
2019-07-07 11:00:00,24,21,46,8,83.01
2019-07-07 12:00:00,35,31,43,9,85.95
2019-07-07 13:00:00,35,33,43,9,82.9
2019-07-07 14:00:00,34,34,47,5,74.88
2019-07-07 15:00:00,28,25,45,6,87.69
2019-07-07 16:00:00,25,23,42,7,90.85
2019-07-07 17:00:00,22,20,43,6,74.76
2019-07-07 18:00:00,27,23,38,3,80.4
2019-07-07 19:00:00,23,22,45,6,88.82
2019-07-07 20:00:00,25,23,46,4,78.62
2019-07-07 21:00:00,24,20,60,8,85.34
2019-07-07 22:00:00,24,23,45,2,80.14
2019-07-07 23:00:00,20,18,44,2,88.32
2019-07-08 00:00:00,26,22,39,4,81.51
2019-07-08 01:00:00,20,16,43,3,74.36
2019-07-08 02:00:00,21,18,45,6,85.2
2019-07-08 03:00:00,22,18,40,1,88.48
2019-07-08 04:00:00,25,23,48,5,83.47
2019-07-08 05:00:00,31,29,43,5,77.47
2019-07-08 06:00:00,19,19,48,4,78.64
2019-07-08 07:00:00,21,19,40,3,82.7
2019-07-08 08:00:00,28,27,46,6,83.82
2019-07-08 09:00:00,20,20,43,6,83.98
2019-07-08 10:00:00,26,22,51,4,81.96
2019-07-08 11:00:00,22,22,45,3,82.58
2019-07-08 12:00:00,27,26,38,7,77.21
2019-07-08 13:00:00,23,23,43,3,88.17
2019-07-08 14:00:00,28,27,36,8,71.25
2019-07-08 15:00:00,31,27,46,6,92.13
2019-07-08 16:00:00,35,35,51,11,72.51
2019-07-08 17:00:00,20,18,46,3,78.91
2019-07-08 18:00:00,30,28,46,7,73.56
2019-07-08 19:00:00,25,24,46,7,83.36
2019-07-08 20:00:00,28,27,40,7,82.78
2019-07-08 21:00:00,24,23,41,5,77.71
2019-07-08 22:00:00,35,31,47,7,76.06
2019-07-08 23:00:00,24,23,43,7,85.45
2019-07-09 00:00:00,27,25,55,3,80.11
2019-07-09 01:00:00,27,25,52,4,81.75
2019-07-09 02:00:00,29,28,41,4,75.87
2019-07-09 03:00:00,29,26,41,7,85.72
2019-07-09 04:00:00,24,23,38,3,79.21
2019-07-09 05:00:00,25,22,41,6,83.5
2019-07-09 06:00:00,19,19,43,4,76.46
2019-07-09 07:00:00,34,34,46,8,82.25
2019-07-09 08:00:00,24,22,44,3,80.48
2019-07-09 09:00:00,23,23,55,7,71.26
2019-07-09 10:00:00,32,32,49,2,81.73
2019-07-09 11:00:00,17,17,47,4,83.16
2019-07-09 12:00:00,25,21,47,3,77.81
2019-07-09 13:00:00,22,18,34,6,89.76
2019-07-09 14:00:00,20,19,33,5,75.55
2019-07-09 15:00:00,29,26,44,2,84.53
2019-07-09 16:00:00,26,24,49,12,89.94
2019-07-09 17:00:00,29,25,42,1,92.63
2019-07-09 18:00:00,23,19,46,4,77.38
2019-07-09 19:00:00,26,24,48,6,85.36
2019-07-09 20:00:00,32,28,50,4,80.61
2019-07-09 21:00:00,25,23,42,7,76.73
2019-07-09 22:00:00,29,28,43,5,81.97
2019-07-09 23:00:00,30,29,43,4,85.71
2019-07-10 00:00:00,29,29,41,7,79.47
2019-07-10 01:00:00,29,27,45,7,73.93
2019-07-10 02:00:00,26,24,39,2,74.92
2019-07-10 03:00:00,24,23,51,5,84.47
2019-07-10 04:00:00,22,18,44,3,85.33
2019-07-10 05:00:00,29,27,43,4,83.96
2019-07-10 06:00:00,31,29,36,5,75.0
2019-07-10 07:00:00,22,18,38,7,79.56
2019-07-10 08:00:00,22,21,50,6,77.78
2019-07-10 09:00:00,30,28,63,3,75.24
2019-07-10 10:00:00,19,17,48,6,82.01
2019-07-10 11:00:00,21,17,43,3,79.14
2019-07-10 12:00:00,19,19,41,4,78.85
2019-07-10 13:00:00,29,25,39,5,78.74
2019-07-10 14:00:00,25,21,37,4,76.94
2019-07-10 15:00:00,22,22,46,5,73.89
2019-07-10 16:00:00,16,14,45,4,76.99
2019-07-10 17:00:00,31,31,41,9,81.55
2019-07-10 18:00:00,22,19,44,6,77.64
2019-07-10 19:00:00,24,24,46,1,80.75
2019-07-10 20:00:00,21,20,36,5,86.48
2019-07-10 21:00:00,28,26,50,7,81.61
2019-07-10 22:00:00,22,19,52,2,75.56
2019-07-10 23:00:00,26,23,45,4,79.46
2019-07-11 00:00:00,24,24,54,4,85.51
2019-07-11 01:00:00,18,15,48,2,82.12
2019-07-11 02:00:00,26,24,53,4,77.53
2019-07-11 03:00:00,32,30,44,6,78.69
2019-07-11 04:00:00,22,18,50,3,89.78
2019-07-11 05:00:00,33,29,46,4,87.87
2019-07-11 06:00:00,27,26,41,2,80.16
2019-07-11 07:00:00,14,14,48,6,79.07
2019-07-11 08:00:00,25,22,50,3,83.91
2019-07-11 09:00:00,20,16,45,4,79.54
2019-07-11 10:00:00,25,23,44,4,86.21
2019-07-11 11:00:00,22,19,50,4,82.45
2019-07-11 12:00:00,26,26,39,4,74.13
2019-07-11 13:00:00,25,22,41,6,86.67
2019-07-11 14:00:00,26,23,43,4,77.61
2019-07-11 15:00:00,21,20,43,7,71.67
2019-07-11 16:00:00,25,25,39,4,85.35
2019-07-11 17:00:00,26,23,39,3,86.82
2019-07-11 18:00:00,23,21,48,2,77.91
2019-07-11 19:00:00,22,20,43,4,91.2
2019-07-11 20:00:00,20,19,36,3,85.13
2019-07-11 21:00:00,22,18,45,1,72.09
2019-07-11 22:00:00,26,26,48,4,76.03
2019-07-11 23:00:00,30,27,48,5,88.66
2019-07-12 00:00:00,24,23,54,5,91.58
2019-07-12 01:00:00,31,29,43,4,80.91
2019-07-12 02:00:00,21,18,43,3,86.0
2019-07-12 03:00:00,22,20,48,3,78.79
2019-07-12 04:00:00,29,26,45,6,84.3
2019-07-12 05:00:00,24,24,44,1,78.26
2019-07-12 06:00:00,28,26,45,5,73.22
2019-07-12 07:00:00,20,19,47,4,79.85
2019-07-12 08:00:00,23,22,48,6,95.15
2019-07-12 09:00:00,19,18,45,6,78.61
2019-07-12 10:00:00,19,18,37,8,81.35
2019-07-12 11:00:00,13,9,47,4,84.94
2019-07-12 12:00:00,16,13,34,1,81.39
2019-07-12 13:00:00,24,21,42,7,78.46
2019-07-12 14:00:00,29,26,42,9,84.0
2019-07-12 15:00:00,18,14,42,2,85.47
2019-07-12 16:00:00,22,21,49,5,81.25
2019-07-12 17:00:00,30,30,40,6,77.03
2019-07-12 18:00:00,26,25,52,2,79.14
2019-07-12 19:00:00,33,29,39,10,79.03
2019-07-12 20:00:00,30,30,49,5,83.17
2019-07-12 21:00:00,20,16,55,2,84.2
2019-07-12 22:00:00,22,20,38,5,81.97
2019-07-12 23:00:00,32,29,42,7,77.17
2019-07-13 00:00:00,19,16,44,5,75.87
2019-07-13 01:00:00,26,22,47,5,82.13
2019-07-13 02:00:00,21,21,44,3,69.64
2019-07-13 03:00:00,27,25,45,7,83.75
2019-07-13 04:00:00,22,20,46,2,80.24
2019-07-13 05:00:00,30,29,40,11,76.58
2019-07-13 06:00:00,20,19,47,6,73.0
2019-07-13 07:00:00,32,32,49,5,80.39
2019-07-13 08:00:00,30,29,48,6,82.49
2019-07-13 09:00:00,21,18,52,4,89.28
2019-07-13 10:00:00,35,31,41,4,80.16
2019-07-13 11:00:00,27,24,51,5,89.05
2019-07-13 12:00:00,24,22,51,5,82.14
2019-07-13 13:00:00,20,18,42,1,82.36
2019-07-13 14:00:00,23,19,45,7,92.23
2019-07-13 15:00:00,27,27,37,9,82.75
2019-07-13 16:00:00,22,20,42,6,83.48
2019-07-13 17:00:00,28,28,42,6,77.31
2019-07-13 18:00:00,20,17,46,3,75.79
2019-07-13 19:00:00,25,24,39,6,82.95
2019-07-13 20:00:00,31,27,40,8,84.82
2019-07-13 21:00:00,32,31,42,8,79.6
2019-07-13 22:00:00,24,24,38,8,78.58
2019-07-13 23:00:00,31,31,41,6,73.28
2019-07-14 00:00:00,34,31,53,4,79.69
2019-07-14 01:00:00,21,18,41,3,86.53
2019-07-14 02:00:00,22,22,51,5,79.88
2019-07-14 03:00:00,22,19,46,5,75.81
2019-07-14 04:00:00,21,17,47,3,83.21
2019-07-14 05:00:00,20,18,43,4,92.31
2019-07-14 06:00:00,27,23,38,6,93.01
2019-07-14 07:00:00,21,21,53,4,74.65
2019-07-14 08:00:00,36,34,40,6,75.37
2019-07-14 09:00:00,21,21,46,3,76.96
2019-07-14 10:00:00,24,20,47,3,80.34
2019-07-14 11:00:00,21,21,35,4,78.48
2019-07-14 12:00:00,24,21,38,5,74.26
2019-07-14 13:00:00,18,18,48,3,81.55
2019-07-14 14:00:00,21,17,46,9,78.71
2019-07-14 15:00:00,24,21,45,3,82.15
2019-07-14 16:00:00,26,24,48,4,79.5
2019-07-14 17:00:00,28,24,45,5,80.34
2019-07-14 18:00:00,18,17,41,1,73.37
2019-07-14 19:00:00,22,21,48,2,78.12
2019-07-14 20:00:00,24,20,37,5,76.95
2019-07-14 21:00:00,25,21,41,6,76.66
2019-07-14 22:00:00,17,16,49,3,74.45
2019-07-14 23:00:00,25,24,48,5,81.7
2019-07-15 00:00:00,26,25,47,5,71.29
2019-07-15 01:00:00,28,24,54,6,88.4
2019-07-15 02:00:00,25,22,46,1,87.32
2019-07-15 03:00:00,26,26,44,6,89.96
2019-07-15 04:00:00,26,26,52,5,74.86
2019-07-15 05:00:00,23,20,47,7,81.56
2019-07-15 06:00:00,19,19,44,2,77.81
2019-07-15 07:00:00,22,19,47,2,77.22
2019-07-15 08:00:00,32,29,48,3,77.94
2019-07-15 09:00:00,31,31,42,2,86.05
2019-07-15 10:00:00,30,30,39,4,84.44
2019-07-15 11:00:00,20,20,44,3,76.67
2019-07-15 12:00:00,27,25,57,5,83.33
2019-07-15 13:00:00,29,29,55,5,83.21
2019-07-15 14:00:00,21,17,42,5,75.59
2019-07-15 15:00:00,34,30,43,7,81.49
2019-07-15 16:00:00,21,19,46,4,85.77
2019-07-15 17:00:00,26,22,43,4,69.52
2019-07-15 18:00:00,29,29,53,3,78.21
2019-07-15 19:00:00,28,26,45,6,81.64
2019-07-15 20:00:00,24,23,43,4,78.35
2019-07-15 21:00:00,29,28,39,5,77.56
2019-07-15 22:00:00,30,27,54,5,84.26
2019-07-15 23:00:00,29,29,44,7,80.09
2019-07-16 00:00:00,18,15,46,3,70.18
2019-07-16 01:00:00,24,23,48,7,78.78
2019-07-16 02:00:00,27,23,45,3,74.91
2019-07-16 03:00:00,22,20,43,6,81.95
2019-07-16 04:00:00,26,25,44,6,76.21
2019-07-16 05:00:00,18,15,48,3,84.39
2019-07-16 06:00:00,23,19,49,5,70.9
2019-07-16 07:00:00,20,18,32,4,79.95
2019-07-16 08:00:00,26,22,45,6,82.51
2019-07-16 09:00:00,18,17,47,5,72.18
2019-07-16 10:00:00,23,19,50,3,85.56
2019-07-16 11:00:00,25,21,49,2,86.71
2019-07-16 12:00:00,22,19,48,3,83.1
2019-07-16 13:00:00,19,15,48,2,78.38
2019-07-16 14:00:00,24,22,53,9,72.05
2019-07-16 15:00:00,21,20,56,3,76.95
2019-07-16 16:00:00,14,14,42,0,81.33
2019-07-16 17:00:00,17,13,49,2,90.31
2019-07-16 18:00:00,23,22,38,3,82.78
2019-07-16 19:00:00,28,24,50,3,72.97
2019-07-16 20:00:00,25,21,43,3,82.26
2019-07-16 21:00:00,23,20,52,4,83.08
2019-07-16 22:00:00,21,20,44,4,71.8
2019-07-16 23:00:00,30,28,41,6,79.39
2019-07-17 00:00:00,24,24,41,4,84.41
2019-07-17 01:00:00,33,29,49,10,83.63
2019-07-17 02:00:00,24,23,45,3,75.18
2019-07-17 03:00:00,22,21,47,2,83.46
2019-07-17 04:00:00,20,16,40,3,82.29
2019-07-17 05:00:00,22,22,45,0,86.15
2019-07-17 06:00:00,29,25,48,5,74.85
2019-07-17 07:00:00,28,28,56,6,77.4
2019-07-17 08:00:00,24,23,38,0,71.14
2019-07-17 09:00:00,25,21,45,4,78.27
2019-07-17 10:00:00,28,27,41,5,85.03
2019-07-17 11:00:00,28,24,45,3,87.9
2019-07-17 12:00:00,22,18,47,2,92.79
2019-07-17 13:00:00,26,24,51,2,77.89
2019-07-17 14:00:00,19,16,43,2,90.95
2019-07-17 15:00:00,22,18,49,3,88.4
2019-07-17 16:00:00,27,23,51,5,81.25
2019-07-17 17:00:00,26,25,40,2,81.68
2019-07-17 18:00:00,19,19,36,3,77.36
2019-07-17 19:00:00,19,18,38,5,84.72
2019-07-17 20:00:00,26,23,39,4,74.8
2019-07-17 21:00:00,24,20,44,6,78.93
2019-07-17 22:00:00,25,24,47,4,81.56
2019-07-17 23:00:00,14,14,38,0,80.76
2019-07-18 00:00:00,26,23,52,7,82.45
2019-07-18 01:00:00,33,30,53,5,76.38
2019-07-18 02:00:00,18,14,43,3,76.96
2019-07-18 03:00:00,27,24,38,9,79.93
2019-07-18 04:00:00,21,21,49,2,69.77
2019-07-18 05:00:00,22,21,45,4,85.01
2019-07-18 06:00:00,28,25,40,5,86.09
2019-07-18 07:00:00,29,27,53,4,83.96
2019-07-18 08:00:00,31,30,41,6,80.85
2019-07-18 09:00:00,23,23,50,5,78.5
2019-07-18 10:00:00,30,30,42,2,71.23
2019-07-18 11:00:00,25,21,49,7,86.7
2019-07-18 12:00:00,33,30,41,5,82.92
2019-07-18 13:00:00,19,15,49,6,90.71
2019-07-18 14:00:00,24,21,41,5,81.94
2019-07-18 15:00:00,20,19,52,3,79.71
2019-07-18 16:00:00,23,19,46,5,78.51
2019-07-18 17:00:00,31,27,38,5,85.24
2019-07-18 18:00:00,22,18,43,3,85.54
2019-07-18 19:00:00,26,22,44,2,89.45
2019-07-18 20:00:00,24,22,37,5,85.96
2019-07-18 21:00:00,25,23,50,1,79.2
2019-07-18 22:00:00,23,19,48,6,75.94
2019-07-18 23:00:00,26,23,37,5,87.1
2019-07-19 00:00:00,18,14,47,1,80.57
2019-07-19 01:00:00,21,19,39,5,79.43
2019-07-19 02:00:00,28,26,43,2,79.88
2019-07-19 03:00:00,32,28,41,4,92.51
2019-07-19 04:00:00,29,25,43,5,85.14
2019-07-19 05:00:00,27,24,41,2,86.11
2019-07-19 06:00:00,20,18,50,5,88.73
2019-07-19 07:00:00,23,19,48,6,84.3
2019-07-19 08:00:00,34,34,47,3,77.37
2019-07-19 09:00:00,21,17,41,2,76.2
2019-07-19 10:00:00,30,28,47,8,79.19
2019-07-19 11:00:00,28,28,45,6,81.49
2019-07-19 12:00:00,20,20,44,5,82.59
2019-07-19 13:00:00,31,31,47,10,78.4
2019-07-19 14:00:00,14,11,46,0,78.71
2019-07-19 15:00:00,22,18,51,6,81.3
2019-07-19 16:00:00,25,25,48,6,77.89
2019-07-19 17:00:00,22,19,51,3,87.94
2019-07-19 18:00:00,28,26,42,3,87.13
2019-07-19 19:00:00,22,22,53,1,82.12
2019-07-19 20:00:00,26,22,43,5,80.08
2019-07-19 21:00:00,27,27,51,4,80.95
2019-07-19 22:00:00,22,20,48,5,86.78
2019-07-19 23:00:00,25,23,46,8,81.98
2019-07-20 00:00:00,26,26,45,5,81.34
2019-07-20 01:00:00,22,18,55,5,84.96
2019-07-20 02:00:00,28,25,54,6,82.1
2019-07-20 03:00:00,27,27,46,5,82.39
2019-07-20 04:00:00,18,16,46,7,74.55
2019-07-20 05:00:00,29,26,41,1,79.72
2019-07-20 06:00:00,30,26,40,4,88.49
2019-07-20 07:00:00,32,32,43,9,79.32
2019-07-20 08:00:00,22,20,44,2,85.25
2019-07-20 09:00:00,28,25,49,5,79.58
2019-07-20 10:00:00,24,23,55,5,82.79
2019-07-20 11:00:00,23,20,34,6,77.65
2019-07-20 12:00:00,23,21,38,2,82.13
2019-07-20 13:00:00,26,24,47,9,74.34
2019-07-20 14:00:00,20,19,37,3,87.57
2019-07-20 15:00:00,27,26,51,4,84.58
2019-07-20 16:00:00,18,17,49,0,84.82
2019-07-20 17:00:00,19,15,48,3,80.38
2019-07-20 18:00:00,26,24,38,3,81.76
2019-07-20 19:00:00,30,30,39,5,79.33
2019-07-20 20:00:00,25,21,50,1,68.91
2019-07-20 21:00:00,25,23,35,4,77.56
2019-07-20 22:00:00,21,18,46,4,80.41
2019-07-20 23:00:00,20,19,41,4,81.47
2019-07-21 00:00:00,23,20,38,6,80.23
2019-07-21 01:00:00,30,30,44,6,82.89
2019-07-21 02:00:00,22,18,58,5,79.99
2019-07-21 03:00:00,38,35,46,3,87.08
2019-07-21 04:00:00,29,29,48,4,81.75
2019-07-21 05:00:00,19,16,43,1,83.08
2019-07-21 06:00:00,16,14,50,3,76.11
2019-07-21 07:00:00,25,22,51,8,85.91
2019-07-21 08:00:00,27,26,45,5,86.04
2019-07-21 09:00:00,20,19,41,3,86.04
2019-07-21 10:00:00,26,24,47,7,80.67
2019-07-21 11:00:00,24,20,49,4,84.07
2019-07-21 12:00:00,29,28,47,7,81.24
2019-07-21 13:00:00,24,21,43,2,72.06
2019-07-21 14:00:00,25,24,48,2,84.54
2019-07-21 15:00:00,19,17,43,2,79.77
2019-07-21 16:00:00,34,30,52,4,83.15
2019-07-21 17:00:00,31,29,45,7,76.53
2019-07-21 18:00:00,23,20,37,8,73.7
2019-07-21 19:00:00,30,29,49,6,83.68
2019-07-21 20:00:00,20,17,46,3,86.13
2019-07-21 21:00:00,21,20,43,5,79.76
2019-07-21 22:00:00,24,23,44,6,82.28
2019-07-21 23:00:00,20,20,38,1,73.91
2019-07-22 00:00:00,21,19,40,2,81.23
2019-07-22 01:00:00,25,25,41,1,81.6
2019-07-22 02:00:00,24,21,48,3,88.6
2019-07-22 03:00:00,23,20,48,4,82.55
2019-07-22 04:00:00,24,20,38,5,76.22
2019-07-22 05:00:00,20,19,43,3,89.93
2019-07-22 06:00:00,20,20,45,0,82.48
2019-07-22 07:00:00,22,18,49,5,85.19
2019-07-22 08:00:00,18,18,32,3,79.11
2019-07-22 09:00:00,24,21,37,2,75.2
2019-07-22 10:00:00,21,17,41,4,82.95
2019-07-22 11:00:00,38,36,32,5,79.31
2019-07-22 12:00:00,23,19,51,3,87.02
2019-07-22 13:00:00,21,20,46,4,77.8
2019-07-22 14:00:00,21,18,48,3,77.36
2019-07-22 15:00:00,26,24,41,3,82.2
2019-07-22 16:00:00,24,21,46,3,80.18
2019-07-22 17:00:00,20,19,46,0,78.65
2019-07-22 18:00:00,19,16,43,5,80.28
2019-07-22 19:00:00,22,20,50,4,85.8
2019-07-22 20:00:00,25,21,47,3,76.79
2019-07-22 21:00:00,27,23,46,5,82.38
2019-07-22 22:00:00,21,17,43,4,79.26
2019-07-22 23:00:00,21,19,41,0,77.81
2019-07-23 00:00:00,16,12,45,2,78.28
2019-07-23 01:00:00,27,27,47,5,87.33
2019-07-23 02:00:00,24,24,44,4,76.86
2019-07-23 03:00:00,19,15,52,1,83.31
2019-07-23 04:00:00,28,27,43,5,88.15
2019-07-23 05:00:00,28,26,48,5,82.78
2019-07-23 06:00:00,24,23,38,3,71.26
2019-07-23 07:00:00,23,20,41,4,85.69
2019-07-23 08:00:00,22,21,37,1,75.86
2019-07-23 09:00:00,30,29,42,8,71.03
2019-07-23 10:00:00,15,14,51,2,82.53
2019-07-23 11:00:00,18,14,39,0,82.22
2019-07-23 12:00:00,21,18,52,0,81.22
2019-07-23 13:00:00,26,23,43,3,82.9
2019-07-23 14:00:00,24,20,39,0,80.24
2019-07-23 15:00:00,32,32,44,6,81.48
2019-07-23 16:00:00,28,28,44,4,84.05
2019-07-23 17:00:00,17,14,45,2,80.95
2019-07-23 18:00:00,18,16,38,1,79.39
2019-07-23 19:00:00,22,18,44,6,78.61
2019-07-23 20:00:00,28,27,37,0,83.08
2019-07-23 21:00:00,20,18,42,2,87.08
2019-07-23 22:00:00,18,18,41,0,78.77
2019-07-23 23:00:00,36,33,40,5,84.49
2019-07-24 00:00:00,20,20,48,0,77.4
2019-07-24 01:00:00,23,20,51,2,80.84
2019-07-24 02:00:00,22,18,46,3,89.28
2019-07-24 03:00:00,20,17,39,5,79.16
2019-07-24 04:00:00,19,17,44,0,85.04
2019-07-24 05:00:00,21,19,50,3,78.72
2019-07-24 06:00:00,25,23,48,4,71.89
2019-07-24 07:00:00,21,19,56,0,86.38
2019-07-24 08:00:00,16,15,38,1,87.92
2019-07-24 09:00:00,11,11,40,0,77.82
2019-07-24 10:00:00,20,16,49,5,88.53
2019-07-24 11:00:00,24,20,46,1,77.94
2019-07-24 12:00:00,19,15,39,4,89.11
2019-07-24 13:00:00,19,19,41,2,78.34
2019-07-24 14:00:00,29,26,45,2,78.74
2019-07-24 15:00:00,18,14,46,7,77.74
2019-07-24 16:00:00,29,25,47,9,91.15
2019-07-24 17:00:00,24,23,53,6,80.62
2019-07-24 18:00:00,14,10,54,5,89.11
2019-07-24 19:00:00,31,27,39,3,81.82
2019-07-24 20:00:00,24,21,48,3,81.88
2019-07-24 21:00:00,26,22,42,6,77.28
2019-07-24 22:00:00,20,16,52,4,90.68
2019-07-24 23:00:00,22,22,42,3,77.71
2019-07-25 00:00:00,19,18,39,4,82.92
2019-07-25 01:00:00,19,19,50,2,73.24
2019-07-25 02:00:00,25,21,51,3,81.65
2019-07-25 03:00:00,18,17,40,2,82.22
2019-07-25 04:00:00,23,20,50,1,80.88
2019-07-25 05:00:00,28,28,39,3,77.18
2019-07-25 06:00:00,28,25,41,5,70.95
2019-07-25 07:00:00,29,25,35,4,83.59
2019-07-25 08:00:00,27,23,49,6,82.45
2019-07-25 09:00:00,26,25,46,4,75.18
2019-07-25 10:00:00,27,24,42,4,83.36
2019-07-25 11:00:00,18,14,43,2,88.92
2019-07-25 12:00:00,18,15,45,1,76.04
2019-07-25 13:00:00,19,16,45,3,73.58
2019-07-25 14:00:00,33,32,47,6,72.91
2019-07-25 15:00:00,27,26,39,4,79.41
2019-07-25 16:00:00,27,23,48,3,78.14
2019-07-25 17:00:00,30,26,45,4,88.29
2019-07-25 18:00:00,28,25,37,7,76.81
2019-07-25 19:00:00,37,37,54,7,81.11
2019-07-25 20:00:00,18,14,40,4,78.18
2019-07-25 21:00:00,30,27,40,2,80.22
2019-07-25 22:00:00,20,17,40,3,77.2
2019-07-25 23:00:00,19,17,41,2,83.71
2019-07-26 00:00:00,26,24,40,1,84.05
2019-07-26 01:00:00,28,28,42,8,82.81
2019-07-26 02:00:00,25,24,48,1,79.28
2019-07-26 03:00:00,28,28,45,5,71.03
2019-07-26 04:00:00,36,36,40,7,76.33
2019-07-26 05:00:00,26,22,47,0,91.69
2019-07-26 06:00:00,24,21,51,5,81.08
2019-07-26 07:00:00,18,18,43,1,78.07
2019-07-26 08:00:00,33,32,44,6,87.45
2019-07-26 09:00:00,28,25,43,6,82.39
2019-07-26 10:00:00,20,16,40,2,81.8
2019-07-26 11:00:00,25,23,34,4,83.78
2019-07-26 12:00:00,24,24,43,2,87.57
2019-07-26 13:00:00,17,14,59,2,76.51
2019-07-26 14:00:00,26,24,43,3,74.97
2019-07-26 15:00:00,28,24,39,3,79.66
2019-07-26 16:00:00,39,38,48,5,80.81
2019-07-26 17:00:00,28,24,44,1,85.33
2019-07-26 18:00:00,30,29,47,1,87.29
2019-07-26 19:00:00,23,22,46,0,77.45
2019-07-26 20:00:00,26,25,43,1,78.37
2019-07-26 21:00:00,16,12,45,1,88.67
2019-07-26 22:00:00,22,22,52,2,81.63
2019-07-26 23:00:00,20,18,44,1,79.98
2019-07-27 00:00:00,24,21,52,4,81.15
2019-07-27 01:00:00,24,24,47,4,86.87
2019-07-27 02:00:00,24,24,49,5,93.45
2019-07-27 03:00:00,28,25,48,6,90.27
2019-07-27 04:00:00,21,18,43,2,82.63
2019-07-27 05:00:00,23,21,51,2,83.28
2019-07-27 06:00:00,27,27,47,3,84.52
2019-07-27 07:00:00,16,14,42,4,74.12
2019-07-27 08:00:00,33,33,38,5,78.68
2019-07-27 09:00:00,24,21,48,8,78.89
2019-07-27 10:00:00,20,19,37,1,82.6
2019-07-27 11:00:00,11,9,40,1,75.56
2019-07-27 12:00:00,17,15,38,2,90.2
2019-07-27 13:00:00,19,18,49,0,81.95
2019-07-27 14:00:00,19,19,47,0,78.25
2019-07-27 15:00:00,26,25,46,2,80.0
2019-07-27 16:00:00,15,14,46,4,84.53
2019-07-27 17:00:00,18,14,45,2,75.7
2019-07-27 18:00:00,15,15,53,4,76.08
2019-07-27 19:00:00,18,17,38,3,84.66
2019-07-27 20:00:00,19,18,51,1,77.38
2019-07-27 21:00:00,23,19,44,3,88.48
2019-07-27 22:00:00,26,22,53,8,81.88
2019-07-27 23:00:00,15,11,47,0,81.94
2019-07-28 00:00:00,25,22,49,6,79.31
2019-07-28 01:00:00,21,19,46,2,84.77
2019-07-28 02:00:00,22,18,40,4,84.65
2019-07-28 03:00:00,19,19,45,0,78.64
2019-07-28 04:00:00,25,22,45,2,86.44
2019-07-28 05:00:00,23,21,48,5,75.16
2019-07-28 06:00:00,21,18,48,4,79.42
2019-07-28 07:00:00,14,10,50,1,80.14
2019-07-28 08:00:00,22,21,47,2,75.97
2019-07-28 09:00:00,23,22,44,2,81.72
2019-07-28 10:00:00,20,17,40,5,75.84
2019-07-28 11:00:00,28,26,48,3,76.76
2019-07-28 12:00:00,16,14,39,5,80.88
2019-07-28 13:00:00,28,28,47,2,74.09
2019-07-28 14:00:00,28,24,50,1,86.01
2019-07-28 15:00:00,18,17,47,1,87.89
2019-07-28 16:00:00,16,14,40,1,84.15
2019-07-28 17:00:00,20,20,44,1,79.12
2019-07-28 18:00:00,16,13,45,2,76.87
2019-07-28 19:00:00,27,27,44,4,77.23
2019-07-28 20:00:00,28,27,46,2,76.15
2019-07-28 21:00:00,29,25,48,9,88.9
2019-07-28 22:00:00,22,22,43,1,81.76
2019-07-28 23:00:00,19,16,48,4,81.23
2019-07-29 00:00:00,14,14,47,0,83.4
2019-07-29 01:00:00,32,29,49,8,73.32
2019-07-29 02:00:00,29,29,43,2,78.98
2019-07-29 03:00:00,26,25,46,3,91.47
2019-07-29 04:00:00,20,18,42,1,83.53
2019-07-29 05:00:00,23,19,44,4,73.29
2019-07-29 06:00:00,27,24,42,9,79.9
2019-07-29 07:00:00,23,22,41,4,80.22
2019-07-29 08:00:00,16,13,52,1,85.94
2019-07-29 09:00:00,24,22,47,0,72.91
2019-07-29 10:00:00,31,28,40,3,82.41
2019-07-29 11:00:00,25,23,44,5,79.07
2019-07-29 12:00:00,20,18,40,1,82.47
2019-07-29 13:00:00,9,6,45,0,85.95
2019-07-29 14:00:00,23,22,43,7,83.7
2019-07-29 15:00:00,23,23,45,4,81.8
2019-07-29 16:00:00,24,23,35,4,68.66
2019-07-29 17:00:00,21,20,36,1,75.15
2019-07-29 18:00:00,26,25,44,2,75.27
2019-07-29 19:00:00,17,14,48,4,93.44
2019-07-29 20:00:00,14,14,45,0,81.95
2019-07-29 21:00:00,21,21,41,5,78.02
2019-07-29 22:00:00,25,23,40,6,84.41
2019-07-29 23:00:00,23,23,51,3,76.21
2019-07-30 00:00:00,22,21,40,4,81.07
2019-07-30 01:00:00,21,18,46,1,87.02
2019-07-30 02:00:00,17,17,38,4,83.45
2019-07-30 03:00:00,21,19,43,4,91.4
2019-07-30 04:00:00,26,26,49,3,81.3
2019-07-30 05:00:00,23,20,38,6,82.65
2019-07-30 06:00:00,24,23,40,5,90.45
2019-07-30 07:00:00,24,24,50,3,77.26
2019-07-30 08:00:00,19,16,51,0,95.28
2019-07-30 09:00:00,26,24,50,0,80.39
2019-07-30 10:00:00,24,23,46,7,80.91
2019-07-30 11:00:00,29,27,36,2,82.85
2019-07-30 12:00:00,27,23,41,3,75.38
2019-07-30 13:00:00,31,29,47,9,80.21
2019-07-30 14:00:00,24,22,39,1,76.93
2019-07-30 15:00:00,15,15,39,1,83.17
2019-07-30 16:00:00,14,14,51,2,77.8
2019-07-30 17:00:00,20,18,40,1,81.28
2019-07-30 18:00:00,25,22,52,4,81.07
2019-07-30 19:00:00,21,17,48,5,78.86
2019-07-30 20:00:00,14,14,48,0,84.47
2019-07-30 21:00:00,28,27,45,2,86.62
2019-07-30 22:00:00,16,13,57,1,75.54
2019-07-30 23:00:00,23,23,47,3,78.47
2019-07-31 00:00:00,34,33,43,5,80.4
2019-07-31 01:00:00,23,22,44,3,70.98
2019-07-31 02:00:00,26,24,46,2,82.14
2019-07-31 03:00:00,18,14,46,3,85.17
2019-07-31 04:00:00,28,28,46,5,81.25
2019-07-31 05:00:00,22,20,47,4,79.87
2019-07-31 06:00:00,21,19,47,1,84.31
2019-07-31 07:00:00,27,23,36,4,84.46
2019-07-31 08:00:00,30,27,47,3,74.28
2019-07-31 09:00:00,21,19,50,2,85.97
2019-07-31 10:00:00,13,10,45,0,83.36
2019-07-31 11:00:00,21,17,46,3,88.49
2019-07-31 12:00:00,18,16,45,3,80.01
2019-07-31 13:00:00,24,24,45,2,89.34
2019-07-31 14:00:00,14,11,47,0,84.56
2019-07-31 15:00:00,20,16,45,3,88.77
2019-07-31 16:00:00,29,28,45,2,79.19
2019-07-31 17:00:00,13,11,43,2,85.34
2019-07-31 18:00:00,19,17,41,3,83.44
2019-07-31 19:00:00,21,19,37,2,83.86
2019-07-31 20:00:00,13,13,43,3,84.52
2019-07-31 21:00:00,23,23,43,0,78.43
2019-07-31 22:00:00,39,38,53,9,72.02
2019-07-31 23:00:00,34,32,47,4,87.7
2019-08-01 00:00:00,13,9,44,1,80.59
2019-08-01 01:00:00,26,26,46,2,78.8
2019-08-01 02:00:00,23,23,46,4,80.45
2019-08-01 03:00:00,18,17,49,0,80.05
2019-08-01 04:00:00,18,14,42,2,85.2
2019-08-01 05:00:00,19,16,48,3,70.28
2019-08-01 06:00:00,22,22,41,2,82.31
2019-08-01 07:00:00,23,19,43,0,87.81
2019-08-01 08:00:00,18,15,40,2,82.28
2019-08-01 09:00:00,18,18,38,0,83.48
2019-08-01 10:00:00,17,17,55,1,78.45
2019-08-01 11:00:00,22,18,46,2,78.86
2019-08-01 12:00:00,21,21,45,3,82.04
2019-08-01 13:00:00,14,11,42,0,79.12
2019-08-01 14:00:00,30,30,50,3,76.56
2019-08-01 15:00:00,24,22,46,3,81.14
2019-08-01 16:00:00,18,15,44,0,76.82
2019-08-01 17:00:00,14,10,39,1,85.84
2019-08-01 18:00:00,24,20,50,1,83.16
2019-08-01 19:00:00,27,27,44,4,87.65
2019-08-01 20:00:00,15,12,41,1,76.07
2019-08-01 21:00:00,33,29,43,4,84.27
2019-08-01 22:00:00,18,16,53,2,81.0
2019-08-01 23:00:00,26,25,50,0,85.95
2019-08-02 00:00:00,18,16,43,3,88.07
2019-08-02 01:00:00,17,15,58,2,79.42
2019-08-02 02:00:00,18,15,45,0,82.2
2019-08-02 03:00:00,30,30,37,0,77.42
2019-08-02 04:00:00,29,25,45,5,87.23
2019-08-02 05:00:00,18,18,42,0,83.3
2019-08-02 06:00:00,27,24,48,2,80.37
2019-08-02 07:00:00,27,24,44,1,76.67
2019-08-02 08:00:00,21,17,41,3,80.26
2019-08-02 09:00:00,15,13,47,0,89.41
2019-08-02 10:00:00,23,20,37,2,79.25
2019-08-02 11:00:00,20,16,46,0,80.31
2019-08-02 12:00:00,32,30,56,4,77.67
2019-08-02 13:00:00,21,20,50,2,83.15
2019-08-02 14:00:00,26,25,39,4,76.56
2019-08-02 15:00:00,25,22,52,3,86.05
2019-08-02 16:00:00,26,22,45,5,84.0
2019-08-02 17:00:00,31,30,41,3,81.46
2019-08-02 18:00:00,15,15,45,1,84.06
2019-08-02 19:00:00,16,16,50,1,78.87
2019-08-02 20:00:00,26,22,42,0,89.65
2019-08-02 21:00:00,22,22,37,0,79.21
2019-08-02 22:00:00,29,26,40,2,76.39
2019-08-02 23:00:00,22,21,45,0,79.97
2019-08-03 00:00:00,20,19,40,0,74.59
2019-08-03 01:00:00,21,17,45,1,88.72
2019-08-03 02:00:00,17,15,43,3,82.49
2019-08-03 03:00:00,34,33,39,3,77.66
2019-08-03 04:00:00,30,28,47,6,85.0
2019-08-03 05:00:00,18,16,47,0,82.06
2019-08-03 06:00:00,24,20,46,6,82.1
2019-08-03 07:00:00,27,25,36,3,77.24
2019-08-03 08:00:00,26,24,39,8,80.94
2019-08-03 09:00:00,24,20,48,2,74.93
2019-08-03 10:00:00,18,14,43,0,90.15
2019-08-03 11:00:00,17,13,48,4,75.41
2019-08-03 12:00:00,14,10,40,0,86.63
2019-08-03 13:00:00,23,19,39,0,78.94
2019-08-03 14:00:00,19,19,42,2,79.74
2019-08-03 15:00:00,25,22,44,4,86.62
2019-08-03 16:00:00,26,25,47,1,86.48
2019-08-03 17:00:00,19,15,45,3,93.1
2019-08-03 18:00:00,20,18,47,3,87.79
2019-08-03 19:00:00,20,19,47,0,78.06
2019-08-03 20:00:00,31,27,41,7,79.74
2019-08-03 21:00:00,19,19,51,1,82.62
2019-08-03 22:00:00,27,25,42,1,82.19
2019-08-03 23:00:00,22,22,40,1,78.96
2019-08-04 00:00:00,14,11,46,0,76.37
2019-08-04 01:00:00,16,13,43,0,83.33
2019-08-04 02:00:00,19,15,51,4,81.29
2019-08-04 03:00:00,28,25,43,4,87.7
2019-08-04 04:00:00,27,23,41,4,90.18
2019-08-04 05:00:00,14,10,42,0,76.62
2019-08-04 06:00:00,16,13,46,2,81.66
2019-08-04 07:00:00,21,18,46,4,80.85
2019-08-04 08:00:00,25,25,39,4,80.91
2019-08-04 09:00:00,20,20,45,1,78.37
2019-08-04 10:00:00,31,31,42,5,83.81
2019-08-04 11:00:00,22,20,44,5,78.85
2019-08-04 12:00:00,22,20,43,2,86.18
2019-08-04 13:00:00,23,22,46,7,79.69
2019-08-04 14:00:00,27,23,48,3,86.03
2019-08-04 15:00:00,31,27,45,6,76.9
2019-08-04 16:00:00,35,33,52,5,80.71
2019-08-04 17:00:00,22,20,52,3,84.31
2019-08-04 18:00:00,19,15,47,1,83.74
2019-08-04 19:00:00,19,18,49,0,74.71
2019-08-04 20:00:00,21,18,39,0,83.35
2019-08-04 21:00:00,17,16,44,0,66.64
2019-08-04 22:00:00,23,21,38,5,72.77
2019-08-04 23:00:00,23,21,44,4,80.51
2019-08-05 00:00:00,22,19,42,2,76.2
2019-08-05 01:00:00,15,12,44,0,82.35
2019-08-05 02:00:00,32,31,42,4,73.13
2019-08-05 03:00:00,29,25,44,9,92.79
2019-08-05 04:00:00,30,26,47,2,79.05
2019-08-05 05:00:00,17,17,40,0,86.26
2019-08-05 06:00:00,20,19,45,1,81.22
2019-08-05 07:00:00,17,15,46,2,81.63
2019-08-05 08:00:00,16,16,42,3,78.63
2019-08-05 09:00:00,23,22,39,0,85.44
2019-08-05 10:00:00,20,16,45,0,86.16
2019-08-05 11:00:00,18,15,49,0,81.85
2019-08-05 12:00:00,25,23,47,2,82.09
2019-08-05 13:00:00,18,18,41,0,86.85
2019-08-05 14:00:00,23,20,42,1,82.22
2019-08-05 15:00:00,14,12,42,0,81.17
2019-08-05 16:00:00,27,23,38,4,77.62
2019-08-05 17:00:00,25,21,54,0,83.41
2019-08-05 18:00:00,21,17,46,6,83.08
2019-08-05 19:00:00,21,20,49,3,86.36
2019-08-05 20:00:00,20,18,44,2,83.73
2019-08-05 21:00:00,27,26,38,0,83.52
2019-08-05 22:00:00,25,21,48,2,89.0
2019-08-05 23:00:00,31,29,52,2,76.3
2019-08-06 00:00:00,27,25,40,5,84.4
2019-08-06 01:00:00,16,12,37,0,75.11
2019-08-06 02:00:00,30,29,46,2,71.89
2019-08-06 03:00:00,23,23,55,2,77.05
2019-08-06 04:00:00,19,15,45,3,81.16
2019-08-06 05:00:00,24,20,41,0,73.87
2019-08-06 06:00:00,21,21,51,0,75.84
2019-08-06 07:00:00,20,20,44,6,77.76
2019-08-06 08:00:00,29,27,42,3,77.36
2019-08-06 09:00:00,26,26,47,2,85.02
2019-08-06 10:00:00,21,19,49,1,85.31
2019-08-06 11:00:00,18,18,37,0,78.77
2019-08-06 12:00:00,35,34,47,8,83.46
2019-08-06 13:00:00,21,19,39,3,82.44
2019-08-06 14:00:00,26,25,40,0,72.34
2019-08-06 15:00:00,20,20,48,4,85.86
2019-08-06 16:00:00,30,29,43,3,83.71
2019-08-06 17:00:00,18,14,40,0,80.23
2019-08-06 18:00:00,17,17,49,1,90.13
2019-08-06 19:00:00,18,16,47,2,77.98
2019-08-06 20:00:00,19,19,45,0,75.69
2019-08-06 21:00:00,18,15,42,0,86.21
2019-08-06 22:00:00,34,30,42,1,79.76
2019-08-06 23:00:00,20,18,37,3,83.65
2019-08-07 00:00:00,20,20,53,1,68.54
2019-08-07 01:00:00,15,11,46,3,84.15
2019-08-07 02:00:00,19,17,39,5,81.65
2019-08-07 03:00:00,29,25,55,4,87.4
2019-08-07 04:00:00,24,22,43,5,75.88
2019-08-07 05:00:00,18,14,48,2,86.18
2019-08-07 06:00:00,17,15,42,0,80.62
2019-08-07 07:00:00,18,16,44,2,83.81
2019-08-07 08:00:00,25,22,44,2,81.26
2019-08-07 09:00:00,18,16,47,4,80.2
2019-08-07 10:00:00,19,16,50,0,81.5
2019-08-07 11:00:00,23,23,43,3,79.53
2019-08-07 12:00:00,24,24,44,3,70.14
2019-08-07 13:00:00,17,13,52,0,82.34
2019-08-07 14:00:00,20,19,47,2,76.55
2019-08-07 15:00:00,25,24,44,4,80.65
2019-08-07 16:00:00,20,20,50,1,88.87
2019-08-07 17:00:00,26,23,43,0,88.09
2019-08-07 18:00:00,17,15,42,0,83.63
2019-08-07 19:00:00,18,14,46,1,74.9
2019-08-07 20:00:00,32,30,45,5,77.18
2019-08-07 21:00:00,21,19,42,6,79.0
2019-08-07 22:00:00,42,41,46,8,85.3
2019-08-07 23:00:00,11,11,37,1,82.47
2019-08-08 00:00:00,25,22,42,5,89.03
2019-08-08 01:00:00,19,18,38,0,83.2
2019-08-08 02:00:00,16,14,39,0,84.89
2019-08-08 03:00:00,18,16,36,5,83.16
2019-08-08 04:00:00,23,23,44,0,81.18
2019-08-08 05:00:00,16,13,42,3,73.86
2019-08-08 06:00:00,26,26,46,3,77.83
2019-08-08 07:00:00,28,24,47,3,86.92
2019-08-08 08:00:00,16,12,51,1,90.43
2019-08-08 09:00:00,23,22,41,0,78.77
2019-08-08 10:00:00,16,16,46,1,84.96
2019-08-08 11:00:00,30,28,43,4,78.69
2019-08-08 12:00:00,22,18,46,2,80.92
2019-08-08 13:00:00,25,24,46,2,69.61
2019-08-08 14:00:00,33,29,43,2,89.16
2019-08-08 15:00:00,22,18,44,1,84.47
2019-08-08 16:00:00,23,19,37,1,79.41
2019-08-08 17:00:00,14,10,47,0,91.62
2019-08-08 18:00:00,23,23,35,1,79.52
2019-08-08 19:00:00,18,16,47,0,88.46
2019-08-08 20:00:00,21,21,37,2,73.15
2019-08-08 21:00:00,20,19,48,0,86.7
2019-08-08 22:00:00,30,29,47,3,85.53
2019-08-08 23:00:00,28,27,41,5,80.3
2019-08-09 00:00:00,12,10,35,2,79.43
2019-08-09 01:00:00,25,25,47,3,76.05
2019-08-09 02:00:00,11,10,37,0,86.28
2019-08-09 03:00:00,21,21,49,4,76.59
2019-08-09 04:00:00,21,19,38,1,69.96
2019-08-09 05:00:00,19,17,37,4,87.35
2019-08-09 06:00:00,17,16,43,0,82.21
2019-08-09 07:00:00,24,24,37,4,78.83
2019-08-09 08:00:00,13,10,43,2,80.52
2019-08-09 09:00:00,23,21,36,1,93.55
2019-08-09 10:00:00,28,27,46,4,79.36
2019-08-09 11:00:00,20,18,40,2,79.63
2019-08-09 12:00:00,19,19,55,3,78.45
2019-08-09 13:00:00,24,21,45,4,78.68
2019-08-09 14:00:00,18,15,46,3,80.29
2019-08-09 15:00:00,26,23,45,5,83.7
2019-08-09 16:00:00,25,22,36,1,79.82
2019-08-09 17:00:00,27,23,46,4,73.69
2019-08-09 18:00:00,17,17,33,2,73.15
2019-08-09 19:00:00,21,18,55,2,85.07
2019-08-09 20:00:00,19,19,35,2,74.07
2019-08-09 21:00:00,20,16,37,1,84.94
2019-08-09 22:00:00,24,23,47,0,86.91
2019-08-09 23:00:00,33,29,48,2,85.54
2019-08-10 00:00:00,26,24,51,4,82.02
2019-08-10 01:00:00,23,23,51,1,80.29
2019-08-10 02:00:00,24,23,40,3,81.32
2019-08-10 03:00:00,18,15,34,1,81.77
2019-08-10 04:00:00,25,24,46,0,74.82
2019-08-10 05:00:00,23,19,39,0,82.02
2019-08-10 06:00:00,20,17,42,0,86.53
2019-08-10 07:00:00,21,17,44,2,88.2
2019-08-10 08:00:00,26,24,51,8,80.27
2019-08-10 09:00:00,27,24,47,1,84.54
2019-08-10 10:00:00,18,18,42,3,82.05
2019-08-10 11:00:00,24,21,40,5,82.68
2019-08-10 12:00:00,20,19,38,5,81.5
2019-08-10 13:00:00,24,23,56,1,81.63
2019-08-10 14:00:00,28,25,43,9,81.74
2019-08-10 15:00:00,17,16,47,4,80.61
2019-08-10 16:00:00,21,17,50,0,86.49
2019-08-10 17:00:00,20,20,45,0,75.92
2019-08-10 18:00:00,25,23,49,4,74.83
2019-08-10 19:00:00,13,9,43,0,79.29
2019-08-10 20:00:00,12,10,50,1,80.29
2019-08-10 21:00:00,20,20,51,0,80.15
2019-08-10 22:00:00,19,16,40,0,83.17
2019-08-10 23:00:00,20,19,44,5,77.64
2019-08-11 00:00:00,21,18,47,1,91.0
2019-08-11 01:00:00,31,28,46,7,84.94
2019-08-11 02:00:00,22,22,45,1,78.2
2019-08-11 03:00:00,21,17,48,0,80.93
2019-08-11 04:00:00,20,20,52,0,79.22
2019-08-11 05:00:00,24,21,36,0,85.5
2019-08-11 06:00:00,18,16,40,2,88.44
2019-08-11 07:00:00,22,22,37,2,88.04
2019-08-11 08:00:00,21,17,51,5,86.49
2019-08-11 09:00:00,18,18,45,4,75.82
2019-08-11 10:00:00,21,20,43,2,87.74
2019-08-11 11:00:00,21,17,43,0,81.89
2019-08-11 12:00:00,21,20,38,1,80.47
2019-08-11 13:00:00,24,22,47,3,81.76
2019-08-11 14:00:00,16,13,52,1,78.87
2019-08-11 15:00:00,18,17,48,1,80.33
2019-08-11 16:00:00,25,24,41,0,76.92
2019-08-11 17:00:00,22,19,39,0,87.69
2019-08-11 18:00:00,26,24,47,0,75.36
2019-08-11 19:00:00,21,18,40,4,89.78
2019-08-11 20:00:00,26,25,42,5,83.57
2019-08-11 21:00:00,22,22,40,3,80.93
2019-08-11 22:00:00,22,21,46,3,77.33
2019-08-11 23:00:00,18,15,37,0,91.03
2019-08-12 00:00:00,24,20,56,6,91.61
2019-08-12 01:00:00,30,26,40,4,83.83
2019-08-12 02:00:00,32,29,38,2,77.47
2019-08-12 03:00:00,25,21,56,3,79.78
2019-08-12 04:00:00,17,14,41,1,81.9
2019-08-12 05:00:00,32,32,45,3,76.21
2019-08-12 06:00:00,19,16,52,2,81.67
2019-08-12 07:00:00,24,24,40,2,75.58
2019-08-12 08:00:00,22,18,38,1,80.86
2019-08-12 09:00:00,15,13,41,0,83.15
2019-08-12 10:00:00,27,23,40,2,81.13
2019-08-12 11:00:00,26,23,58,3,79.61
2019-08-12 12:00:00,16,12,47,1,81.68
2019-08-12 13:00:00,27,25,45,3,77.95
2019-08-12 14:00:00,20,16,46,0,79.77
2019-08-12 15:00:00,29,27,39,5,93.24
2019-08-12 16:00:00,19,18,45,0,77.58
2019-08-12 17:00:00,21,18,43,2,83.91
2019-08-12 18:00:00,24,21,47,0,77.44
2019-08-12 19:00:00,31,29,42,6,72.43
2019-08-12 20:00:00,18,18,41,0,76.23
2019-08-12 21:00:00,22,20,37,0,81.05
2019-08-12 22:00:00,26,25,57,7,76.97
2019-08-12 23:00:00,23,20,46,1,73.76
2019-08-13 00:00:00,27,24,40,3,79.85
2019-08-13 01:00:00,30,26,42,8,83.03
2019-08-13 02:00:00,30,28,40,3,84.9
2019-08-13 03:00:00,27,26,55,0,80.26
2019-08-13 04:00:00,22,18,45,1,78.77
2019-08-13 05:00:00,14,14,41,4,85.66
2019-08-13 06:00:00,20,16,50,1,92.28
2019-08-13 07:00:00,17,16,30,4,81.95
2019-08-13 08:00:00,21,19,44,2,88.52
2019-08-13 09:00:00,26,26,40,4,83.57
2019-08-13 10:00:00,19,16,42,4,91.75
2019-08-13 11:00:00,15,11,46,0,83.5
2019-08-13 12:00:00,24,23,39,1,85.12
2019-08-13 13:00:00,28,26,47,7,88.11
2019-08-13 14:00:00,23,19,39,3,83.1
2019-08-13 15:00:00,30,29,37,7,84.32
2019-08-13 16:00:00,24,24,41,3,80.48
2019-08-13 17:00:00,22,18,48,1,79.52
2019-08-13 18:00:00,28,24,48,3,75.82
2019-08-13 19:00:00,15,13,43,0,87.51
2019-08-13 20:00:00,21,20,45,2,88.47
2019-08-13 21:00:00,26,25,53,2,79.92
2019-08-13 22:00:00,22,19,50,0,77.97
2019-08-13 23:00:00,20,17,41,3,84.9
2019-08-14 00:00:00,14,13,35,0,82.73
2019-08-14 01:00:00,26,22,48,0,75.25
2019-08-14 02:00:00,15,15,42,1,87.12
2019-08-14 03:00:00,23,20,35,2,78.99
2019-08-14 04:00:00,24,21,45,0,80.61
2019-08-14 05:00:00,20,20,47,0,76.59
2019-08-14 06:00:00,17,15,40,1,76.3
2019-08-14 07:00:00,26,22,52,1,73.06
2019-08-14 08:00:00,30,27,44,5,82.92
2019-08-14 09:00:00,22,20,46,3,75.7
2019-08-14 10:00:00,20,19,39,0,83.89
2019-08-14 11:00:00,23,20,45,3,82.01
2019-08-14 12:00:00,19,19,42,1,79.37
2019-08-14 13:00:00,17,16,55,0,79.32
2019-08-14 14:00:00,20,19,42,0,83.23
2019-08-14 15:00:00,27,23,43,2,83.33
2019-08-14 16:00:00,19,17,38,2,87.96
2019-08-14 17:00:00,13,9,52,3,78.71
2019-08-14 18:00:00,24,23,42,0,90.84
2019-08-14 19:00:00,11,7,37,0,90.66
2019-08-14 20:00:00,19,19,48,0,85.83
2019-08-14 21:00:00,21,18,48,3,80.93
2019-08-14 22:00:00,23,23,41,4,84.45
2019-08-14 23:00:00,15,14,38,0,83.53
2019-08-15 00:00:00,25,21,44,4,79.21
2019-08-15 01:00:00,26,24,42,4,77.24
2019-08-15 02:00:00,24,22,42,2,80.63
2019-08-15 03:00:00,16,15,47,2,72.45
2019-08-15 04:00:00,21,18,47,1,78.53
2019-08-15 05:00:00,30,26,44,2,80.66
2019-08-15 06:00:00,22,22,38,0,81.87
2019-08-15 07:00:00,17,17,34,1,81.73
2019-08-15 08:00:00,25,23,44,3,72.86
2019-08-15 09:00:00,21,21,34,2,87.45
2019-08-15 10:00:00,29,26,40,1,75.46
2019-08-15 11:00:00,14,13,45,3,72.47
2019-08-15 12:00:00,13,9,45,1,86.13
2019-08-15 13:00:00,21,21,43,1,85.82
2019-08-15 14:00:00,16,15,44,3,81.18
2019-08-15 15:00:00,24,20,46,1,85.26
2019-08-15 16:00:00,30,29,37,4,84.3
2019-08-15 17:00:00,24,24,39,4,80.17
2019-08-15 18:00:00,21,20,47,3,82.51
2019-08-15 19:00:00,15,12,46,1,79.76
2019-08-15 20:00:00,19,17,42,2,80.3
2019-08-15 21:00:00,19,15,49,2,86.45
2019-08-15 22:00:00,20,16,51,2,88.99
2019-08-15 23:00:00,22,19,40,3,81.04
2019-08-16 00:00:00,19,18,49,3,76.38
2019-08-16 01:00:00,18,14,42,5,96.15
2019-08-16 02:00:00,20,18,35,1,82.8
2019-08-16 03:00:00,25,25,45,6,71.27
2019-08-16 04:00:00,23,19,49,8,80.15
2019-08-16 05:00:00,22,19,41,2,70.71
2019-08-16 06:00:00,24,21,50,2,83.0
2019-08-16 07:00:00,31,29,43,2,82.31
2019-08-16 08:00:00,21,18,48,0,82.29
2019-08-16 09:00:00,22,21,48,1,78.75
2019-08-16 10:00:00,26,22,44,3,82.43
2019-08-16 11:00:00,13,9,55,0,85.89
2019-08-16 12:00:00,25,21,51,3,87.69
2019-08-16 13:00:00,27,26,35,3,79.51
2019-08-16 14:00:00,21,20,34,0,82.24
2019-08-16 15:00:00,25,21,46,0,86.54
2019-08-16 16:00:00,22,18,33,4,88.91
2019-08-16 17:00:00,23,20,44,4,79.4
2019-08-16 18:00:00,24,24,49,2,88.77
2019-08-16 19:00:00,14,13,47,1,85.3
2019-08-16 20:00:00,24,21,41,0,82.02
2019-08-16 21:00:00,16,12,50,2,82.53
2019-08-16 22:00:00,19,15,43,0,83.79
2019-08-16 23:00:00,17,13,45,2,77.64
2019-08-17 00:00:00,26,26,43,3,76.09
2019-08-17 01:00:00,20,19,47,4,74.66
2019-08-17 02:00:00,10,6,39,3,85.57
2019-08-17 03:00:00,21,18,44,1,81.1
2019-08-17 04:00:00,27,25,47,0,83.29
2019-08-17 05:00:00,20,18,54,1,85.99
2019-08-17 06:00:00,26,26,47,1,84.71
2019-08-17 07:00:00,26,25,34,9,71.15
2019-08-17 08:00:00,19,18,47,3,79.34
2019-08-17 09:00:00,29,29,42,1,73.25
2019-08-17 10:00:00,16,14,48,1,78.24
2019-08-17 11:00:00,32,30,37,10,70.78
2019-08-17 12:00:00,19,15,40,3,87.22
2019-08-17 13:00:00,26,23,43,1,73.42
2019-08-17 14:00:00,19,15,43,2,77.66
2019-08-17 15:00:00,15,14,48,0,76.15
2019-08-17 16:00:00,21,17,48,1,87.63
2019-08-17 17:00:00,17,16,39,3,81.24
2019-08-17 18:00:00,28,24,51,2,79.69
2019-08-17 19:00:00,20,17,45,3,76.38
2019-08-17 20:00:00,22,18,39,2,84.57
2019-08-17 21:00:00,23,19,33,4,74.15
2019-08-17 22:00:00,15,11,51,2,78.45
2019-08-17 23:00:00,25,24,42,4,89.5
2019-08-18 00:00:00,20,16,41,2,87.74
2019-08-18 01:00:00,20,18,48,1,74.2
2019-08-18 02:00:00,35,33,38,4,87.88
2019-08-18 03:00:00,30,27,42,1,82.07
2019-08-18 04:00:00,25,25,41,1,83.84
2019-08-18 05:00:00,24,20,44,2,84.82
2019-08-18 06:00:00,12,8,47,0,81.85
2019-08-18 07:00:00,21,20,48,4,81.64
2019-08-18 08:00:00,18,18,47,0,86.07
2019-08-18 09:00:00,21,21,51,2,88.24
2019-08-18 10:00:00,25,21,41,2,84.19
2019-08-18 11:00:00,25,21,46,1,78.61
2019-08-18 12:00:00,23,19,42,1,82.61
2019-08-18 13:00:00,25,25,44,2,90.71
2019-08-18 14:00:00,19,17,44,4,85.08
2019-08-18 15:00:00,25,24,37,0,84.64
2019-08-18 16:00:00,25,23,45,5,82.73
2019-08-18 17:00:00,24,20,45,0,86.8
2019-08-18 18:00:00,19,19,44,1,78.47
2019-08-18 19:00:00,21,19,43,1,83.33
2019-08-18 20:00:00,30,30,34,3,75.35
2019-08-18 21:00:00,21,17,45,3,76.33
2019-08-18 22:00:00,15,13,47,0,76.54
2019-08-18 23:00:00,30,30,53,0,86.25
2019-08-19 00:00:00,20,17,46,0,75.84
2019-08-19 01:00:00,17,15,58,0,91.7
2019-08-19 02:00:00,28,27,45,2,85.29
2019-08-19 03:00:00,17,17,46,3,84.94
2019-08-19 04:00:00,28,24,43,3,76.29
2019-08-19 05:00:00,19,15,42,3,80.26
2019-08-19 06:00:00,16,14,47,2,82.99
2019-08-19 07:00:00,25,21,51,2,83.05
2019-08-19 08:00:00,19,16,47,3,88.87
2019-08-19 09:00:00,27,26,46,3,78.66
2019-08-19 10:00:00,17,15,43,2,86.15
2019-08-19 11:00:00,19,17,44,3,86.66
2019-08-19 12:00:00,23,19,44,3,83.9
2019-08-19 13:00:00,10,10,46,3,79.75
2019-08-19 14:00:00,19,15,45,1,75.36
2019-08-19 15:00:00,21,21,40,4,81.34
2019-08-19 16:00:00,25,21,52,3,87.26
2019-08-19 17:00:00,27,27,54,0,76.62
2019-08-19 18:00:00,19,19,44,4,73.92
2019-08-19 19:00:00,20,17,45,1,79.15
2019-08-19 20:00:00,32,29,48,6,80.97
2019-08-19 21:00:00,18,15,41,2,85.11
2019-08-19 22:00:00,23,19,47,2,83.44
2019-08-19 23:00:00,20,19,42,6,76.68
2019-08-20 00:00:00,27,24,43,2,71.19
2019-08-20 01:00:00,19,17,38,0,88.45
2019-08-20 02:00:00,22,21,42,2,73.34
2019-08-20 03:00:00,17,15,46,0,79.99
2019-08-20 04:00:00,23,20,53,2,81.48
2019-08-20 05:00:00,25,23,43,2,71.97
2019-08-20 06:00:00,18,14,42,0,74.97
2019-08-20 07:00:00,28,26,47,4,69.92
2019-08-20 08:00:00,18,17,50,0,85.01
2019-08-20 09:00:00,20,17,51,3,80.5
2019-08-20 10:00:00,27,25,37,5,80.53
2019-08-20 11:00:00,19,17,45,0,81.32
2019-08-20 12:00:00,25,23,54,1,72.49
2019-08-20 13:00:00,21,19,38,3,71.97
2019-08-20 14:00:00,28,27,46,2,81.9
2019-08-20 15:00:00,32,32,46,4,78.46
2019-08-20 16:00:00,30,26,38,7,73.54
2019-08-20 17:00:00,32,29,47,3,82.78
2019-08-20 18:00:00,20,20,48,5,81.07
2019-08-20 19:00:00,21,17,42,0,85.9
2019-08-20 20:00:00,25,23,39,2,83.45
2019-08-20 21:00:00,16,16,51,0,81.8
2019-08-20 22:00:00,22,18,39,3,81.92
2019-08-20 23:00:00,26,22,52,3,87.35
2019-08-21 00:00:00,14,14,46,0,83.38
2019-08-21 01:00:00,29,27,44,2,79.31
2019-08-21 02:00:00,23,21,51,0,69.68
2019-08-21 03:00:00,24,21,43,1,78.6
2019-08-21 04:00:00,20,16,44,0,76.92
2019-08-21 05:00:00,20,17,48,4,95.71
2019-08-21 06:00:00,21,19,41,1,75.7
2019-08-21 07:00:00,24,20,46,3,87.45
2019-08-21 08:00:00,24,21,39,6,74.05
2019-08-21 09:00:00,25,22,48,1,74.08
2019-08-21 10:00:00,18,15,41,1,87.22
2019-08-21 11:00:00,18,14,46,1,79.69
2019-08-21 12:00:00,25,24,62,1,92.25
2019-08-21 13:00:00,21,20,41,2,88.45
2019-08-21 14:00:00,36,34,53,6,79.19
2019-08-21 15:00:00,17,13,44,0,75.26
2019-08-21 16:00:00,19,15,49,3,86.25
2019-08-21 17:00:00,20,20,50,1,78.69
2019-08-21 18:00:00,30,27,48,3,87.46
2019-08-21 19:00:00,18,16,46,0,89.59
2019-08-21 20:00:00,23,19,35,5,79.87
2019-08-21 21:00:00,17,17,49,2,82.54
2019-08-21 22:00:00,28,28,45,4,76.7
2019-08-21 23:00:00,13,9,41,1,88.0
2019-08-22 00:00:00,21,19,42,1,76.5
2019-08-22 01:00:00,18,16,38,0,85.7
2019-08-22 02:00:00,21,20,45,4,82.34
2019-08-22 03:00:00,21,20,42,2,73.36
2019-08-22 04:00:00,28,26,43,3,74.63
2019-08-22 05:00:00,22,22,48,5,79.08
2019-08-22 06:00:00,24,23,43,4,77.46
2019-08-22 07:00:00,15,15,46,1,67.64
2019-08-22 08:00:00,17,16,43,1,72.01
2019-08-22 09:00:00,22,22,46,0,73.33
2019-08-22 10:00:00,24,21,41,3,85.1
2019-08-22 11:00:00,34,30,38,6,82.06
2019-08-22 12:00:00,26,24,43,1,76.29
2019-08-22 13:00:00,33,30,43,5,79.36
2019-08-22 14:00:00,21,19,42,1,85.9
2019-08-22 15:00:00,28,28,46,2,87.28
2019-08-22 16:00:00,25,24,51,0,73.21
2019-08-22 17:00:00,20,19,37,0,77.29
2019-08-22 18:00:00,13,12,48,2,82.68
2019-08-22 19:00:00,17,13,52,0,80.95
2019-08-22 20:00:00,27,23,48,3,88.79
2019-08-22 21:00:00,23,21,46,2,75.72
2019-08-22 22:00:00,25,24,46,3,78.14
2019-08-22 23:00:00,16,13,48,2,82.96
2019-08-23 00:00:00,18,16,30,1,81.17
2019-08-23 01:00:00,30,26,34,1,80.82
2019-08-23 02:00:00,18,14,45,0,83.83
2019-08-23 03:00:00,24,23,45,2,83.85
2019-08-23 04:00:00,17,13,51,2,79.93
2019-08-23 05:00:00,15,15,44,0,79.21
2019-08-23 06:00:00,26,22,41,2,76.44
2019-08-23 07:00:00,23,22,37,3,76.02
2019-08-23 08:00:00,30,28,42,5,76.75
2019-08-23 09:00:00,22,18,41,4,82.89
2019-08-23 10:00:00,29,26,46,1,81.38
2019-08-23 11:00:00,25,22,48,1,87.57
2019-08-23 12:00:00,18,18,39,0,75.47
2019-08-23 13:00:00,15,13,49,1,78.2
2019-08-23 14:00:00,25,25,32,1,76.68
2019-08-23 15:00:00,26,26,51,4,93.81
2019-08-23 16:00:00,19,18,40,1,85.42
2019-08-23 17:00:00,25,24,50,3,76.22
2019-08-23 18:00:00,16,15,41,1,75.93
2019-08-23 19:00:00,26,23,46,2,75.61
2019-08-23 20:00:00,18,14,42,0,85.91
2019-08-23 21:00:00,14,12,48,0,90.12
2019-08-23 22:00:00,16,15,40,1,82.82
2019-08-23 23:00:00,26,24,37,5,80.34
2019-08-24 00:00:00,23,23,47,3,75.13
2019-08-24 01:00:00,25,21,42,2,88.19
2019-08-24 02:00:00,31,28,53,4,80.03
2019-08-24 03:00:00,25,23,47,5,85.4
2019-08-24 04:00:00,18,14,50,1,91.19
2019-08-24 05:00:00,26,24,51,4,76.31
2019-08-24 06:00:00,27,27,42,1,86.67
2019-08-24 07:00:00,16,15,44,3,81.45
2019-08-24 08:00:00,20,20,46,1,81.73
2019-08-24 09:00:00,26,24,41,3,86.21
2019-08-24 10:00:00,25,22,41,0,72.28
2019-08-24 11:00:00,21,19,45,0,84.8
2019-08-24 12:00:00,23,20,50,1,83.22
2019-08-24 13:00:00,22,19,45,4,86.3
2019-08-24 14:00:00,20,18,46,3,82.39
2019-08-24 15:00:00,26,24,48,7,78.86
2019-08-24 16:00:00,24,21,50,2,79.83
2019-08-24 17:00:00,19,17,48,2,79.58
2019-08-24 18:00:00,16,12,43,3,85.83
2019-08-24 19:00:00,24,21,43,3,90.02
2019-08-24 20:00:00,29,26,30,0,74.35
2019-08-24 21:00:00,19,17,40,0,76.55
2019-08-24 22:00:00,12,12,47,2,77.11
2019-08-24 23:00:00,25,21,40,1,72.83
2019-08-25 00:00:00,21,19,40,7,75.55
2019-08-25 01:00:00,20,19,49,1,77.34
2019-08-25 02:00:00,30,26,39,3,83.67
2019-08-25 03:00:00,26,25,40,2,82.08
2019-08-25 04:00:00,22,18,40,6,78.7
2019-08-25 05:00:00,22,19,38,2,92.2
2019-08-25 06:00:00,19,15,41,7,80.53
2019-08-25 07:00:00,23,21,30,5,83.44
2019-08-25 08:00:00,18,17,56,3,81.53
2019-08-25 09:00:00,27,27,43,3,82.19
2019-08-25 10:00:00,25,24,45,1,85.64
2019-08-25 11:00:00,26,23,34,2,81.66
2019-08-25 12:00:00,27,24,40,0,86.37
2019-08-25 13:00:00,24,24,45,0,83.81
2019-08-25 14:00:00,30,26,37,4,85.93
2019-08-25 15:00:00,20,16,49,1,83.92
2019-08-25 16:00:00,25,22,45,3,76.55
2019-08-25 17:00:00,22,22,42,1,75.51
2019-08-25 18:00:00,15,12,44,1,73.24
2019-08-25 19:00:00,25,24,41,1,85.93
2019-08-25 20:00:00,31,27,34,4,83.07
2019-08-25 21:00:00,14,13,45,2,86.22
2019-08-25 22:00:00,18,17,37,2,74.32
2019-08-25 23:00:00,34,32,44,4,81.5
2019-08-26 00:00:00,15,11,50,0,79.65
2019-08-26 01:00:00,30,27,44,3,77.74
2019-08-26 02:00:00,22,19,45,3,77.81
2019-08-26 03:00:00,25,24,39,2,94.69
2019-08-26 04:00:00,23,23,37,2,84.25
2019-08-26 05:00:00,22,20,49,1,78.29
2019-08-26 06:00:00,24,22,49,1,75.77
2019-08-26 07:00:00,22,21,51,3,77.94
2019-08-26 08:00:00,20,18,55,2,89.68
2019-08-26 09:00:00,24,22,42,0,77.92
2019-08-26 10:00:00,28,27,46,0,74.78
2019-08-26 11:00:00,20,17,50,0,76.35
2019-08-26 12:00:00,17,16,54,1,85.87
2019-08-26 13:00:00,21,20,50,2,75.83
2019-08-26 14:00:00,27,23,40,3,89.27
2019-08-26 15:00:00,26,23,53,6,82.85
2019-08-26 16:00:00,19,18,49,0,85.04
2019-08-26 17:00:00,22,18,46,2,89.68
2019-08-26 18:00:00,21,19,42,0,78.28
2019-08-26 19:00:00,30,30,52,1,83.83
2019-08-26 20:00:00,19,16,58,0,81.94
2019-08-26 21:00:00,32,28,44,6,84.33
2019-08-26 22:00:00,25,22,45,3,94.04
2019-08-26 23:00:00,27,23,47,0,82.57
2019-08-27 00:00:00,19,17,39,2,86.25
2019-08-27 01:00:00,13,11,45,3,90.4
2019-08-27 02:00:00,24,24,48,3,77.07
2019-08-27 03:00:00,21,19,54,1,76.97
2019-08-27 04:00:00,25,23,44,1,80.63
2019-08-27 05:00:00,22,22,47,0,75.29
2019-08-27 06:00:00,14,11,41,0,79.83
2019-08-27 07:00:00,19,17,49,0,79.2
2019-08-27 08:00:00,17,14,44,1,81.14
2019-08-27 09:00:00,21,21,49,2,75.17
2019-08-27 10:00:00,18,17,41,2,81.97
2019-08-27 11:00:00,15,13,37,0,79.15
2019-08-27 12:00:00,24,21,41,0,80.61
2019-08-27 13:00:00,21,17,52,1,86.0
2019-08-27 14:00:00,20,16,44,2,84.31
2019-08-27 15:00:00,24,23,44,3,86.46
2019-08-27 16:00:00,32,30,46,3,87.66
2019-08-27 17:00:00,27,25,45,3,79.51
2019-08-27 18:00:00,23,21,47,1,82.17
2019-08-27 19:00:00,31,27,45,6,84.51
2019-08-27 20:00:00,19,18,60,0,77.74
2019-08-27 21:00:00,20,16,51,2,78.06
2019-08-27 22:00:00,22,20,49,5,85.22
2019-08-27 23:00:00,20,19,49,3,86.48
2019-08-28 00:00:00,29,25,47,0,78.75
2019-08-28 01:00:00,16,14,43,2,82.63
2019-08-28 02:00:00,21,20,48,2,77.52
2019-08-28 03:00:00,22,21,38,3,77.86
2019-08-28 04:00:00,30,30,39,6,78.12
2019-08-28 05:00:00,30,29,43,5,84.46
2019-08-28 06:00:00,21,21,46,0,82.23
2019-08-28 07:00:00,24,22,41,4,85.95
2019-08-28 08:00:00,18,18,47,1,80.43
2019-08-28 09:00:00,16,14,38,0,74.52
2019-08-28 10:00:00,22,20,43,2,87.67
2019-08-28 11:00:00,19,16,37,2,86.63
2019-08-28 12:00:00,20,20,45,1,68.99
2019-08-28 13:00:00,20,19,53,3,79.33
2019-08-28 14:00:00,32,31,45,6,80.15
2019-08-28 15:00:00,21,19,50,5,84.37
2019-08-28 16:00:00,26,26,50,0,84.38
2019-08-28 17:00:00,28,24,43,0,85.29
2019-08-28 18:00:00,20,19,48,2,80.37
2019-08-28 19:00:00,27,23,38,5,76.4
2019-08-28 20:00:00,22,22,44,3,90.6
2019-08-28 21:00:00,32,31,45,3,88.58
2019-08-28 22:00:00,20,16,40,4,88.4
2019-08-28 23:00:00,20,19,45,1,88.31
2019-08-29 00:00:00,28,25,41,4,77.1
2019-08-29 01:00:00,31,28,49,7,85.71
2019-08-29 02:00:00,27,25,38,0,85.46
2019-08-29 03:00:00,25,25,41,4,70.65
2019-08-29 04:00:00,20,19,45,0,83.27
2019-08-29 05:00:00,20,16,39,2,78.9
2019-08-29 06:00:00,18,17,53,0,83.25
2019-08-29 07:00:00,19,18,33,3,84.74
2019-08-29 08:00:00,18,14,41,0,82.82
2019-08-29 09:00:00,21,17,46,0,87.88
2019-08-29 10:00:00,23,20,53,0,87.23
2019-08-29 11:00:00,23,21,36,2,76.54
2019-08-29 12:00:00,21,17,39,0,74.16
2019-08-29 13:00:00,19,18,42,2,74.19
2019-08-29 14:00:00,24,21,52,0,91.66
2019-08-29 15:00:00,19,19,48,1,74.33
2019-08-29 16:00:00,18,15,40,3,80.69
2019-08-29 17:00:00,22,19,50,3,82.57
2019-08-29 18:00:00,24,21,46,2,77.06
2019-08-29 19:00:00,15,14,45,0,79.44
2019-08-29 20:00:00,24,20,47,2,72.35
2019-08-29 21:00:00,26,24,40,4,87.22
2019-08-29 22:00:00,24,24,46,4,83.18
2019-08-29 23:00:00,17,15,43,1,88.88
2019-08-30 00:00:00,24,23,58,0,78.86
2019-08-30 01:00:00,14,12,53,1,79.71
2019-08-30 02:00:00,20,18,44,1,82.74
2019-08-30 03:00:00,26,26,47,3,77.79
2019-08-30 04:00:00,25,22,39,1,78.7
2019-08-30 05:00:00,12,8,46,0,73.23
2019-08-30 06:00:00,23,19,39,0,92.14
2019-08-30 07:00:00,18,16,42,1,77.16
2019-08-30 08:00:00,21,21,47,5,79.33
2019-08-30 09:00:00,29,25,39,4,80.71
2019-08-30 10:00:00,27,23,40,2,82.06
2019-08-30 11:00:00,24,20,40,7,78.86
2019-08-30 12:00:00,24,22,44,5,79.6
2019-08-30 13:00:00,26,25,51,3,90.17
2019-08-30 14:00:00,26,24,50,1,85.08
2019-08-30 15:00:00,25,23,42,5,75.19
2019-08-30 16:00:00,29,28,51,0,78.19
2019-08-30 17:00:00,28,24,44,3,76.65
2019-08-30 18:00:00,13,11,45,0,73.86
2019-08-30 19:00:00,28,25,44,7,86.89
2019-08-30 20:00:00,20,16,48,3,81.85
2019-08-30 21:00:00,20,16,40,6,89.42
2019-08-30 22:00:00,20,16,42,0,78.38
2019-08-30 23:00:00,29,27,50,5,86.95
2019-08-31 00:00:00,19,19,42,2,80.12
2019-08-31 01:00:00,34,34,41,6,79.79
2019-08-31 02:00:00,23,22,37,6,85.73
2019-08-31 03:00:00,20,20,47,2,81.4
2019-08-31 04:00:00,16,12,39,2,84.04
2019-08-31 05:00:00,18,15,53,1,85.45
2019-08-31 06:00:00,28,25,47,12,69.95
2019-08-31 07:00:00,18,14,38,2,85.87
2019-08-31 08:00:00,23,21,45,1,78.73
2019-08-31 09:00:00,18,16,41,2,75.71
2019-08-31 10:00:00,27,23,48,3,79.86
2019-08-31 11:00:00,15,11,43,3,78.93
2019-08-31 12:00:00,25,24,56,2,88.56
2019-08-31 13:00:00,17,15,56,2,77.11
2019-08-31 14:00:00,19,19,42,2,82.63
2019-08-31 15:00:00,23,23,44,3,82.83
2019-08-31 16:00:00,20,18,48,0,79.35
2019-08-31 17:00:00,24,21,42,3,78.77
2019-08-31 18:00:00,17,13,42,0,82.64
2019-08-31 19:00:00,20,19,37,2,76.42
2019-08-31 20:00:00,22,21,38,0,76.79
2019-08-31 21:00:00,36,35,49,3,85.82
2019-08-31 22:00:00,22,22,45,4,88.72
2019-08-31 23:00:00,29,26,41,0,82.17
2019-09-01 00:00:00,23,20,48,1,75.36
2019-09-01 01:00:00,19,18,34,4,86.71
2019-09-01 02:00:00,12,8,43,2,85.36
2019-09-01 03:00:00,27,23,45,0,88.14
2019-09-01 04:00:00,25,21,39,2,80.8
2019-09-01 05:00:00,27,26,48,2,85.84
2019-09-01 06:00:00,24,20,49,1,81.33
2019-09-01 07:00:00,20,18,45,0,77.01
2019-09-01 08:00:00,26,25,41,4,74.87
2019-09-01 09:00:00,21,18,40,3,82.01
2019-09-01 10:00:00,15,15,44,0,89.63
2019-09-01 11:00:00,20,18,41,0,85.08
2019-09-01 12:00:00,15,15,45,1,76.15
2019-09-01 13:00:00,28,26,50,5,80.24
2019-09-01 14:00:00,20,19,48,8,88.71
2019-09-01 15:00:00,18,15,43,0,84.54
2019-09-01 16:00:00,25,23,47,0,83.77
2019-09-01 17:00:00,26,25,45,4,79.75
2019-09-01 18:00:00,21,18,46,4,77.91
2019-09-01 19:00:00,29,29,46,0,91.42
2019-09-01 20:00:00,16,14,56,4,78.61
2019-09-01 21:00:00,23,22,46,0,87.68
2019-09-01 22:00:00,24,22,51,3,81.13
2019-09-01 23:00:00,20,16,38,3,75.53
2019-09-02 00:00:00,29,27,49,8,83.76
2019-09-02 01:00:00,16,13,43,0,90.87
2019-09-02 02:00:00,17,13,47,0,81.38
2019-09-02 03:00:00,27,24,45,3,79.74
2019-09-02 04:00:00,23,23,30,2,80.35
2019-09-02 05:00:00,24,20,54,0,76.69
2019-09-02 06:00:00,22,18,38,1,79.92
2019-09-02 07:00:00,25,22,39,2,89.26
2019-09-02 08:00:00,23,22,43,4,79.12
2019-09-02 09:00:00,15,13,41,0,74.6
2019-09-02 10:00:00,21,21,41,0,78.42
2019-09-02 11:00:00,39,39,45,3,79.41
2019-09-02 12:00:00,19,18,46,0,80.39
2019-09-02 13:00:00,20,17,43,1,89.78
2019-09-02 14:00:00,31,31,44,3,91.97
2019-09-02 15:00:00,32,30,43,4,82.55
2019-09-02 16:00:00,12,11,43,0,87.13
2019-09-02 17:00:00,15,11,49,2,83.78
2019-09-02 18:00:00,17,15,54,0,72.77
2019-09-02 19:00:00,20,17,48,2,72.56
2019-09-02 20:00:00,28,25,57,2,79.87
2019-09-02 21:00:00,23,22,30,1,75.42
2019-09-02 22:00:00,21,17,42,0,77.95
2019-09-02 23:00:00,19,15,40,0,74.51
2019-09-03 00:00:00,18,17,52,1,89.77
2019-09-03 01:00:00,20,19,48,0,89.39
2019-09-03 02:00:00,17,16,45,3,82.86
2019-09-03 03:00:00,23,19,49,3,78.52
2019-09-03 04:00:00,15,12,52,0,85.28
2019-09-03 05:00:00,26,23,40,5,83.52
2019-09-03 06:00:00,29,27,40,3,84.79
2019-09-03 07:00:00,24,21,43,3,80.11
2019-09-03 08:00:00,36,35,46,3,73.25
2019-09-03 09:00:00,25,23,48,1,79.87
2019-09-03 10:00:00,26,26,45,2,78.98
2019-09-03 11:00:00,18,14,46,1,83.15
2019-09-03 12:00:00,24,22,48,6,76.14
2019-09-03 13:00:00,21,21,48,0,78.51
2019-09-03 14:00:00,22,21,44,3,83.64
2019-09-03 15:00:00,33,30,49,7,81.91
2019-09-03 16:00:00,29,26,43,3,85.83
2019-09-03 17:00:00,16,14,44,1,73.78
2019-09-03 18:00:00,25,25,55,4,85.07
2019-09-03 19:00:00,19,16,39,2,77.22
2019-09-03 20:00:00,24,23,46,2,82.74
2019-09-03 21:00:00,16,16,45,1,80.58
2019-09-03 22:00:00,25,25,50,1,73.92
2019-09-03 23:00:00,18,15,57,3,76.55
2019-09-04 00:00:00,22,20,51,1,78.66
2019-09-04 01:00:00,17,15,46,2,83.63
2019-09-04 02:00:00,22,20,47,0,85.88
2019-09-04 03:00:00,28,25,41,7,85.86
2019-09-04 04:00:00,29,25,47,4,84.94
2019-09-04 05:00:00,16,15,51,1,84.74
2019-09-04 06:00:00,16,15,53,0,78.29
2019-09-04 07:00:00,14,12,42,0,76.5
2019-09-04 08:00:00,17,15,48,4,82.16
2019-09-04 09:00:00,23,22,39,3,90.46
2019-09-04 10:00:00,28,25,43,0,81.24
2019-09-04 11:00:00,32,32,43,6,80.68
2019-09-04 12:00:00,14,13,52,0,82.94
2019-09-04 13:00:00,30,29,32,3,80.26
2019-09-04 14:00:00,30,30,54,6,85.19
2019-09-04 15:00:00,14,14,38,2,76.51
2019-09-04 16:00:00,21,17,44,4,95.1
2019-09-04 17:00:00,27,26,54,2,78.88
2019-09-04 18:00:00,22,22,33,2,86.91
2019-09-04 19:00:00,21,20,38,2,90.4
2019-09-04 20:00:00,17,17,49,0,73.09
2019-09-04 21:00:00,23,21,36,1,81.03
2019-09-04 22:00:00,33,31,56,0,86.31
2019-09-04 23:00:00,22,20,44,4,85.09
2019-09-05 00:00:00,19,18,46,1,79.34
2019-09-05 01:00:00,30,29,46,6,82.71
2019-09-05 02:00:00,21,20,43,1,72.36
2019-09-05 03:00:00,23,20,51,5,83.56
2019-09-05 04:00:00,22,20,38,3,82.18
2019-09-05 05:00:00,22,22,42,5,79.74
2019-09-05 06:00:00,21,17,45,2,80.04
2019-09-05 07:00:00,21,18,42,0,81.94
2019-09-05 08:00:00,30,29,35,5,75.46
2019-09-05 09:00:00,26,24,47,4,84.47
2019-09-05 10:00:00,24,21,43,3,84.1
2019-09-05 11:00:00,23,21,42,1,81.17
2019-09-05 12:00:00,17,17,56,3,75.01
2019-09-05 13:00:00,27,23,48,2,87.87
2019-09-05 14:00:00,20,17,40,4,76.36
2019-09-05 15:00:00,30,26,43,2,77.76
2019-09-05 16:00:00,16,13,40,1,97.82
2019-09-05 17:00:00,25,23,40,4,82.31
2019-09-05 18:00:00,23,22,40,3,73.66
2019-09-05 19:00:00,25,23,45,3,83.36
2019-09-05 20:00:00,26,25,40,6,81.01
2019-09-05 21:00:00,17,16,38,2,77.38
2019-09-05 22:00:00,30,29,35,3,83.12
2019-09-05 23:00:00,22,20,46,2,81.96
2019-09-06 00:00:00,17,15,47,1,75.39
2019-09-06 01:00:00,30,26,42,2,83.56
2019-09-06 02:00:00,20,17,47,2,80.65
2019-09-06 03:00:00,26,25,34,2,80.08
2019-09-06 04:00:00,24,24,36,5,79.92
2019-09-06 05:00:00,29,29,44,1,78.26
2019-09-06 06:00:00,23,22,48,2,82.62
2019-09-06 07:00:00,27,24,42,7,82.79
2019-09-06 08:00:00,23,21,48,2,75.8
2019-09-06 09:00:00,27,23,47,0,85.15
2019-09-06 10:00:00,19,19,53,3,83.05
2019-09-06 11:00:00,27,24,40,3,69.58
2019-09-06 12:00:00,16,14,43,1,66.82
2019-09-06 13:00:00,31,30,45,9,80.54
2019-09-06 14:00:00,20,18,47,1,80.06
2019-09-06 15:00:00,15,13,34,3,84.68
2019-09-06 16:00:00,36,34,44,5,77.66
2019-09-06 17:00:00,24,20,46,5,83.83
2019-09-06 18:00:00,25,25,42,3,83.35
2019-09-06 19:00:00,24,24,54,3,82.39
2019-09-06 20:00:00,17,13,45,3,78.79
2019-09-06 21:00:00,21,18,40,0,81.79
2019-09-06 22:00:00,24,22,51,0,78.3
2019-09-06 23:00:00,32,31,43,5,81.27
2019-09-07 00:00:00,17,13,45,1,84.49
2019-09-07 01:00:00,28,26,44,0,87.69
2019-09-07 02:00:00,28,26,51,2,79.85
2019-09-07 03:00:00,29,29,42,2,84.74
2019-09-07 04:00:00,27,23,41,5,87.61
2019-09-07 05:00:00,19,18,39,3,80.13
2019-09-07 06:00:00,22,18,44,1,79.44
2019-09-07 07:00:00,23,22,45,3,80.3
2019-09-07 08:00:00,21,19,43,3,85.0
2019-09-07 09:00:00,22,21,42,1,81.08
2019-09-07 10:00:00,21,19,41,4,75.76
2019-09-07 11:00:00,20,19,52,1,81.23
2019-09-07 12:00:00,26,26,39,3,75.29
2019-09-07 13:00:00,23,19,35,9,82.08
2019-09-07 14:00:00,17,17,44,0,89.03
2019-09-07 15:00:00,28,25,54,2,88.28
2019-09-07 16:00:00,23,19,48,6,80.73
2019-09-07 17:00:00,21,17,47,5,83.56
2019-09-07 18:00:00,15,14,49,1,85.39
2019-09-07 19:00:00,23,21,41,6,77.87
2019-09-07 20:00:00,21,20,40,4,95.06
2019-09-07 21:00:00,21,17,44,2,75.13
2019-09-07 22:00:00,19,19,49,1,82.04
2019-09-07 23:00:00,25,23,41,7,80.07
2019-09-08 00:00:00,22,21,41,5,81.28
2019-09-08 01:00:00,20,20,43,2,81.72
2019-09-08 02:00:00,16,15,49,3,81.29
2019-09-08 03:00:00,25,21,46,3,76.86
2019-09-08 04:00:00,19,18,45,0,78.41
2019-09-08 05:00:00,21,21,39,0,70.8
2019-09-08 06:00:00,22,22,41,3,77.45
2019-09-08 07:00:00,29,29,39,0,81.04
2019-09-08 08:00:00,18,17,38,5,83.95
2019-09-08 09:00:00,19,15,39,3,78.95
2019-09-08 10:00:00,28,25,48,5,82.61
2019-09-08 11:00:00,31,28,46,5,79.8
2019-09-08 12:00:00,29,26,44,3,84.43
2019-09-08 13:00:00,23,21,40,3,80.05
2019-09-08 14:00:00,24,20,43,2,85.13
2019-09-08 15:00:00,24,20,46,3,82.17
2019-09-08 16:00:00,27,25,40,4,86.4
2019-09-08 17:00:00,28,25,43,5,88.28
2019-09-08 18:00:00,22,19,44,2,73.83
2019-09-08 19:00:00,24,22,52,4,81.3
2019-09-08 20:00:00,28,28,49,11,77.18
2019-09-08 21:00:00,24,20,54,2,85.11
2019-09-08 22:00:00,16,13,42,1,75.94
2019-09-08 23:00:00,27,24,47,5,79.29
2019-09-09 00:00:00,28,26,46,1,83.9
2019-09-09 01:00:00,32,31,50,4,82.52
2019-09-09 02:00:00,35,31,53,3,81.82
2019-09-09 03:00:00,26,22,39,5,78.28
2019-09-09 04:00:00,16,12,42,2,83.7
2019-09-09 05:00:00,25,25,36,6,84.33
2019-09-09 06:00:00,25,24,48,7,78.93
2019-09-09 07:00:00,24,20,40,6,84.27
2019-09-09 08:00:00,22,22,41,4,78.44
2019-09-09 09:00:00,25,25,47,3,75.88
2019-09-09 10:00:00,20,20,37,1,75.31
2019-09-09 11:00:00,15,11,38,2,85.21
2019-09-09 12:00:00,25,21,42,2,87.14
2019-09-09 13:00:00,26,24,45,4,74.11
2019-09-09 14:00:00,28,26,43,3,79.94
2019-09-09 15:00:00,24,23,45,1,81.21
2019-09-09 16:00:00,24,22,50,4,74.58
2019-09-09 17:00:00,21,17,47,3,84.3
2019-09-09 18:00:00,27,25,41,6,80.4
2019-09-09 19:00:00,27,26,41,1,76.73
2019-09-09 20:00:00,19,15,47,3,87.85
2019-09-09 21:00:00,20,17,43,0,82.04
2019-09-09 22:00:00,18,15,50,2,81.68
2019-09-09 23:00:00,27,24,44,4,85.36
2019-09-10 00:00:00,23,22,38,2,78.5
2019-09-10 01:00:00,19,18,45,4,76.59
2019-09-10 02:00:00,17,13,44,0,78.34
2019-09-10 03:00:00,26,23,46,6,71.07
2019-09-10 04:00:00,14,14,38,2,86.69
2019-09-10 05:00:00,23,21,38,2,88.06
2019-09-10 06:00:00,25,22,52,5,74.47
2019-09-10 07:00:00,27,24,41,2,83.32
2019-09-10 08:00:00,25,22,43,2,76.41
2019-09-10 09:00:00,25,22,35,3,73.13
2019-09-10 10:00:00,22,18,45,2,78.36
2019-09-10 11:00:00,23,21,36,4,83.43
2019-09-10 12:00:00,35,32,44,4,78.07
2019-09-10 13:00:00,25,21,45,3,77.98
2019-09-10 14:00:00,14,11,42,0,90.21
2019-09-10 15:00:00,17,17,48,4,80.58
2019-09-10 16:00:00,26,22,45,4,85.19
2019-09-10 17:00:00,29,29,46,3,83.39
2019-09-10 18:00:00,17,14,43,0,77.94
2019-09-10 19:00:00,21,19,45,3,85.38
2019-09-10 20:00:00,26,22,55,6,78.46
2019-09-10 21:00:00,24,24,43,3,80.42
2019-09-10 22:00:00,15,15,39,2,77.32
2019-09-10 23:00:00,18,16,43,4,82.0
2019-09-11 00:00:00,14,10,49,3,81.25
2019-09-11 01:00:00,21,20,40,2,81.17
2019-09-11 02:00:00,24,24,34,2,82.52
2019-09-11 03:00:00,21,17,32,3,79.47
2019-09-11 04:00:00,23,22,45,2,84.11
2019-09-11 05:00:00,13,9,42,0,81.05
2019-09-11 06:00:00,22,19,49,2,82.45
2019-09-11 07:00:00,28,28,44,3,75.37
2019-09-11 08:00:00,25,24,52,1,79.95
2019-09-11 09:00:00,18,16,37,0,85.07
2019-09-11 10:00:00,26,24,45,5,82.15
2019-09-11 11:00:00,21,18,48,3,81.82
2019-09-11 12:00:00,22,19,45,2,90.74
2019-09-11 13:00:00,26,25,47,0,77.41
2019-09-11 14:00:00,19,19,46,6,88.51
2019-09-11 15:00:00,20,20,38,3,82.77
2019-09-11 16:00:00,18,16,39,3,90.28
2019-09-11 17:00:00,26,23,45,3,77.94
2019-09-11 18:00:00,24,22,54,5,78.41
2019-09-11 19:00:00,21,20,41,3,85.66
2019-09-11 20:00:00,15,13,47,1,78.37
2019-09-11 21:00:00,16,14,44,6,80.1
2019-09-11 22:00:00,28,25,47,3,93.74
2019-09-11 23:00:00,25,22,45,2,71.73
2019-09-12 00:00:00,31,31,41,9,79.84
2019-09-12 01:00:00,24,24,48,0,74.25
2019-09-12 02:00:00,27,27,46,0,84.63
2019-09-12 03:00:00,30,28,53,5,78.26
2019-09-12 04:00:00,16,14,47,0,80.09
2019-09-12 05:00:00,25,21,38,3,89.11
2019-09-12 06:00:00,18,17,48,2,76.84
2019-09-12 07:00:00,19,15,48,2,82.2
2019-09-12 08:00:00,19,18,47,3,74.99
2019-09-12 09:00:00,25,22,51,2,73.46
2019-09-12 10:00:00,26,24,35,3,72.16
2019-09-12 11:00:00,16,12,52,0,72.33
2019-09-12 12:00:00,16,14,46,1,71.44
2019-09-12 13:00:00,26,22,49,2,77.39
2019-09-12 14:00:00,19,19,40,1,81.94
2019-09-12 15:00:00,17,16,36,3,76.03
2019-09-12 16:00:00,26,26,44,5,76.31
2019-09-12 17:00:00,19,17,45,2,82.39
2019-09-12 18:00:00,31,28,38,6,84.41
2019-09-12 19:00:00,27,24,47,4,84.93
2019-09-12 20:00:00,26,26,46,2,81.71
2019-09-12 21:00:00,23,19,52,4,88.35
2019-09-12 22:00:00,14,14,45,3,82.24
2019-09-12 23:00:00,19,16,51,2,79.25
2019-09-13 00:00:00,20,20,45,3,89.32
2019-09-13 01:00:00,18,17,45,2,89.63
2019-09-13 02:00:00,20,20,48,7,74.71
2019-09-13 03:00:00,21,17,45,3,84.44
2019-09-13 04:00:00,31,29,41,1,79.73
2019-09-13 05:00:00,15,15,38,3,84.44
2019-09-13 06:00:00,20,19,40,5,84.35
2019-09-13 07:00:00,19,15,47,0,72.8
2019-09-13 08:00:00,22,21,46,4,86.73
2019-09-13 09:00:00,26,22,51,6,85.19
2019-09-13 10:00:00,27,24,44,2,86.51
2019-09-13 11:00:00,26,23,47,1,87.65
2019-09-13 12:00:00,22,20,49,4,81.76
2019-09-13 13:00:00,20,18,38,4,83.14
2019-09-13 14:00:00,20,16,39,8,83.89
2019-09-13 15:00:00,30,29,50,1,81.38
2019-09-13 16:00:00,24,23,40,5,77.93
2019-09-13 17:00:00,27,27,41,4,79.34
2019-09-13 18:00:00,21,18,48,2,80.57
2019-09-13 19:00:00,26,26,38,3,90.06
2019-09-13 20:00:00,24,22,39,4,78.65
2019-09-13 21:00:00,23,20,44,4,82.74
2019-09-13 22:00:00,24,23,41,6,80.54
2019-09-13 23:00:00,24,21,36,1,84.79
2019-09-14 00:00:00,31,29,44,5,81.87
2019-09-14 01:00:00,28,25,47,6,89.86
2019-09-14 02:00:00,28,26,39,7,83.22
2019-09-14 03:00:00,16,15,43,1,85.59
2019-09-14 04:00:00,32,28,51,8,82.72
2019-09-14 05:00:00,15,12,47,0,71.97
2019-09-14 06:00:00,20,16,39,8,79.4
2019-09-14 07:00:00,25,23,50,2,85.66
2019-09-14 08:00:00,21,18,47,2,85.54
2019-09-14 09:00:00,23,22,43,4,85.44
2019-09-14 10:00:00,28,25,48,5,86.04
2019-09-14 11:00:00,27,26,41,7,80.89
2019-09-14 12:00:00,13,11,44,5,84.89
2019-09-14 13:00:00,19,15,43,4,88.65
2019-09-14 14:00:00,20,20,50,5,88.04
2019-09-14 15:00:00,20,20,39,3,87.93
2019-09-14 16:00:00,23,20,47,2,94.01
2019-09-14 17:00:00,25,21,44,4,76.02
2019-09-14 18:00:00,24,23,41,5,78.68
2019-09-14 19:00:00,20,20,39,5,74.03
2019-09-14 20:00:00,35,31,50,6,78.05
2019-09-14 21:00:00,27,23,48,3,88.27
2019-09-14 22:00:00,22,20,36,4,81.27
2019-09-14 23:00:00,26,26,48,7,85.48
2019-09-15 00:00:00,23,21,37,1,79.74
2019-09-15 01:00:00,38,34,46,9,89.43
2019-09-15 02:00:00,21,21,32,5,81.17
2019-09-15 03:00:00,24,23,33,4,81.8
2019-09-15 04:00:00,25,22,46,4,85.84
2019-09-15 05:00:00,19,15,53,4,82.51
2019-09-15 06:00:00,23,22,52,0,76.21
2019-09-15 07:00:00,22,19,43,2,74.81
2019-09-15 08:00:00,22,22,49,7,88.31
2019-09-15 09:00:00,23,22,44,2,79.92
2019-09-15 10:00:00,26,25,46,4,76.88
2019-09-15 11:00:00,17,14,43,3,81.17
2019-09-15 12:00:00,23,22,49,1,75.39
2019-09-15 13:00:00,28,28,48,9,82.25
2019-09-15 14:00:00,23,23,46,2,81.41
2019-09-15 15:00:00,26,22,38,6,85.34
2019-09-15 16:00:00,24,21,48,9,80.63
2019-09-15 17:00:00,31,29,46,2,89.11
2019-09-15 18:00:00,20,20,46,1,82.99
2019-09-15 19:00:00,25,23,30,2,88.55
2019-09-15 20:00:00,19,18,35,4,76.44
2019-09-15 21:00:00,37,34,48,8,88.28
2019-09-15 22:00:00,20,17,54,2,79.44
2019-09-15 23:00:00,25,25,40,4,80.2
2019-09-16 00:00:00,15,15,44,3,80.98
2019-09-16 01:00:00,25,22,31,4,81.17
2019-09-16 02:00:00,23,21,43,6,86.5
2019-09-16 03:00:00,38,35,43,6,84.53
2019-09-16 04:00:00,17,13,41,3,73.11
2019-09-16 05:00:00,28,25,51,7,90.83
2019-09-16 06:00:00,25,23,46,6,86.03
2019-09-16 07:00:00,18,17,42,5,88.6
2019-09-16 08:00:00,26,24,47,8,80.99
2019-09-16 09:00:00,29,26,50,6,80.95
2019-09-16 10:00:00,21,18,38,2,79.53
2019-09-16 11:00:00,19,18,40,1,80.8
2019-09-16 12:00:00,22,18,36,4,85.96
2019-09-16 13:00:00,22,22,43,10,79.67
2019-09-16 14:00:00,19,17,46,0,78.27
2019-09-16 15:00:00,24,22,40,4,85.41
2019-09-16 16:00:00,20,17,51,6,81.27
2019-09-16 17:00:00,19,17,49,7,83.22
2019-09-16 18:00:00,21,20,40,2,74.16
2019-09-16 19:00:00,34,30,39,8,77.66
2019-09-16 20:00:00,22,19,37,6,78.26
2019-09-16 21:00:00,26,26,42,2,79.48
2019-09-16 22:00:00,27,26,52,9,76.85
2019-09-16 23:00:00,19,19,40,5,79.81
2019-09-17 00:00:00,24,22,47,3,78.15
2019-09-17 01:00:00,28,26,44,0,91.49
2019-09-17 02:00:00,29,25,36,7,86.32
2019-09-17 03:00:00,24,24,49,4,78.84
2019-09-17 04:00:00,22,21,42,6,86.6
2019-09-17 05:00:00,24,24,41,2,81.79
2019-09-17 06:00:00,25,25,44,4,79.81
2019-09-17 07:00:00,21,21,43,2,75.3
2019-09-17 08:00:00,23,23,49,4,80.44
2019-09-17 09:00:00,17,15,41,5,80.68
2019-09-17 10:00:00,33,29,46,7,90.22
2019-09-17 11:00:00,21,20,47,2,73.05
2019-09-17 12:00:00,27,24,39,3,81.5
2019-09-17 13:00:00,29,27,45,5,77.68
2019-09-17 14:00:00,13,11,40,3,79.43
2019-09-17 15:00:00,24,23,47,4,76.59
2019-09-17 16:00:00,34,33,32,10,80.3
2019-09-17 17:00:00,29,25,51,1,75.94
2019-09-17 18:00:00,28,25,42,10,80.95
2019-09-17 19:00:00,25,23,45,6,85.8
2019-09-17 20:00:00,18,14,46,6,83.66
2019-09-17 21:00:00,24,22,42,5,82.67
2019-09-17 22:00:00,26,22,41,4,86.85
2019-09-17 23:00:00,19,15,45,4,86.35
2019-09-18 00:00:00,20,17,51,3,77.5
2019-09-18 01:00:00,27,27,47,4,83.26
2019-09-18 02:00:00,23,21,42,2,79.43
2019-09-18 03:00:00,21,17,51,2,88.17
2019-09-18 04:00:00,26,22,53,3,86.57
2019-09-18 05:00:00,26,25,43,4,78.09
2019-09-18 06:00:00,17,17,46,2,72.98
2019-09-18 07:00:00,29,28,46,6,84.03
2019-09-18 08:00:00,26,26,52,2,80.5
2019-09-18 09:00:00,30,27,48,7,87.07
2019-09-18 10:00:00,24,21,49,7,82.22
2019-09-18 11:00:00,24,23,54,5,78.53
2019-09-18 12:00:00,22,21,46,6,75.63
2019-09-18 13:00:00,31,31,48,6,76.28
2019-09-18 14:00:00,28,28,46,5,86.64
2019-09-18 15:00:00,24,23,44,4,80.0
2019-09-18 16:00:00,24,23,38,7,84.69
2019-09-18 17:00:00,20,16,39,3,77.89
2019-09-18 18:00:00,27,25,37,4,74.4
2019-09-18 19:00:00,25,24,46,3,82.48
2019-09-18 20:00:00,16,16,47,5,84.27
2019-09-18 21:00:00,16,12,39,3,95.99
2019-09-18 22:00:00,18,15,41,0,73.63
2019-09-18 23:00:00,14,11,44,5,77.64
2019-09-19 00:00:00,28,25,52,6,87.01
2019-09-19 01:00:00,20,16,43,6,77.43
2019-09-19 02:00:00,28,27,52,7,82.72
2019-09-19 03:00:00,26,24,30,5,82.39
2019-09-19 04:00:00,36,33,49,7,87.95
2019-09-19 05:00:00,26,25,38,9,87.09
2019-09-19 06:00:00,21,18,44,0,84.08
2019-09-19 07:00:00,33,30,40,3,88.55
2019-09-19 08:00:00,22,19,43,4,84.46
2019-09-19 09:00:00,17,17,43,5,77.05
2019-09-19 10:00:00,23,19,41,4,76.29
2019-09-19 11:00:00,28,24,44,7,79.08
2019-09-19 12:00:00,26,26,45,3,76.15
2019-09-19 13:00:00,18,15,39,2,95.05
2019-09-19 14:00:00,27,23,40,3,85.24
2019-09-19 15:00:00,29,25,51,5,79.19
2019-09-19 16:00:00,20,16,44,1,82.38
2019-09-19 17:00:00,28,25,45,4,72.23
2019-09-19 18:00:00,22,19,40,5,79.63
2019-09-19 19:00:00,11,7,45,2,74.07
2019-09-19 20:00:00,24,22,42,9,80.77
2019-09-19 21:00:00,24,23,47,3,72.42
2019-09-19 22:00:00,31,30,42,4,78.19
2019-09-19 23:00:00,28,25,43,7,78.19
2019-09-20 00:00:00,22,20,55,3,78.47
2019-09-20 01:00:00,22,20,47,2,75.36
2019-09-20 02:00:00,25,23,43,4,81.31
2019-09-20 03:00:00,34,34,45,3,86.44
2019-09-20 04:00:00,28,28,50,4,88.62
2019-09-20 05:00:00,32,28,39,5,73.75
2019-09-20 06:00:00,26,24,44,4,77.93
2019-09-20 07:00:00,30,29,45,7,85.57
2019-09-20 08:00:00,17,17,45,6,76.95
2019-09-20 09:00:00,17,14,42,3,85.84
2019-09-20 10:00:00,35,32,43,10,83.43
2019-09-20 11:00:00,21,19,35,2,82.78
2019-09-20 12:00:00,30,26,47,5,74.02
2019-09-20 13:00:00,23,21,40,2,86.96
2019-09-20 14:00:00,21,18,54,3,88.44
2019-09-20 15:00:00,31,28,45,3,80.36
2019-09-20 16:00:00,22,18,39,3,83.98
2019-09-20 17:00:00,28,28,37,5,78.62
2019-09-20 18:00:00,26,22,43,4,82.96
2019-09-20 19:00:00,27,26,47,4,85.38
2019-09-20 20:00:00,19,16,47,3,78.31
2019-09-20 21:00:00,27,26,40,3,83.92
2019-09-20 22:00:00,23,20,61,3,85.83
2019-09-20 23:00:00,35,32,49,9,87.09
2019-09-21 00:00:00,20,18,51,2,81.45
2019-09-21 01:00:00,26,23,46,5,76.99
2019-09-21 02:00:00,19,16,39,4,80.72
2019-09-21 03:00:00,21,18,45,2,83.0
2019-09-21 04:00:00,24,21,44,2,87.58
2019-09-21 05:00:00,27,25,48,7,84.29
2019-09-21 06:00:00,25,23,43,9,75.39
2019-09-21 07:00:00,25,24,43,7,72.99
2019-09-21 08:00:00,20,19,36,2,76.57
2019-09-21 09:00:00,16,15,45,3,77.72
2019-09-21 10:00:00,23,19,40,4,78.48
2019-09-21 11:00:00,22,20,44,7,66.87
2019-09-21 12:00:00,25,23,43,7,76.92
2019-09-21 13:00:00,28,28,38,5,80.44
2019-09-21 14:00:00,28,28,42,2,86.09
2019-09-21 15:00:00,24,24,41,5,86.51
2019-09-21 16:00:00,34,33,46,5,85.45
2019-09-21 17:00:00,28,25,40,5,83.05
2019-09-21 18:00:00,24,20,47,5,92.02
2019-09-21 19:00:00,27,25,47,8,80.46
2019-09-21 20:00:00,19,18,42,3,83.6
2019-09-21 21:00:00,24,20,44,5,81.7
2019-09-21 22:00:00,24,22,46,2,81.24
2019-09-21 23:00:00,24,20,42,6,86.61
2019-09-22 00:00:00,18,14,46,4,78.44
2019-09-22 01:00:00,36,34,49,11,85.26
2019-09-22 02:00:00,35,31,50,8,79.39
2019-09-22 03:00:00,22,22,50,4,81.18
2019-09-22 04:00:00,20,20,45,4,82.1
2019-09-22 05:00:00,25,21,41,5,86.24
2019-09-22 06:00:00,21,20,51,5,80.02
2019-09-22 07:00:00,24,21,44,4,75.42
2019-09-22 08:00:00,23,21,46,8,87.77
2019-09-22 09:00:00,23,22,31,7,81.52
2019-09-22 10:00:00,31,28,53,7,75.88
2019-09-22 11:00:00,25,23,53,2,94.86
2019-09-22 12:00:00,30,27,39,6,86.64
2019-09-22 13:00:00,22,20,43,7,88.2
2019-09-22 14:00:00,19,19,42,3,79.17
2019-09-22 15:00:00,29,28,37,5,88.98
2019-09-22 16:00:00,23,20,40,3,76.22
2019-09-22 17:00:00,27,27,55,5,81.22
2019-09-22 18:00:00,27,26,46,5,83.13
2019-09-22 19:00:00,24,20,51,6,78.06
2019-09-22 20:00:00,22,21,44,2,78.42
2019-09-22 21:00:00,33,32,34,9,80.32
2019-09-22 22:00:00,33,33,43,9,72.21
2019-09-22 23:00:00,25,25,44,4,81.88
2019-09-23 00:00:00,28,25,43,4,79.46
2019-09-23 01:00:00,24,21,36,2,81.72
2019-09-23 02:00:00,23,19,49,3,87.32
2019-09-23 03:00:00,27,27,40,10,83.4
2019-09-23 04:00:00,29,29,42,9,75.78
2019-09-23 05:00:00,28,27,48,8,78.94
2019-09-23 06:00:00,25,24,40,6,78.29
2019-09-23 07:00:00,26,22,44,3,79.84
2019-09-23 08:00:00,30,29,46,6,78.85
2019-09-23 09:00:00,24,23,54,8,78.48
2019-09-23 10:00:00,31,28,44,5,78.45
2019-09-23 11:00:00,26,22,48,5,75.84
2019-09-23 12:00:00,25,22,43,2,83.03
2019-09-23 13:00:00,32,28,52,3,79.69
2019-09-23 14:00:00,34,31,36,8,77.63
2019-09-23 15:00:00,34,31,37,11,77.99
2019-09-23 16:00:00,19,15,45,4,83.09
2019-09-23 17:00:00,27,26,42,5,73.87
2019-09-23 18:00:00,25,23,48,4,90.05
2019-09-23 19:00:00,27,27,48,3,82.53
2019-09-23 20:00:00,20,16,35,3,80.43
2019-09-23 21:00:00,24,22,50,5,74.89
2019-09-23 22:00:00,20,17,46,4,86.16
2019-09-23 23:00:00,30,29,54,5,78.11
2019-09-24 00:00:00,29,26,42,5,75.47
2019-09-24 01:00:00,26,22,48,2,78.91
2019-09-24 02:00:00,21,19,48,1,77.12
2019-09-24 03:00:00,25,22,52,1,83.37
2019-09-24 04:00:00,20,19,31,1,78.36
2019-09-24 05:00:00,29,25,37,4,86.49
2019-09-24 06:00:00,29,25,50,7,81.28
2019-09-24 07:00:00,28,25,52,2,83.0
2019-09-24 08:00:00,19,18,48,2,74.88
2019-09-24 09:00:00,23,19,38,7,81.91
2019-09-24 10:00:00,19,15,43,1,81.27
2019-09-24 11:00:00,24,21,50,6,82.0
2019-09-24 12:00:00,27,25,43,7,79.07
2019-09-24 13:00:00,27,27,44,3,76.39
2019-09-24 14:00:00,27,26,52,5,78.03
2019-09-24 15:00:00,32,28,47,7,76.99
2019-09-24 16:00:00,22,18,45,6,84.2
2019-09-24 17:00:00,36,32,46,11,81.25
2019-09-24 18:00:00,22,20,48,4,71.64
2019-09-24 19:00:00,34,34,44,9,81.04
2019-09-24 20:00:00,28,25,47,9,77.03
2019-09-24 21:00:00,32,31,40,7,76.64
2019-09-24 22:00:00,29,27,49,5,97.78
2019-09-24 23:00:00,19,15,42,3,85.55
2019-09-25 00:00:00,17,17,40,4,77.22
2019-09-25 01:00:00,35,35,50,6,80.19
2019-09-25 02:00:00,24,24,46,4,78.47
2019-09-25 03:00:00,25,22,46,4,97.18
2019-09-25 04:00:00,31,30,47,7,82.21
2019-09-25 05:00:00,21,17,37,2,85.48
2019-09-25 06:00:00,25,23,48,2,73.63
2019-09-25 07:00:00,26,24,44,5,80.82
2019-09-25 08:00:00,29,27,52,5,76.4
2019-09-25 09:00:00,11,9,57,3,86.43
2019-09-25 10:00:00,25,21,46,4,89.56
2019-09-25 11:00:00,21,20,47,6,75.53
2019-09-25 12:00:00,29,25,45,4,77.15
2019-09-25 13:00:00,18,16,35,1,76.18
2019-09-25 14:00:00,26,25,37,2,90.4
2019-09-25 15:00:00,22,19,38,3,78.67
2019-09-25 16:00:00,31,30,48,9,79.14
2019-09-25 17:00:00,26,23,52,3,84.92
2019-09-25 18:00:00,32,28,47,5,72.3
2019-09-25 19:00:00,22,19,38,3,86.06
2019-09-25 20:00:00,22,19,34,2,83.95
2019-09-25 21:00:00,24,23,42,5,74.8
2019-09-25 22:00:00,30,26,42,6,79.43
2019-09-25 23:00:00,19,18,48,4,77.17
2019-09-26 00:00:00,28,28,50,9,82.71
2019-09-26 01:00:00,26,23,45,10,87.82
2019-09-26 02:00:00,28,27,39,5,80.1
2019-09-26 03:00:00,15,11,45,5,86.85
2019-09-26 04:00:00,17,16,35,3,76.84
2019-09-26 05:00:00,24,24,43,6,80.05
2019-09-26 06:00:00,27,24,50,6,79.83
2019-09-26 07:00:00,21,21,44,3,79.29
2019-09-26 08:00:00,28,28,51,5,74.68
2019-09-26 09:00:00,29,26,43,7,73.36
2019-09-26 10:00:00,30,30,47,6,81.38
2019-09-26 11:00:00,26,23,37,7,80.83
2019-09-26 12:00:00,26,23,47,3,79.94
2019-09-26 13:00:00,22,20,44,7,80.61
2019-09-26 14:00:00,26,22,42,5,87.6
2019-09-26 15:00:00,24,23,51,8,69.75
2019-09-26 16:00:00,31,30,47,8,94.09
2019-09-26 17:00:00,33,29,43,7,78.16
2019-09-26 18:00:00,23,23,51,6,77.32
2019-09-26 19:00:00,19,15,55,6,89.05
2019-09-26 20:00:00,26,23,39,6,88.89
2019-09-26 21:00:00,32,29,43,13,73.37
2019-09-26 22:00:00,34,33,45,6,76.24
2019-09-26 23:00:00,23,21,58,8,82.46
2019-09-27 00:00:00,27,27,41,5,74.5
2019-09-27 01:00:00,27,23,44,7,85.07
2019-09-27 02:00:00,28,25,51,7,81.35
2019-09-27 03:00:00,28,25,52,7,72.71
2019-09-27 04:00:00,21,19,39,3,87.26
2019-09-27 05:00:00,27,24,45,5,85.91
2019-09-27 06:00:00,33,29,43,5,83.63
2019-09-27 07:00:00,19,18,35,3,89.72
2019-09-27 08:00:00,19,18,40,7,83.24
2019-09-27 09:00:00,29,29,48,7,75.26
2019-09-27 10:00:00,14,10,41,3,75.92
2019-09-27 11:00:00,30,27,50,6,70.45
2019-09-27 12:00:00,17,14,47,5,76.81
2019-09-27 13:00:00,29,25,45,5,84.17
2019-09-27 14:00:00,27,26,43,6,79.7
2019-09-27 15:00:00,26,23,45,9,80.13
2019-09-27 16:00:00,29,26,50,6,83.23
2019-09-27 17:00:00,20,16,35,6,83.99
2019-09-27 18:00:00,26,26,39,7,85.47
2019-09-27 19:00:00,21,17,51,5,86.49
2019-09-27 20:00:00,35,32,35,9,81.42
2019-09-27 21:00:00,21,17,39,5,81.5
2019-09-27 22:00:00,20,16,47,4,87.33
2019-09-27 23:00:00,31,31,46,10,81.06
2019-09-28 00:00:00,25,24,41,7,78.06
2019-09-28 01:00:00,20,16,49,2,75.6
2019-09-28 02:00:00,28,24,37,7,90.39
2019-09-28 03:00:00,25,25,58,7,85.62
2019-09-28 04:00:00,27,24,48,3,78.74
2019-09-28 05:00:00,30,28,44,7,82.27
2019-09-28 06:00:00,34,32,51,7,85.22
2019-09-28 07:00:00,25,22,49,4,87.89
2019-09-28 08:00:00,32,29,50,6,82.0
2019-09-28 09:00:00,23,20,43,4,74.64
2019-09-28 10:00:00,34,33,37,10,84.94
2019-09-28 11:00:00,35,34,50,7,75.15
2019-09-28 12:00:00,22,22,49,6,77.22
2019-09-28 13:00:00,32,29,49,10,81.68
2019-09-28 14:00:00,23,19,41,7,83.7
2019-09-28 15:00:00,23,20,49,6,82.55
2019-09-28 16:00:00,34,31,42,6,92.23
2019-09-28 17:00:00,27,23,51,5,83.52
2019-09-28 18:00:00,27,27,44,4,75.2
2019-09-28 19:00:00,26,23,38,6,68.02
2019-09-28 20:00:00,18,14,40,4,81.6
2019-09-28 21:00:00,16,14,41,8,82.34
2019-09-28 22:00:00,36,34,51,6,91.09
2019-09-28 23:00:00,20,16,44,5,71.88
2019-09-29 00:00:00,28,25,42,9,89.69
2019-09-29 01:00:00,26,25,58,4,84.85
2019-09-29 02:00:00,16,15,43,5,85.8
2019-09-29 03:00:00,20,17,39,4,84.02
2019-09-29 04:00:00,33,29,56,8,74.3
2019-09-29 05:00:00,38,38,41,4,71.89
2019-09-29 06:00:00,23,22,39,10,76.51
2019-09-29 07:00:00,27,25,50,4,86.41
2019-09-29 08:00:00,30,30,40,4,80.28
2019-09-29 09:00:00,25,23,43,4,81.24
2019-09-29 10:00:00,21,18,45,4,83.97
2019-09-29 11:00:00,26,26,43,7,83.71
2019-09-29 12:00:00,31,28,43,9,79.67
2019-09-29 13:00:00,20,19,48,1,79.08
2019-09-29 14:00:00,27,24,44,4,79.9
2019-09-29 15:00:00,28,27,40,8,78.28
2019-09-29 16:00:00,24,23,44,4,77.76
2019-09-29 17:00:00,24,20,50,8,87.84
2019-09-29 18:00:00,31,28,42,3,87.63
2019-09-29 19:00:00,24,24,49,7,83.66
2019-09-29 20:00:00,23,23,46,5,72.89
2019-09-29 21:00:00,23,19,42,6,81.15
2019-09-29 22:00:00,24,21,41,4,76.55
2019-09-29 23:00:00,30,26,45,7,82.41
2019-09-30 00:00:00,29,28,52,7,83.2
2019-09-30 01:00:00,30,27,43,8,84.67
2019-09-30 02:00:00,18,18,39,4,73.81
2019-09-30 03:00:00,23,22,41,3,88.25
2019-09-30 04:00:00,25,21,48,9,75.97
2019-09-30 05:00:00,31,27,41,3,82.72
2019-09-30 06:00:00,27,23,52,9,87.52
2019-09-30 07:00:00,29,26,50,5,84.55
2019-09-30 08:00:00,23,19,40,8,83.43
2019-09-30 09:00:00,29,28,44,5,80.97
2019-09-30 10:00:00,22,19,50,8,78.0
2019-09-30 11:00:00,26,23,43,4,87.94
2019-09-30 12:00:00,35,34,45,6,78.69
2019-09-30 13:00:00,32,32,49,7,71.63
2019-09-30 14:00:00,32,29,52,9,79.49
2019-09-30 15:00:00,31,30,48,8,80.43
2019-09-30 16:00:00,29,26,45,6,82.56
2019-09-30 17:00:00,26,26,43,10,82.91
2019-09-30 18:00:00,32,32,38,7,84.18
2019-09-30 19:00:00,25,23,43,10,74.61
2019-09-30 20:00:00,29,26,43,7,79.57
2019-09-30 21:00:00,27,24,48,10,77.65
2019-09-30 22:00:00,16,15,44,6,82.27
2019-09-30 23:00:00,36,35,45,9,78.04
2019-10-01 00:00:00,33,31,51,5,84.61
2019-10-01 01:00:00,27,26,45,6,76.79
2019-10-01 02:00:00,20,20,42,1,81.84
2019-10-01 03:00:00,26,22,39,3,80.22
2019-10-01 04:00:00,29,26,42,3,88.33
2019-10-01 05:00:00,20,18,40,3,81.67
2019-10-01 06:00:00,23,20,42,3,73.85
2019-10-01 07:00:00,25,23,59,3,82.02
2019-10-01 08:00:00,19,15,43,3,76.98
2019-10-01 09:00:00,34,32,46,12,86.68
2019-10-01 10:00:00,28,26,54,7,80.92
2019-10-01 11:00:00,23,19,40,4,83.05
2019-10-01 12:00:00,25,24,46,4,72.26
2019-10-01 13:00:00,23,23,50,6,79.27
2019-10-01 14:00:00,25,23,46,6,72.98
2019-10-01 15:00:00,28,28,42,3,82.02
2019-10-01 16:00:00,27,25,47,6,79.89
2019-10-01 17:00:00,28,24,40,8,82.79
2019-10-01 18:00:00,26,26,44,7,81.05
2019-10-01 19:00:00,19,16,37,4,84.92
2019-10-01 20:00:00,28,28,47,7,84.6
2019-10-01 21:00:00,23,19,51,2,81.53
2019-10-01 22:00:00,32,31,48,12,79.51
2019-10-01 23:00:00,24,23,48,5,86.14
2019-10-02 00:00:00,22,22,44,6,84.54
2019-10-02 01:00:00,29,25,42,5,85.8
2019-10-02 02:00:00,15,14,38,2,81.96
2019-10-02 03:00:00,28,27,40,6,87.62
2019-10-02 04:00:00,24,23,41,7,77.61
2019-10-02 05:00:00,26,26,47,8,84.75
2019-10-02 06:00:00,28,27,50,7,76.58
2019-10-02 07:00:00,26,22,45,9,77.69
2019-10-02 08:00:00,21,17,44,5,94.19
2019-10-02 09:00:00,31,28,54,12,87.78
2019-10-02 10:00:00,29,28,47,8,79.68
2019-10-02 11:00:00,21,18,38,9,72.06
2019-10-02 12:00:00,24,21,44,7,73.9
2019-10-02 13:00:00,29,28,42,8,83.54
2019-10-02 14:00:00,28,25,36,3,85.66
2019-10-02 15:00:00,26,25,50,7,81.65
2019-10-02 16:00:00,25,23,45,4,83.7
2019-10-02 17:00:00,24,20,54,7,68.12
2019-10-02 18:00:00,30,28,50,7,81.21
2019-10-02 19:00:00,24,24,42,4,85.76
2019-10-02 20:00:00,32,32,47,10,79.18
2019-10-02 21:00:00,23,20,47,4,87.08
2019-10-02 22:00:00,22,20,44,7,91.04
2019-10-02 23:00:00,33,31,35,6,79.16
2019-10-03 00:00:00,29,28,49,3,84.48
2019-10-03 01:00:00,26,23,36,7,80.35
2019-10-03 02:00:00,22,18,38,7,81.74
2019-10-03 03:00:00,24,22,46,5,84.32
2019-10-03 04:00:00,22,20,39,9,81.18
2019-10-03 05:00:00,23,22,41,3,91.35
2019-10-03 06:00:00,32,31,45,7,74.64
2019-10-03 07:00:00,31,27,48,8,84.37
2019-10-03 08:00:00,28,25,43,5,82.45
2019-10-03 09:00:00,29,28,53,5,89.05
2019-10-03 10:00:00,27,27,40,8,80.53
2019-10-03 11:00:00,20,18,51,6,80.7
2019-10-03 12:00:00,26,26,40,2,81.46
2019-10-03 13:00:00,19,19,54,4,86.66
2019-10-03 14:00:00,27,25,52,6,81.02
2019-10-03 15:00:00,26,24,46,4,78.28
2019-10-03 16:00:00,25,24,49,5,74.24
2019-10-03 17:00:00,28,25,50,6,80.33
2019-10-03 18:00:00,19,17,43,5,81.64
2019-10-03 19:00:00,29,26,45,2,70.82
2019-10-03 20:00:00,27,25,38,10,75.66
2019-10-03 21:00:00,25,25,38,4,80.8
2019-10-03 22:00:00,27,27,50,11,72.34
2019-10-03 23:00:00,27,23,45,3,85.52
2019-10-04 00:00:00,17,16,50,3,78.32
2019-10-04 01:00:00,30,29,48,5,75.95
2019-10-04 02:00:00,25,23,46,8,83.36
2019-10-04 03:00:00,25,23,52,6,81.98
2019-10-04 04:00:00,17,16,51,3,81.83
2019-10-04 05:00:00,28,24,41,7,83.8
2019-10-04 06:00:00,17,15,38,7,80.39
2019-10-04 07:00:00,25,22,40,5,74.7
2019-10-04 08:00:00,25,23,51,5,72.96
2019-10-04 09:00:00,31,28,49,4,70.68
2019-10-04 10:00:00,28,25,37,2,84.38
2019-10-04 11:00:00,26,26,44,6,78.01
2019-10-04 12:00:00,30,30,50,5,78.44
2019-10-04 13:00:00,25,21,40,3,72.54
2019-10-04 14:00:00,25,25,45,3,72.99
2019-10-04 15:00:00,33,30,50,9,75.79
2019-10-04 16:00:00,32,28,48,7,76.19
2019-10-04 17:00:00,21,21,39,5,78.59
2019-10-04 18:00:00,28,28,48,5,75.87
2019-10-04 19:00:00,21,18,46,4,88.93
2019-10-04 20:00:00,24,22,49,4,84.84
2019-10-04 21:00:00,31,27,42,6,92.83
2019-10-04 22:00:00,20,20,49,5,80.62
2019-10-04 23:00:00,24,21,47,8,71.69
2019-10-05 00:00:00,24,24,52,9,97.59
2019-10-05 01:00:00,23,21,44,7,78.44
2019-10-05 02:00:00,26,25,41,7,82.98
2019-10-05 03:00:00,23,19,38,6,86.56
2019-10-05 04:00:00,26,22,51,5,84.46
2019-10-05 05:00:00,25,22,34,6,75.95
2019-10-05 06:00:00,25,22,37,4,80.6
2019-10-05 07:00:00,20,20,45,4,73.83
2019-10-05 08:00:00,26,22,42,8,82.41
2019-10-05 09:00:00,36,36,38,9,73.45
2019-10-05 10:00:00,21,20,47,4,80.63
2019-10-05 11:00:00,27,23,48,6,82.38
2019-10-05 12:00:00,26,25,46,9,88.5
2019-10-05 13:00:00,21,21,49,4,82.32
2019-10-05 14:00:00,25,23,46,8,81.57
2019-10-05 15:00:00,22,21,34,7,77.28
2019-10-05 16:00:00,36,34,43,11,80.13
2019-10-05 17:00:00,32,28,46,7,76.73
2019-10-05 18:00:00,13,11,48,5,84.96
2019-10-05 19:00:00,19,17,46,7,83.34
2019-10-05 20:00:00,25,25,47,4,63.23
2019-10-05 21:00:00,30,30,42,17,83.73
2019-10-05 22:00:00,32,32,45,10,80.11
2019-10-05 23:00:00,34,34,47,8,89.0
2019-10-06 00:00:00,27,23,56,6,76.4
2019-10-06 01:00:00,25,25,40,12,91.2
2019-10-06 02:00:00,27,23,48,5,86.3
2019-10-06 03:00:00,25,21,39,5,85.11
2019-10-06 04:00:00,27,25,42,8,78.47
2019-10-06 05:00:00,27,23,50,7,67.7
2019-10-06 06:00:00,26,26,46,8,80.59
2019-10-06 07:00:00,19,16,44,7,86.02
2019-10-06 08:00:00,36,34,56,8,83.82
2019-10-06 09:00:00,31,27,42,8,82.67
2019-10-06 10:00:00,32,30,47,10,82.28
2019-10-06 11:00:00,16,12,48,4,79.7
2019-10-06 12:00:00,23,19,36,7,82.57
2019-10-06 13:00:00,20,18,43,6,79.25
2019-10-06 14:00:00,32,30,38,4,77.95
2019-10-06 15:00:00,28,27,33,8,71.42
2019-10-06 16:00:00,28,27,46,9,80.81
2019-10-06 17:00:00,28,28,47,8,84.64
2019-10-06 18:00:00,35,31,41,11,73.97
2019-10-06 19:00:00,24,22,40,6,85.74
2019-10-06 20:00:00,27,24,52,7,84.05
2019-10-06 21:00:00,21,19,54,5,84.89
2019-10-06 22:00:00,19,18,48,2,75.56
2019-10-06 23:00:00,33,31,45,10,80.41
2019-10-07 00:00:00,21,18,41,7,82.47
2019-10-07 01:00:00,26,24,46,9,85.82
2019-10-07 02:00:00,30,28,44,9,76.79
2019-10-07 03:00:00,34,31,48,7,82.82
2019-10-07 04:00:00,22,21,51,4,81.97
2019-10-07 05:00:00,28,26,46,8,88.5
2019-10-07 06:00:00,26,25,45,5,77.06
2019-10-07 07:00:00,30,27,37,11,79.42
2019-10-07 08:00:00,33,31,47,4,86.37
2019-10-07 09:00:00,29,27,48,5,82.96
2019-10-07 10:00:00,29,25,50,13,88.48
2019-10-07 11:00:00,25,25,36,8,80.4
2019-10-07 12:00:00,28,25,46,3,83.24
2019-10-07 13:00:00,24,23,41,10,74.05
2019-10-07 14:00:00,36,33,48,10,72.68
2019-10-07 15:00:00,25,21,46,10,79.67
2019-10-07 16:00:00,20,17,41,5,81.58
2019-10-07 17:00:00,32,32,53,10,79.3
2019-10-07 18:00:00,30,27,43,9,80.63
2019-10-07 19:00:00,21,20,41,6,84.85
2019-10-07 20:00:00,30,29,42,8,82.16
2019-10-07 21:00:00,36,36,35,9,81.66
2019-10-07 22:00:00,20,16,37,4,81.73
2019-10-07 23:00:00,23,21,50,10,71.79
2019-10-08 00:00:00,27,25,45,16,86.1
2019-10-08 01:00:00,29,29,47,8,79.45
2019-10-08 02:00:00,32,32,46,4,74.47
2019-10-08 03:00:00,28,27,46,5,90.87
2019-10-08 04:00:00,29,29,44,7,86.15
2019-10-08 05:00:00,32,31,41,10,81.05
2019-10-08 06:00:00,29,26,48,7,78.37
2019-10-08 07:00:00,19,18,45,3,72.16
2019-10-08 08:00:00,24,23,39,6,81.67
2019-10-08 09:00:00,34,31,48,9,76.84
2019-10-08 10:00:00,34,33,52,14,80.38
2019-10-08 11:00:00,25,23,46,3,82.36
2019-10-08 12:00:00,23,22,41,8,84.05
2019-10-08 13:00:00,16,16,46,4,84.03
2019-10-08 14:00:00,23,22,48,3,76.99
2019-10-08 15:00:00,35,32,39,14,88.02
2019-10-08 16:00:00,26,26,42,7,80.2
2019-10-08 17:00:00,37,34,45,11,78.16
2019-10-08 18:00:00,27,24,43,5,86.29
2019-10-08 19:00:00,16,14,45,6,89.71
2019-10-08 20:00:00,33,29,52,5,85.06
2019-10-08 21:00:00,21,19,37,3,81.93
2019-10-08 22:00:00,31,28,38,6,86.64
2019-10-08 23:00:00,29,26,42,8,74.61
2019-10-09 00:00:00,29,26,46,7,75.01
2019-10-09 01:00:00,29,26,38,6,86.11
2019-10-09 02:00:00,26,23,54,8,87.43
2019-10-09 03:00:00,27,25,49,6,77.04
2019-10-09 04:00:00,20,16,38,4,77.42
2019-10-09 05:00:00,38,35,45,9,78.38
2019-10-09 06:00:00,35,31,47,5,87.2
2019-10-09 07:00:00,24,24,40,5,77.58
2019-10-09 08:00:00,23,22,36,6,77.45
2019-10-09 09:00:00,23,20,40,6,78.12
2019-10-09 10:00:00,31,28,49,7,83.57
2019-10-09 11:00:00,16,13,38,3,76.27
2019-10-09 12:00:00,22,21,51,3,80.83
2019-10-09 13:00:00,32,28,40,7,71.01
2019-10-09 14:00:00,25,23,32,4,78.84
2019-10-09 15:00:00,24,21,50,4,80.67
2019-10-09 16:00:00,27,26,42,9,90.66
2019-10-09 17:00:00,23,23,43,4,70.2
2019-10-09 18:00:00,25,24,46,7,84.74
2019-10-09 19:00:00,25,22,38,7,82.78
2019-10-09 20:00:00,25,21,39,8,88.02
2019-10-09 21:00:00,33,29,43,8,90.57
2019-10-09 22:00:00,19,19,50,5,80.26
2019-10-09 23:00:00,23,20,46,8,77.8
2019-10-10 00:00:00,39,39,46,11,90.44
2019-10-10 01:00:00,24,24,49,5,84.25
2019-10-10 02:00:00,25,22,49,6,72.81
2019-10-10 03:00:00,36,32,40,5,90.84
2019-10-10 04:00:00,22,18,41,6,78.3
2019-10-10 05:00:00,27,23,47,11,84.87
2019-10-10 06:00:00,25,21,44,5,91.27
2019-10-10 07:00:00,28,24,44,5,80.35
2019-10-10 08:00:00,26,26,34,6,79.58
2019-10-10 09:00:00,24,22,44,8,84.83
2019-10-10 10:00:00,23,20,48,5,76.93
2019-10-10 11:00:00,27,25,43,7,91.16
2019-10-10 12:00:00,21,21,43,4,82.13
2019-10-10 13:00:00,29,26,52,7,99.39
2019-10-10 14:00:00,28,28,41,6,85.14
2019-10-10 15:00:00,40,37,53,13,88.67
2019-10-10 16:00:00,25,24,36,7,77.56
2019-10-10 17:00:00,33,33,47,9,82.42
2019-10-10 18:00:00,33,33,36,7,83.28
2019-10-10 19:00:00,21,20,48,4,83.51
2019-10-10 20:00:00,28,24,40,8,75.48
2019-10-10 21:00:00,24,23,39,7,81.55
2019-10-10 22:00:00,26,25,41,4,77.93
2019-10-10 23:00:00,27,25,41,7,80.72
2019-10-11 00:00:00,20,18,44,6,85.79
2019-10-11 01:00:00,18,14,48,6,80.98
2019-10-11 02:00:00,30,28,51,7,91.32
2019-10-11 03:00:00,26,22,54,6,87.16
2019-10-11 04:00:00,30,29,44,8,82.72
2019-10-11 05:00:00,27,25,43,6,83.19
2019-10-11 06:00:00,24,20,45,8,83.63
2019-10-11 07:00:00,25,21,42,7,90.89
2019-10-11 08:00:00,26,24,33,5,73.25
2019-10-11 09:00:00,23,20,46,5,86.45
2019-10-11 10:00:00,26,24,39,8,76.85
2019-10-11 11:00:00,32,28,44,6,81.76
2019-10-11 12:00:00,24,21,42,7,82.81
2019-10-11 13:00:00,24,22,39,5,77.8
2019-10-11 14:00:00,35,34,41,8,83.03
2019-10-11 15:00:00,28,28,39,10,91.58
2019-10-11 16:00:00,30,28,45,3,84.5
2019-10-11 17:00:00,23,21,42,8,80.33
2019-10-11 18:00:00,26,26,45,7,73.5
2019-10-11 19:00:00,22,19,38,7,76.73
2019-10-11 20:00:00,29,29,46,8,71.48
2019-10-11 21:00:00,27,24,52,11,81.27
2019-10-11 22:00:00,37,33,46,8,84.19
2019-10-11 23:00:00,18,15,50,9,80.38
2019-10-12 00:00:00,22,21,43,5,78.02
2019-10-12 01:00:00,26,26,43,7,81.53
2019-10-12 02:00:00,30,29,48,6,83.02
2019-10-12 03:00:00,26,25,43,9,82.1
2019-10-12 04:00:00,19,19,50,4,79.38
2019-10-12 05:00:00,22,19,44,6,79.02
2019-10-12 06:00:00,34,33,46,10,87.03
2019-10-12 07:00:00,19,18,42,3,78.83
2019-10-12 08:00:00,21,18,38,6,87.29
2019-10-12 09:00:00,35,34,44,14,78.97
2019-10-12 10:00:00,22,20,43,6,81.54
2019-10-12 11:00:00,32,32,42,10,81.5
2019-10-12 12:00:00,35,32,47,8,80.03
2019-10-12 13:00:00,32,30,50,11,76.12
2019-10-12 14:00:00,30,28,50,9,68.64
2019-10-12 15:00:00,30,27,44,7,80.0
2019-10-12 16:00:00,34,30,42,6,83.14
2019-10-12 17:00:00,33,32,40,10,84.0
2019-10-12 18:00:00,20,19,55,4,89.86
2019-10-12 19:00:00,24,20,51,5,85.56
2019-10-12 20:00:00,24,20,45,4,83.64
2019-10-12 21:00:00,32,28,34,6,81.96
2019-10-12 22:00:00,33,32,44,11,82.49
2019-10-12 23:00:00,32,32,49,7,83.81
2019-10-13 00:00:00,22,21,41,6,90.35
2019-10-13 01:00:00,22,22,39,7,81.01
2019-10-13 02:00:00,26,25,48,8,77.7
2019-10-13 03:00:00,21,21,45,6,78.34
2019-10-13 04:00:00,32,32,45,8,75.27
2019-10-13 05:00:00,28,26,45,8,95.49
2019-10-13 06:00:00,25,24,38,9,74.19
2019-10-13 07:00:00,26,26,41,9,78.46
2019-10-13 08:00:00,26,24,44,5,80.82
2019-10-13 09:00:00,29,28,38,7,81.71
2019-10-13 10:00:00,30,30,40,5,79.14
2019-10-13 11:00:00,33,31,52,7,79.24
2019-10-13 12:00:00,20,16,46,7,80.61
2019-10-13 13:00:00,24,24,46,6,82.73
2019-10-13 14:00:00,29,27,48,6,82.32
2019-10-13 15:00:00,33,33,48,6,80.11
2019-10-13 16:00:00,28,27,45,7,79.35
2019-10-13 17:00:00,28,26,41,9,79.75
2019-10-13 18:00:00,20,19,40,4,87.45
2019-10-13 19:00:00,24,22,46,6,83.51
2019-10-13 20:00:00,24,24,52,9,83.64
2019-10-13 21:00:00,26,25,33,4,88.97
2019-10-13 22:00:00,28,25,49,7,89.17
2019-10-13 23:00:00,37,34,38,12,80.38
2019-10-14 00:00:00,25,22,47,11,80.04
2019-10-14 01:00:00,25,22,43,8,79.2
2019-10-14 02:00:00,22,20,42,5,77.98
2019-10-14 03:00:00,37,36,45,12,85.22
2019-10-14 04:00:00,30,28,47,3,81.78
2019-10-14 05:00:00,35,34,50,13,80.3
2019-10-14 06:00:00,32,29,41,4,85.35
2019-10-14 07:00:00,20,16,47,8,89.1
2019-10-14 08:00:00,30,30,46,7,86.45
2019-10-14 09:00:00,40,37,47,11,88.24
2019-10-14 10:00:00,29,26,44,11,77.56
2019-10-14 11:00:00,24,20,47,9,88.46
2019-10-14 12:00:00,35,33,54,11,79.39
2019-10-14 13:00:00,26,24,45,9,84.46
2019-10-14 14:00:00,27,26,44,6,82.29
2019-10-14 15:00:00,25,25,43,4,66.87
2019-10-14 16:00:00,24,23,46,5,79.24
2019-10-14 17:00:00,12,9,44,7,88.78
2019-10-14 18:00:00,29,27,53,6,87.31
2019-10-14 19:00:00,26,23,39,4,82.23
2019-10-14 20:00:00,26,23,51,4,78.85
2019-10-14 21:00:00,21,19,42,5,79.75
2019-10-14 22:00:00,32,29,44,3,87.53
2019-10-14 23:00:00,31,28,48,6,87.77
2019-10-15 00:00:00,28,28,42,6,88.93
2019-10-15 01:00:00,30,29,41,9,80.26
2019-10-15 02:00:00,27,27,40,8,93.7
2019-10-15 03:00:00,26,22,41,3,79.57
2019-10-15 04:00:00,30,30,45,6,91.99
2019-10-15 05:00:00,31,30,55,7,89.44
2019-10-15 06:00:00,25,25,47,7,78.85
2019-10-15 07:00:00,23,19,49,6,85.88
2019-10-15 08:00:00,21,18,39,6,79.3
2019-10-15 09:00:00,38,35,39,11,82.89
2019-10-15 10:00:00,26,26,49,11,86.79
2019-10-15 11:00:00,31,27,35,6,82.56
2019-10-15 12:00:00,27,26,44,9,75.45
2019-10-15 13:00:00,25,21,50,4,75.83
2019-10-15 14:00:00,29,29,44,7,77.06
2019-10-15 15:00:00,36,34,43,8,82.38
2019-10-15 16:00:00,33,31,48,6,87.9
2019-10-15 17:00:00,31,27,44,3,80.11
2019-10-15 18:00:00,31,31,49,7,82.65
2019-10-15 19:00:00,21,17,41,4,92.7
2019-10-15 20:00:00,27,27,51,7,72.36
2019-10-15 21:00:00,32,31,44,9,83.37
2019-10-15 22:00:00,21,19,38,5,78.76
2019-10-15 23:00:00,24,21,46,6,77.43
2019-10-16 00:00:00,34,32,37,7,82.98
2019-10-16 01:00:00,32,29,45,8,91.17
2019-10-16 02:00:00,28,28,40,8,80.02
2019-10-16 03:00:00,30,27,36,7,78.66
2019-10-16 04:00:00,31,30,35,13,75.6
2019-10-16 05:00:00,24,24,49,6,81.33
2019-10-16 06:00:00,16,14,39,4,80.61
2019-10-16 07:00:00,31,29,47,8,77.35
2019-10-16 08:00:00,24,20,47,4,79.88
2019-10-16 09:00:00,36,33,51,12,84.5
2019-10-16 10:00:00,20,20,47,4,77.33
2019-10-16 11:00:00,30,27,34,8,80.39
2019-10-16 12:00:00,23,22,49,5,79.57
2019-10-16 13:00:00,31,30,43,7,84.64
2019-10-16 14:00:00,31,27,52,6,85.01
2019-10-16 15:00:00,25,25,46,7,79.61
2019-10-16 16:00:00,21,21,48,7,82.6
2019-10-16 17:00:00,26,23,49,8,83.39
2019-10-16 18:00:00,29,25,40,4,87.09
2019-10-16 19:00:00,23,21,48,7,73.5
2019-10-16 20:00:00,27,27,46,11,89.86
2019-10-16 21:00:00,30,30,48,8,79.22
2019-10-16 22:00:00,20,20,45,7,78.0
2019-10-16 23:00:00,33,29,42,6,81.14
2019-10-17 00:00:00,25,24,39,7,81.5
2019-10-17 01:00:00,29,27,44,6,76.95
2019-10-17 02:00:00,25,24,49,7,81.65
2019-10-17 03:00:00,28,25,44,6,83.28
2019-10-17 04:00:00,30,30,47,9,87.0
2019-10-17 05:00:00,24,21,30,6,78.14
2019-10-17 06:00:00,23,20,50,7,92.06
2019-10-17 07:00:00,28,28,48,5,77.59
2019-10-17 08:00:00,26,22,46,5,79.28
2019-10-17 09:00:00,25,22,50,5,79.85
2019-10-17 10:00:00,27,23,45,7,83.84
2019-10-17 11:00:00,28,27,50,7,82.71
2019-10-17 12:00:00,17,15,44,3,85.14
2019-10-17 13:00:00,40,38,42,3,76.36
2019-10-17 14:00:00,28,26,46,4,72.92
2019-10-17 15:00:00,32,30,39,7,83.69
2019-10-17 16:00:00,36,32,50,7,84.54
2019-10-17 17:00:00,20,19,50,2,82.98
2019-10-17 18:00:00,20,16,54,5,83.78
2019-10-17 19:00:00,37,34,44,7,76.91
2019-10-17 20:00:00,29,29,45,6,77.01
2019-10-17 21:00:00,26,23,45,6,84.47
2019-10-17 22:00:00,27,23,43,3,83.51
2019-10-17 23:00:00,22,19,46,4,87.67
2019-10-18 00:00:00,25,22,46,8,86.52
2019-10-18 01:00:00,31,28,32,9,79.58
2019-10-18 02:00:00,27,26,40,8,91.47
2019-10-18 03:00:00,29,28,50,8,73.84
2019-10-18 04:00:00,30,30,46,8,76.72
2019-10-18 05:00:00,27,25,35,12,81.96
2019-10-18 06:00:00,37,33,39,13,76.48
2019-10-18 07:00:00,27,23,45,6,76.7
2019-10-18 08:00:00,21,20,40,5,71.6
2019-10-18 09:00:00,26,25,47,7,84.33
2019-10-18 10:00:00,23,23,47,6,61.66
2019-10-18 11:00:00,19,15,47,4,84.84
2019-10-18 12:00:00,30,26,45,6,87.54
2019-10-18 13:00:00,21,21,44,5,82.09
2019-10-18 14:00:00,28,28,53,9,76.83
2019-10-18 15:00:00,26,23,40,8,75.85
2019-10-18 16:00:00,27,27,30,9,88.14
2019-10-18 17:00:00,27,24,36,6,84.03
2019-10-18 18:00:00,29,25,40,7,75.6
2019-10-18 19:00:00,24,21,54,4,78.53
2019-10-18 20:00:00,28,26,49,5,87.25
2019-10-18 21:00:00,19,18,39,6,86.96
2019-10-18 22:00:00,23,20,40,6,82.02
2019-10-18 23:00:00,25,23,47,6,89.56
2019-10-19 00:00:00,31,31,44,11,80.77
2019-10-19 01:00:00,33,33,38,10,76.31
2019-10-19 02:00:00,23,23,38,9,72.65
2019-10-19 03:00:00,36,36,40,6,90.35
2019-10-19 04:00:00,33,31,39,6,70.99
2019-10-19 05:00:00,31,30,40,9,80.3
2019-10-19 06:00:00,26,23,45,5,91.77
2019-10-19 07:00:00,28,27,45,10,79.78
2019-10-19 08:00:00,29,26,34,9,87.93
2019-10-19 09:00:00,27,26,44,6,84.83
2019-10-19 10:00:00,29,27,41,6,83.81
2019-10-19 11:00:00,19,17,46,5,82.04
2019-10-19 12:00:00,35,35,49,7,77.94
2019-10-19 13:00:00,26,22,47,5,80.29
2019-10-19 14:00:00,33,31,38,9,77.7
2019-10-19 15:00:00,26,24,45,7,79.1
2019-10-19 16:00:00,40,40,50,11,80.79
2019-10-19 17:00:00,29,25,42,5,78.76
2019-10-19 18:00:00,32,30,30,7,82.58
2019-10-19 19:00:00,24,22,48,8,80.38
2019-10-19 20:00:00,19,18,38,6,92.48
2019-10-19 21:00:00,25,22,51,5,92.16
2019-10-19 22:00:00,29,26,43,10,82.73
2019-10-19 23:00:00,41,40,50,15,71.87
2019-10-20 00:00:00,33,30,39,3,85.21
2019-10-20 01:00:00,24,24,43,6,87.6
2019-10-20 02:00:00,24,20,47,7,71.95
2019-10-20 03:00:00,22,20,51,5,84.35
2019-10-20 04:00:00,31,28,47,5,87.01
2019-10-20 05:00:00,26,24,46,6,83.2
2019-10-20 06:00:00,18,17,46,5,83.1
2019-10-20 07:00:00,20,19,39,6,78.41
2019-10-20 08:00:00,23,20,49,10,84.14
2019-10-20 09:00:00,29,28,33,6,80.63
2019-10-20 10:00:00,22,19,47,2,79.87
2019-10-20 11:00:00,34,34,35,10,78.68
2019-10-20 12:00:00,18,15,45,4,74.94
2019-10-20 13:00:00,28,27,43,7,75.34
2019-10-20 14:00:00,21,21,42,5,74.8
2019-10-20 15:00:00,24,24,46,6,82.13
2019-10-20 16:00:00,24,21,44,7,78.28
2019-10-20 17:00:00,23,21,47,3,87.01
2019-10-20 18:00:00,29,27,48,11,80.58
2019-10-20 19:00:00,35,34,31,9,81.68
2019-10-20 20:00:00,28,25,53,7,79.33
2019-10-20 21:00:00,32,30,39,8,84.02
2019-10-20 22:00:00,28,25,46,5,82.79
2019-10-20 23:00:00,28,26,49,8,88.11
2019-10-21 00:00:00,31,31,48,6,85.5
2019-10-21 01:00:00,28,25,49,8,75.15
2019-10-21 02:00:00,42,40,38,7,87.14
2019-10-21 03:00:00,37,33,44,13,80.6
2019-10-21 04:00:00,23,22,48,7,79.61
2019-10-21 05:00:00,36,35,43,11,88.94
2019-10-21 06:00:00,35,32,49,9,82.16
2019-10-21 07:00:00,39,35,46,8,81.33
2019-10-21 08:00:00,31,31,45,8,86.86
2019-10-21 09:00:00,30,29,50,9,72.14
2019-10-21 10:00:00,29,26,35,7,84.42
2019-10-21 11:00:00,29,28,36,8,75.93
2019-10-21 12:00:00,30,27,48,8,79.83
2019-10-21 13:00:00,26,22,44,8,85.07
2019-10-21 14:00:00,20,18,44,6,71.12
2019-10-21 15:00:00,33,31,44,9,91.46
2019-10-21 16:00:00,27,25,51,6,84.41
2019-10-21 17:00:00,28,26,42,6,85.3
2019-10-21 18:00:00,29,29,46,9,75.32
2019-10-21 19:00:00,16,13,46,2,75.07
2019-10-21 20:00:00,27,27,50,7,80.52
2019-10-21 21:00:00,25,23,46,6,78.02
2019-10-21 22:00:00,21,19,47,5,79.06
2019-10-21 23:00:00,24,20,38,6,90.26
2019-10-22 00:00:00,22,21,39,6,79.42
2019-10-22 01:00:00,31,29,40,9,84.12
2019-10-22 02:00:00,24,24,43,7,81.03
2019-10-22 03:00:00,33,33,41,10,88.35
2019-10-22 04:00:00,26,26,44,8,72.73
2019-10-22 05:00:00,20,16,43,7,79.65
2019-10-22 06:00:00,28,28,34,8,74.29
2019-10-22 07:00:00,33,30,43,6,93.0
2019-10-22 08:00:00,21,18,41,4,66.33
2019-10-22 09:00:00,24,20,49,7,85.48
2019-10-22 10:00:00,32,29,47,7,85.27
2019-10-22 11:00:00,29,25,50,11,83.86
2019-10-22 12:00:00,28,24,50,9,78.27
2019-10-22 13:00:00,31,27,56,5,78.64
2019-10-22 14:00:00,28,25,41,4,84.05
2019-10-22 15:00:00,31,29,48,9,81.72
2019-10-22 16:00:00,25,22,43,7,77.2
2019-10-22 17:00:00,29,25,43,7,83.45
2019-10-22 18:00:00,15,14,38,5,82.69
2019-10-22 19:00:00,30,27,40,8,85.04
2019-10-22 20:00:00,24,23,53,4,83.97
2019-10-22 21:00:00,26,23,44,7,75.53
2019-10-22 22:00:00,31,27,37,9,80.84
2019-10-22 23:00:00,25,22,41,6,74.87
2019-10-23 00:00:00,35,35,43,10,82.62
2019-10-23 01:00:00,31,31,39,10,72.86
2019-10-23 02:00:00,33,29,48,10,78.42
2019-10-23 03:00:00,24,22,43,5,78.8
2019-10-23 04:00:00,26,25,46,6,81.53
2019-10-23 05:00:00,41,38,36,10,79.32
2019-10-23 06:00:00,33,29,38,13,76.44
2019-10-23 07:00:00,36,35,39,9,82.71
2019-10-23 08:00:00,26,23,49,10,83.24
2019-10-23 09:00:00,29,26,43,7,72.49
2019-10-23 10:00:00,21,19,46,7,80.26
2019-10-23 11:00:00,31,30,55,8,82.22
2019-10-23 12:00:00,24,21,41,8,84.69
2019-10-23 13:00:00,16,14,44,2,79.26
2019-10-23 14:00:00,27,27,43,10,89.79
2019-10-23 15:00:00,30,28,38,9,81.82
2019-10-23 16:00:00,28,27,46,7,85.66
2019-10-23 17:00:00,26,24,40,5,79.16
2019-10-23 18:00:00,23,23,37,6,84.53
2019-10-23 19:00:00,28,28,30,8,79.44
2019-10-23 20:00:00,23,22,45,6,86.96
2019-10-23 21:00:00,26,22,45,6,80.78
2019-10-23 22:00:00,29,27,48,8,82.16
2019-10-23 23:00:00,31,30,52,5,78.85
2019-10-24 00:00:00,24,21,44,5,81.86
2019-10-24 01:00:00,24,22,44,5,82.01
2019-10-24 02:00:00,25,25,36,7,69.82
2019-10-24 03:00:00,36,34,55,9,87.77
2019-10-24 04:00:00,33,32,30,7,72.8
2019-10-24 05:00:00,24,20,43,8,88.92
2019-10-24 06:00:00,21,17,52,4,86.06
2019-10-24 07:00:00,19,16,42,4,86.92
2019-10-24 08:00:00,29,28,38,7,77.29
2019-10-24 09:00:00,26,24,47,7,80.2
2019-10-24 10:00:00,22,22,54,5,83.96
2019-10-24 11:00:00,27,25,56,11,73.75
2019-10-24 12:00:00,32,30,39,6,76.4
2019-10-24 13:00:00,27,27,47,8,71.35
2019-10-24 14:00:00,25,22,51,8,87.12
2019-10-24 15:00:00,16,12,48,6,81.66
2019-10-24 16:00:00,40,36,47,10,87.1
2019-10-24 17:00:00,27,25,42,7,85.02
2019-10-24 18:00:00,29,28,43,7,86.55
2019-10-24 19:00:00,27,23,42,9,80.48
2019-10-24 20:00:00,27,24,37,8,75.91
2019-10-24 21:00:00,32,29,39,8,83.24
2019-10-24 22:00:00,23,23,40,9,78.93
2019-10-24 23:00:00,30,29,49,8,85.21
2019-10-25 00:00:00,25,21,47,11,83.66
2019-10-25 01:00:00,29,28,43,6,85.21
2019-10-25 02:00:00,23,19,41,7,88.65
2019-10-25 03:00:00,33,33,33,12,72.73
2019-10-25 04:00:00,21,20,43,6,71.08
2019-10-25 05:00:00,18,17,45,3,73.92
2019-10-25 06:00:00,32,28,55,9,77.65
2019-10-25 07:00:00,29,27,50,4,80.41
2019-10-25 08:00:00,34,30,45,9,78.01
2019-10-25 09:00:00,28,27,44,8,83.89
2019-10-25 10:00:00,27,27,39,7,82.27
2019-10-25 11:00:00,22,22,46,7,79.69
2019-10-25 12:00:00,15,13,46,3,83.1
2019-10-25 13:00:00,26,24,46,6,84.95
2019-10-25 14:00:00,23,22,40,9,77.89
2019-10-25 15:00:00,23,21,53,5,84.97
2019-10-25 16:00:00,27,27,54,11,71.08
2019-10-25 17:00:00,32,31,44,8,78.8
2019-10-25 18:00:00,26,24,48,9,85.64
2019-10-25 19:00:00,25,25,36,6,74.41
2019-10-25 20:00:00,29,27,38,6,75.65
2019-10-25 21:00:00,30,30,47,5,76.82
2019-10-25 22:00:00,30,29,47,8,80.55
2019-10-25 23:00:00,19,19,47,4,79.27
2019-10-26 00:00:00,22,19,45,9,85.15
2019-10-26 01:00:00,21,17,48,7,89.28
2019-10-26 02:00:00,32,32,39,3,80.84
2019-10-26 03:00:00,28,25,43,10,86.63
2019-10-26 04:00:00,32,30,54,9,80.98
2019-10-26 05:00:00,15,11,44,3,79.82
2019-10-26 06:00:00,25,25,50,4,85.62
2019-10-26 07:00:00,26,26,43,5,78.71
2019-10-26 08:00:00,31,30,46,9,74.41
2019-10-26 09:00:00,30,30,50,6,84.21
2019-10-26 10:00:00,34,30,38,4,87.11
2019-10-26 11:00:00,35,33,51,8,84.02
2019-10-26 12:00:00,24,23,43,4,81.14
2019-10-26 13:00:00,25,21,47,9,81.92
2019-10-26 14:00:00,18,18,41,5,77.22
2019-10-26 15:00:00,33,29,41,6,88.72
2019-10-26 16:00:00,28,24,37,8,79.48
2019-10-26 17:00:00,27,25,40,6,74.02
2019-10-26 18:00:00,26,26,45,8,84.19
2019-10-26 19:00:00,20,17,45,7,81.44
2019-10-26 20:00:00,30,29,48,7,84.42
2019-10-26 21:00:00,25,23,43,7,81.69
2019-10-26 22:00:00,30,29,50,9,83.09
2019-10-26 23:00:00,37,37,50,8,76.52
2019-10-27 00:00:00,30,29,41,6,86.57
2019-10-27 01:00:00,24,20,30,7,76.92
2019-10-27 02:00:00,24,20,46,8,74.03
2019-10-27 03:00:00,28,24,44,5,79.59
2019-10-27 04:00:00,25,22,39,8,80.49
2019-10-27 05:00:00,26,22,52,12,87.99
2019-10-27 06:00:00,25,21,42,7,80.04
2019-10-27 07:00:00,29,29,39,10,77.85
2019-10-27 08:00:00,27,23,56,8,83.26
2019-10-27 09:00:00,23,20,43,7,75.52
2019-10-27 10:00:00,25,22,44,7,91.24
2019-10-27 11:00:00,32,30,46,9,79.19
2019-10-27 12:00:00,31,28,38,9,85.27
2019-10-27 13:00:00,27,23,41,6,84.3
2019-10-27 14:00:00,38,37,43,8,73.14
2019-10-27 15:00:00,23,21,52,6,81.57
2019-10-27 16:00:00,33,30,40,10,80.0
2019-10-27 17:00:00,21,19,49,6,83.19
2019-10-27 18:00:00,19,19,47,4,86.02
2019-10-27 19:00:00,21,17,44,7,88.06
2019-10-27 20:00:00,28,24,41,8,85.49
2019-10-27 21:00:00,28,26,39,6,78.54
2019-10-27 22:00:00,23,20,61,7,79.52
2019-10-27 23:00:00,27,26,50,9,84.32
2019-10-28 00:00:00,35,32,43,10,78.66
2019-10-28 01:00:00,24,22,44,6,81.55
2019-10-28 02:00:00,23,20,41,7,83.56
2019-10-28 03:00:00,26,24,37,8,74.72
2019-10-28 04:00:00,21,17,42,4,81.45
2019-10-28 05:00:00,26,22,42,5,84.76
2019-10-28 06:00:00,20,16,52,8,80.79
2019-10-28 07:00:00,31,29,45,5,88.57
2019-10-28 08:00:00,37,33,41,7,78.05
2019-10-28 09:00:00,32,32,53,10,86.81
2019-10-28 10:00:00,14,13,41,4,88.99
2019-10-28 11:00:00,28,26,43,5,86.84
2019-10-28 12:00:00,32,28,51,5,88.69
2019-10-28 13:00:00,37,37,39,9,76.98
2019-10-28 14:00:00,32,29,41,9,75.54
2019-10-28 15:00:00,30,29,42,9,81.79
2019-10-28 16:00:00,32,31,46,5,77.3
2019-10-28 17:00:00,19,15,36,4,81.61
2019-10-28 18:00:00,27,25,43,6,77.1
2019-10-28 19:00:00,33,31,39,7,78.05
2019-10-28 20:00:00,20,20,43,9,84.23
2019-10-28 21:00:00,35,33,47,7,78.24
2019-10-28 22:00:00,22,18,39,6,83.87
2019-10-28 23:00:00,37,36,38,11,77.3
2019-10-29 00:00:00,31,30,42,8,79.48
2019-10-29 01:00:00,32,31,42,14,69.71
2019-10-29 02:00:00,27,23,48,5,77.36
2019-10-29 03:00:00,30,27,35,6,85.09
2019-10-29 04:00:00,27,23,44,8,76.71
2019-10-29 05:00:00,32,31,40,8,80.53
2019-10-29 06:00:00,32,31,38,6,80.39
2019-10-29 07:00:00,25,23,39,4,85.83
2019-10-29 08:00:00,29,28,40,7,73.63
2019-10-29 09:00:00,33,33,38,10,79.95
2019-10-29 10:00:00,32,28,40,8,79.83
2019-10-29 11:00:00,21,19,43,4,89.86
2019-10-29 12:00:00,33,31,39,6,91.46
2019-10-29 13:00:00,26,23,44,6,87.58
2019-10-29 14:00:00,24,21,47,6,86.22
2019-10-29 15:00:00,25,24,45,4,79.41
2019-10-29 16:00:00,21,21,42,7,79.3
2019-10-29 17:00:00,32,32,45,10,78.18
2019-10-29 18:00:00,31,29,37,6,83.04
2019-10-29 19:00:00,31,27,37,9,79.33
2019-10-29 20:00:00,25,22,46,4,76.63
2019-10-29 21:00:00,24,22,42,5,78.76
2019-10-29 22:00:00,26,23,43,5,79.46
2019-10-29 23:00:00,23,20,42,7,75.92
2019-10-30 00:00:00,29,29,48,6,88.36
2019-10-30 01:00:00,30,28,52,8,85.81
2019-10-30 02:00:00,25,25,41,8,82.64
2019-10-30 03:00:00,29,29,44,6,78.45
2019-10-30 04:00:00,18,16,48,5,81.18
2019-10-30 05:00:00,20,16,47,4,88.02
2019-10-30 06:00:00,23,20,40,7,86.01
2019-10-30 07:00:00,36,36,35,7,85.97
2019-10-30 08:00:00,22,18,54,5,83.92
2019-10-30 09:00:00,26,25,39,4,87.13
2019-10-30 10:00:00,23,21,53,5,76.88
2019-10-30 11:00:00,17,16,54,6,71.75
2019-10-30 12:00:00,36,35,47,10,78.56
2019-10-30 13:00:00,27,25,49,7,77.78
2019-10-30 14:00:00,30,27,43,9,81.75
2019-10-30 15:00:00,21,17,45,4,85.14
2019-10-30 16:00:00,30,29,40,9,75.73
2019-10-30 17:00:00,26,25,51,6,86.31
2019-10-30 18:00:00,25,21,56,5,81.85
2019-10-30 19:00:00,23,22,51,7,89.69
2019-10-30 20:00:00,24,22,43,6,79.09
2019-10-30 21:00:00,26,22,39,9,89.42
2019-10-30 22:00:00,31,31,54,9,73.69
2019-10-30 23:00:00,20,20,38,8,80.1
2019-10-31 00:00:00,28,25,46,8,82.8
2019-10-31 01:00:00,29,28,49,5,72.1
2019-10-31 02:00:00,31,29,50,11,79.44
2019-10-31 03:00:00,30,26,51,6,87.86
2019-10-31 04:00:00,34,33,43,9,79.81
2019-10-31 05:00:00,33,31,42,8,90.61
2019-10-31 06:00:00,25,23,38,3,77.12
2019-10-31 07:00:00,22,22,34,2,84.42
2019-10-31 08:00:00,22,22,45,7,80.26
2019-10-31 09:00:00,24,22,51,9,76.73
2019-10-31 10:00:00,38,37,41,8,83.13
2019-10-31 11:00:00,28,24,46,7,83.53
2019-10-31 12:00:00,16,13,47,3,84.32
2019-10-31 13:00:00,21,20,42,7,82.32
2019-10-31 14:00:00,33,31,48,10,85.42
2019-10-31 15:00:00,26,22,58,11,89.12
2019-10-31 16:00:00,27,24,44,5,76.55
2019-10-31 17:00:00,25,23,46,5,77.38
2019-10-31 18:00:00,18,14,45,5,78.92
2019-10-31 19:00:00,25,21,35,5,78.0
2019-10-31 20:00:00,30,27,34,9,75.39
2019-10-31 21:00:00,29,27,45,7,81.46
2019-10-31 22:00:00,29,29,44,7,77.24
2019-10-31 23:00:00,27,26,41,5,84.61
2019-11-01 00:00:00,33,30,45,9,88.46
2019-11-01 01:00:00,31,30,48,9,80.79
2019-11-01 02:00:00,28,25,38,4,87.01
2019-11-01 03:00:00,26,26,41,8,80.08
2019-11-01 04:00:00,28,27,30,7,86.23
2019-11-01 05:00:00,20,16,48,4,90.58
2019-11-01 06:00:00,25,21,50,7,78.94
2019-11-01 07:00:00,21,20,46,3,84.22
2019-11-01 08:00:00,30,28,36,6,83.1
2019-11-01 09:00:00,31,27,50,9,81.16
2019-11-01 10:00:00,30,27,47,7,75.73
2019-11-01 11:00:00,32,30,41,7,82.0
2019-11-01 12:00:00,29,26,49,4,82.1
2019-11-01 13:00:00,27,27,47,7,77.5
2019-11-01 14:00:00,16,12,40,8,79.17
2019-11-01 15:00:00,31,31,38,5,91.91
2019-11-01 16:00:00,33,31,41,8,77.95
2019-11-01 17:00:00,25,22,45,6,85.72
2019-11-01 18:00:00,37,33,49,7,83.4
2019-11-01 19:00:00,30,29,41,6,84.68
2019-11-01 20:00:00,31,31,42,11,67.86
2019-11-01 21:00:00,27,23,40,13,91.1
2019-11-01 22:00:00,30,29,49,7,77.2
2019-11-01 23:00:00,20,18,48,6,76.8
2019-11-02 00:00:00,31,30,42,7,88.89
2019-11-02 01:00:00,19,17,38,6,83.18
2019-11-02 02:00:00,29,29,45,8,80.36
2019-11-02 03:00:00,24,23,36,6,74.98
2019-11-02 04:00:00,24,21,38,7,78.95
2019-11-02 05:00:00,30,27,49,7,86.37
2019-11-02 06:00:00,22,19,55,5,83.38
2019-11-02 07:00:00,24,22,34,4,72.41
2019-11-02 08:00:00,28,27,47,9,85.95
2019-11-02 09:00:00,24,20,31,8,80.82
2019-11-02 10:00:00,21,20,44,6,86.41
2019-11-02 11:00:00,25,24,41,6,79.96
2019-11-02 12:00:00,21,21,47,6,80.66
2019-11-02 13:00:00,24,20,46,5,87.62
2019-11-02 14:00:00,28,25,49,7,80.44
2019-11-02 15:00:00,18,16,38,7,78.53
2019-11-02 16:00:00,20,16,47,2,76.54
2019-11-02 17:00:00,27,24,46,8,82.97
2019-11-02 18:00:00,24,22,44,7,79.62
2019-11-02 19:00:00,33,29,49,11,85.61
2019-11-02 20:00:00,29,27,51,6,80.2
2019-11-02 21:00:00,34,32,45,10,83.74
2019-11-02 22:00:00,40,37,36,9,84.17
2019-11-02 23:00:00,24,24,50,6,76.92
2019-11-03 00:00:00,26,23,44,8,87.54
2019-11-03 01:00:00,33,29,47,11,79.36
2019-11-03 02:00:00,30,27,44,9,73.96
2019-11-03 03:00:00,18,15,36,3,80.98
2019-11-03 04:00:00,31,28,41,9,73.68
2019-11-03 05:00:00,27,23,49,11,83.71
2019-11-03 06:00:00,23,19,39,6,79.7
2019-11-03 07:00:00,24,22,43,7,86.59
2019-11-03 08:00:00,29,27,50,4,82.53
2019-11-03 09:00:00,32,28,49,7,74.36
2019-11-03 10:00:00,24,22,53,4,81.92
2019-11-03 11:00:00,22,19,44,2,93.53
2019-11-03 12:00:00,23,22,47,6,86.01
2019-11-03 13:00:00,26,25,46,7,86.52
2019-11-03 14:00:00,33,31,36,7,90.35
2019-11-03 15:00:00,27,25,50,7,85.05
2019-11-03 16:00:00,29,29,44,7,77.75
2019-11-03 17:00:00,20,17,45,8,87.3
2019-11-03 18:00:00,32,29,47,10,85.98
2019-11-03 19:00:00,37,37,44,8,77.92
2019-11-03 20:00:00,24,24,37,4,76.99
2019-11-03 21:00:00,22,21,37,7,81.43
2019-11-03 22:00:00,30,27,44,3,74.18
2019-11-03 23:00:00,15,12,42,5,79.05
2019-11-04 00:00:00,33,29,43,12,84.09
2019-11-04 01:00:00,20,17,39,5,75.24
2019-11-04 02:00:00,28,27,40,8,80.56
2019-11-04 03:00:00,26,25,40,5,72.63
2019-11-04 04:00:00,23,23,42,5,73.22
2019-11-04 05:00:00,27,26,43,8,70.36
2019-11-04 06:00:00,32,31,49,7,83.97
2019-11-04 07:00:00,24,20,50,7,79.69
2019-11-04 08:00:00,25,24,51,5,91.31
2019-11-04 09:00:00,18,16,44,6,78.91
2019-11-04 10:00:00,19,17,42,6,80.54
2019-11-04 11:00:00,33,33,38,9,79.25
2019-11-04 12:00:00,30,27,46,5,75.71
2019-11-04 13:00:00,29,26,44,4,83.31
2019-11-04 14:00:00,19,15,45,6,83.13
2019-11-04 15:00:00,27,26,46,6,80.71
2019-11-04 16:00:00,34,33,50,6,78.62
2019-11-04 17:00:00,25,24,47,4,80.45
2019-11-04 18:00:00,34,33,46,8,73.97
2019-11-04 19:00:00,25,24,40,9,84.45
2019-11-04 20:00:00,36,34,52,9,80.51
2019-11-04 21:00:00,26,22,44,6,90.28
2019-11-04 22:00:00,28,28,44,6,82.14
2019-11-04 23:00:00,39,39,47,6,79.4
2019-11-05 00:00:00,25,23,41,7,82.11
2019-11-05 01:00:00,19,18,48,9,83.73
2019-11-05 02:00:00,33,32,53,8,84.68
2019-11-05 03:00:00,28,25,42,5,80.73
2019-11-05 04:00:00,30,30,45,10,82.45
2019-11-05 05:00:00,28,25,42,6,81.32
2019-11-05 06:00:00,22,22,46,6,88.57
2019-11-05 07:00:00,28,25,47,3,82.67
2019-11-05 08:00:00,18,17,47,5,87.45
2019-11-05 09:00:00,22,21,48,7,84.66
2019-11-05 10:00:00,30,29,38,8,82.97
2019-11-05 11:00:00,30,26,48,9,88.38
2019-11-05 12:00:00,26,23,45,7,83.87
2019-11-05 13:00:00,26,22,55,10,75.81
2019-11-05 14:00:00,22,18,43,5,81.14
2019-11-05 15:00:00,27,24,54,7,81.88
2019-11-05 16:00:00,19,18,50,4,81.81
2019-11-05 17:00:00,28,26,49,7,85.69
2019-11-05 18:00:00,17,17,45,4,76.56
2019-11-05 19:00:00,23,20,52,8,72.54
2019-11-05 20:00:00,29,28,40,9,78.42
2019-11-05 21:00:00,26,22,48,5,85.3
2019-11-05 22:00:00,22,21,54,6,80.54
2019-11-05 23:00:00,27,24,43,7,77.4
2019-11-06 00:00:00,30,27,47,8,84.69
2019-11-06 01:00:00,28,28,40,8,81.57
2019-11-06 02:00:00,31,31,54,7,79.21
2019-11-06 03:00:00,26,23,43,6,96.2
2019-11-06 04:00:00,30,30,44,9,72.31
2019-11-06 05:00:00,26,22,42,8,78.45
2019-11-06 06:00:00,28,27,43,6,83.74
2019-11-06 07:00:00,21,19,43,7,81.49
2019-11-06 08:00:00,26,25,47,9,78.43
2019-11-06 09:00:00,26,25,43,5,76.1
2019-11-06 10:00:00,25,22,33,6,75.3
2019-11-06 11:00:00,34,32,47,5,85.6
2019-11-06 12:00:00,29,29,53,8,79.43
2019-11-06 13:00:00,25,25,37,10,83.95
2019-11-06 14:00:00,28,27,47,4,72.83
2019-11-06 15:00:00,21,18,59,10,88.11
2019-11-06 16:00:00,23,21,43,3,84.45
2019-11-06 17:00:00,31,28,44,9,79.12
2019-11-06 18:00:00,27,25,41,11,84.24
2019-11-06 19:00:00,30,28,50,10,84.03
2019-11-06 20:00:00,21,21,49,5,84.43
2019-11-06 21:00:00,21,20,40,5,78.58
2019-11-06 22:00:00,32,32,46,7,74.61
2019-11-06 23:00:00,33,30,41,10,75.07
2019-11-07 00:00:00,31,31,41,8,76.98
2019-11-07 01:00:00,26,25,41,7,71.95
2019-11-07 02:00:00,41,37,42,16,86.02
2019-11-07 03:00:00,24,24,41,7,77.76
2019-11-07 04:00:00,19,16,45,4,76.69
2019-11-07 05:00:00,33,32,53,10,85.13
2019-11-07 06:00:00,27,24,41,6,83.9
2019-11-07 07:00:00,28,26,41,6,80.86
2019-11-07 08:00:00,24,23,47,6,88.82
2019-11-07 09:00:00,31,29,42,8,85.34
2019-11-07 10:00:00,21,20,40,5,80.94
2019-11-07 11:00:00,30,26,46,8,83.49
2019-11-07 12:00:00,24,20,44,5,74.55
2019-11-07 13:00:00,32,31,43,8,73.65
2019-11-07 14:00:00,25,23,49,5,75.29
2019-11-07 15:00:00,29,27,43,8,72.16
2019-11-07 16:00:00,22,19,50,6,79.52
2019-11-07 17:00:00,22,21,46,9,91.01
2019-11-07 18:00:00,24,22,37,7,78.87
2019-11-07 19:00:00,35,34,46,12,82.13
2019-11-07 20:00:00,27,23,42,9,85.94
2019-11-07 21:00:00,25,23,38,4,79.97
2019-11-07 22:00:00,22,20,44,7,82.01
2019-11-07 23:00:00,19,15,42,8,81.02
2019-11-08 00:00:00,19,16,56,6,78.65
2019-11-08 01:00:00,18,17,43,7,81.13
2019-11-08 02:00:00,25,24,46,8,78.69
2019-11-08 03:00:00,20,19,40,10,77.22
2019-11-08 04:00:00,35,34,44,9,79.39
2019-11-08 05:00:00,25,25,47,6,76.0
2019-11-08 06:00:00,27,23,57,8,88.78
2019-11-08 07:00:00,27,24,46,6,86.47
2019-11-08 08:00:00,32,28,37,7,87.14
2019-11-08 09:00:00,32,31,52,12,79.19
2019-11-08 10:00:00,20,20,49,5,74.09
2019-11-08 11:00:00,22,22,31,5,84.41
2019-11-08 12:00:00,29,25,37,8,74.18
2019-11-08 13:00:00,30,28,42,6,87.92
2019-11-08 14:00:00,30,27,40,8,91.91
2019-11-08 15:00:00,26,26,44,8,85.24
2019-11-08 16:00:00,29,28,42,10,80.75
2019-11-08 17:00:00,33,31,49,9,75.41
2019-11-08 18:00:00,14,11,50,5,80.2
2019-11-08 19:00:00,25,24,38,7,78.71
2019-11-08 20:00:00,26,22,55,5,84.5
2019-11-08 21:00:00,24,24,52,9,81.01
2019-11-08 22:00:00,26,22,30,5,90.61
2019-11-08 23:00:00,33,31,40,6,79.61
2019-11-09 00:00:00,28,28,39,8,85.03
2019-11-09 01:00:00,33,32,40,7,81.71
2019-11-09 02:00:00,23,21,32,9,80.74
2019-11-09 03:00:00,24,21,45,8,83.22
2019-11-09 04:00:00,29,28,41,5,84.07
2019-11-09 05:00:00,22,19,47,5,73.9
2019-11-09 06:00:00,24,24,56,5,74.19
2019-11-09 07:00:00,28,25,53,7,76.15
2019-11-09 08:00:00,31,31,41,8,81.93
2019-11-09 09:00:00,27,24,44,9,85.01
2019-11-09 10:00:00,17,13,48,4,77.37
2019-11-09 11:00:00,27,23,54,5,85.41
2019-11-09 12:00:00,24,22,45,2,80.08
2019-11-09 13:00:00,25,22,39,6,82.16
2019-11-09 14:00:00,28,28,48,6,82.99
2019-11-09 15:00:00,22,21,38,6,77.8
2019-11-09 16:00:00,19,19,38,2,83.09
2019-11-09 17:00:00,39,35,50,8,92.96
2019-11-09 18:00:00,29,28,51,4,79.69
2019-11-09 19:00:00,22,19,53,7,88.03
2019-11-09 20:00:00,25,21,52,5,86.68
2019-11-09 21:00:00,20,17,48,4,79.58
2019-11-09 22:00:00,31,27,42,10,86.77
2019-11-09 23:00:00,25,22,37,5,79.9
2019-11-10 00:00:00,29,25,44,9,88.65
2019-11-10 01:00:00,28,26,43,7,88.66
2019-11-10 02:00:00,23,23,44,3,79.78
2019-11-10 03:00:00,34,34,44,10,75.86
2019-11-10 04:00:00,24,21,42,5,85.36
2019-11-10 05:00:00,30,27,46,7,81.13
2019-11-10 06:00:00,28,27,39,9,80.82
2019-11-10 07:00:00,31,30,47,10,80.13
2019-11-10 08:00:00,34,34,38,6,86.48
2019-11-10 09:00:00,34,34,46,8,78.13
2019-11-10 10:00:00,34,32,43,7,80.73
2019-11-10 11:00:00,19,16,47,6,88.36
2019-11-10 12:00:00,22,19,52,7,79.99
2019-11-10 13:00:00,31,31,34,7,77.57
2019-11-10 14:00:00,26,23,43,7,86.13
2019-11-10 15:00:00,24,23,46,7,83.5
2019-11-10 16:00:00,17,14,43,6,75.12
2019-11-10 17:00:00,27,26,45,7,73.73
2019-11-10 18:00:00,27,23,45,4,85.18
2019-11-10 19:00:00,19,16,52,3,77.09
2019-11-10 20:00:00,28,24,37,12,84.62
2019-11-10 21:00:00,30,30,36,9,76.6
2019-11-10 22:00:00,35,32,46,9,88.34
2019-11-10 23:00:00,24,22,51,2,83.37
2019-11-11 00:00:00,26,24,50,8,74.82
2019-11-11 01:00:00,23,19,42,7,85.01
2019-11-11 02:00:00,31,29,38,4,85.71
2019-11-11 03:00:00,32,31,47,10,81.54
2019-11-11 04:00:00,38,38,47,8,77.33
2019-11-11 05:00:00,27,26,37,6,83.08
2019-11-11 06:00:00,24,24,41,5,83.57
2019-11-11 07:00:00,16,14,46,7,84.08
2019-11-11 08:00:00,27,27,45,7,79.61
2019-11-11 09:00:00,28,27,51,2,85.36
2019-11-11 10:00:00,28,24,46,8,76.55
2019-11-11 11:00:00,23,19,38,5,76.45
2019-11-11 12:00:00,25,22,46,5,80.69
2019-11-11 13:00:00,29,28,37,7,89.36
2019-11-11 14:00:00,22,21,47,3,89.1
2019-11-11 15:00:00,23,19,43,6,89.84
2019-11-11 16:00:00,23,21,56,3,81.64
2019-11-11 17:00:00,29,25,47,6,74.15
2019-11-11 18:00:00,23,20,51,6,84.56
2019-11-11 19:00:00,27,24,44,2,79.11
2019-11-11 20:00:00,28,27,42,8,84.47
2019-11-11 21:00:00,22,21,47,4,82.93
2019-11-11 22:00:00,21,18,42,5,92.43
2019-11-11 23:00:00,24,23,46,3,90.03
2019-11-12 00:00:00,29,29,40,6,76.47
2019-11-12 01:00:00,21,18,54,5,82.76
2019-11-12 02:00:00,21,18,45,7,80.94
2019-11-12 03:00:00,22,21,41,3,78.44
2019-11-12 04:00:00,17,17,42,3,80.19
2019-11-12 05:00:00,23,20,49,8,73.19
2019-11-12 06:00:00,21,21,45,3,76.97
2019-11-12 07:00:00,24,21,40,8,87.74
2019-11-12 08:00:00,16,16,51,3,64.28
2019-11-12 09:00:00,30,26,45,8,74.86
2019-11-12 10:00:00,29,26,46,8,87.88
2019-11-12 11:00:00,23,23,41,7,86.66
2019-11-12 12:00:00,22,18,43,8,76.31
2019-11-12 13:00:00,36,35,44,8,86.51
2019-11-12 14:00:00,26,24,40,5,86.37
2019-11-12 15:00:00,31,31,33,5,81.06
2019-11-12 16:00:00,19,15,52,3,81.72
2019-11-12 17:00:00,23,20,37,4,86.58
2019-11-12 18:00:00,23,19,41,5,81.82
2019-11-12 19:00:00,27,25,42,6,82.45
2019-11-12 20:00:00,30,28,53,4,86.31
2019-11-12 21:00:00,32,30,43,5,78.52
2019-11-12 22:00:00,29,28,46,3,79.04
2019-11-12 23:00:00,31,31,48,7,87.17
2019-11-13 00:00:00,31,28,51,5,76.83
2019-11-13 01:00:00,28,28,41,4,83.9
2019-11-13 02:00:00,30,30,47,8,80.78
2019-11-13 03:00:00,22,21,41,6,83.52
2019-11-13 04:00:00,35,32,36,10,82.99
2019-11-13 05:00:00,27,26,44,8,77.35
2019-11-13 06:00:00,25,22,41,4,72.82
2019-11-13 07:00:00,26,22,53,5,75.88
2019-11-13 08:00:00,23,20,52,9,80.0
2019-11-13 09:00:00,35,34,50,8,84.97
2019-11-13 10:00:00,28,24,45,6,84.79
2019-11-13 11:00:00,17,14,44,4,87.56
2019-11-13 12:00:00,24,22,46,7,84.14
2019-11-13 13:00:00,25,24,44,3,80.62
2019-11-13 14:00:00,34,30,41,12,88.74
2019-11-13 15:00:00,23,21,42,5,82.88
2019-11-13 16:00:00,23,19,48,8,88.74
2019-11-13 17:00:00,27,24,55,8,83.17
2019-11-13 18:00:00,23,20,45,7,77.75
2019-11-13 19:00:00,29,25,45,8,85.13
2019-11-13 20:00:00,23,19,41,5,82.61
2019-11-13 21:00:00,22,19,36,3,77.03
2019-11-13 22:00:00,22,22,48,9,88.09
2019-11-13 23:00:00,21,17,40,6,82.86
2019-11-14 00:00:00,27,27,36,6,79.17
2019-11-14 01:00:00,23,20,52,4,78.34
2019-11-14 02:00:00,26,24,50,5,76.49
2019-11-14 03:00:00,25,23,36,3,81.85
2019-11-14 04:00:00,31,30,57,8,86.97
2019-11-14 05:00:00,33,32,37,7,84.8
2019-11-14 06:00:00,17,14,37,2,78.95
2019-11-14 07:00:00,22,18,35,5,83.83
2019-11-14 08:00:00,20,18,42,7,95.47
2019-11-14 09:00:00,33,29,51,8,80.63
2019-11-14 10:00:00,30,30,36,7,80.64
2019-11-14 11:00:00,24,21,41,5,86.47
2019-11-14 12:00:00,25,24,46,5,78.98
2019-11-14 13:00:00,23,20,42,11,74.0
2019-11-14 14:00:00,30,29,45,6,90.71
2019-11-14 15:00:00,28,25,49,9,81.26
2019-11-14 16:00:00,36,33,42,9,87.11
2019-11-14 17:00:00,33,32,40,4,78.51
2019-11-14 18:00:00,20,20,47,7,91.55
2019-11-14 19:00:00,30,27,45,8,91.14
2019-11-14 20:00:00,29,27,48,7,80.33
2019-11-14 21:00:00,33,30,49,6,82.76
2019-11-14 22:00:00,29,25,35,7,82.12
2019-11-14 23:00:00,28,26,40,3,82.27
2019-11-15 00:00:00,23,19,42,5,79.53
2019-11-15 01:00:00,22,21,42,5,79.36
2019-11-15 02:00:00,16,15,53,3,70.32
2019-11-15 03:00:00,21,20,31,4,78.85
2019-11-15 04:00:00,26,22,42,6,79.89
2019-11-15 05:00:00,22,21,39,6,78.14
2019-11-15 06:00:00,29,27,50,6,85.19
2019-11-15 07:00:00,23,22,40,9,79.81
2019-11-15 08:00:00,21,18,52,4,88.9
2019-11-15 09:00:00,23,19,44,4,80.35
2019-11-15 10:00:00,24,20,43,6,78.56
2019-11-15 11:00:00,24,20,41,2,85.3
2019-11-15 12:00:00,21,17,43,6,77.57
2019-11-15 13:00:00,27,27,35,6,79.56
2019-11-15 14:00:00,28,27,37,4,72.77
2019-11-15 15:00:00,22,19,41,5,78.67
2019-11-15 16:00:00,30,27,48,6,89.15
2019-11-15 17:00:00,23,19,50,5,86.18
2019-11-15 18:00:00,34,31,36,9,79.24
2019-11-15 19:00:00,19,18,49,4,82.56
2019-11-15 20:00:00,34,32,46,6,83.2
2019-11-15 21:00:00,26,23,48,8,86.54
2019-11-15 22:00:00,28,28,44,9,72.38
2019-11-15 23:00:00,25,21,49,6,66.15
2019-11-16 00:00:00,21,19,41,2,80.95
2019-11-16 01:00:00,25,23,44,5,78.77
2019-11-16 02:00:00,23,19,39,4,83.83
2019-11-16 03:00:00,22,18,37,5,88.56
2019-11-16 04:00:00,25,22,30,5,84.1
2019-11-16 05:00:00,22,18,41,2,87.71
2019-11-16 06:00:00,30,30,45,4,80.11
2019-11-16 07:00:00,31,30,49,11,80.86
2019-11-16 08:00:00,21,19,51,3,86.12
2019-11-16 09:00:00,24,20,56,5,87.15
2019-11-16 10:00:00,24,21,42,6,87.84
2019-11-16 11:00:00,23,19,41,9,83.89
2019-11-16 12:00:00,20,20,62,5,76.29
2019-11-16 13:00:00,25,21,45,3,82.51
2019-11-16 14:00:00,26,26,39,3,84.21
2019-11-16 15:00:00,23,19,41,6,87.21
2019-11-16 16:00:00,20,19,41,5,78.72
2019-11-16 17:00:00,24,21,48,5,79.21
2019-11-16 18:00:00,28,28,43,8,82.66
2019-11-16 19:00:00,33,29,43,6,75.44
2019-11-16 20:00:00,21,19,49,4,76.35
2019-11-16 21:00:00,21,21,43,3,80.77
2019-11-16 22:00:00,17,16,43,5,78.65
2019-11-16 23:00:00,37,36,40,6,80.44
2019-11-17 00:00:00,18,16,50,5,77.75
2019-11-17 01:00:00,26,22,49,4,82.75
2019-11-17 02:00:00,26,22,46,6,83.49
2019-11-17 03:00:00,16,12,44,5,85.25
2019-11-17 04:00:00,23,19,51,7,80.49
2019-11-17 05:00:00,26,22,37,8,89.92
2019-11-17 06:00:00,25,23,51,5,77.72
2019-11-17 07:00:00,23,22,47,3,78.89
2019-11-17 08:00:00,22,20,39,7,92.59
2019-11-17 09:00:00,24,21,36,8,73.18
2019-11-17 10:00:00,27,24,41,7,85.62
2019-11-17 11:00:00,19,19,44,6,80.25
2019-11-17 12:00:00,25,21,49,6,81.1
2019-11-17 13:00:00,21,20,48,1,90.19
2019-11-17 14:00:00,20,20,47,3,75.31
2019-11-17 15:00:00,19,16,49,3,88.65
2019-11-17 16:00:00,24,24,51,4,81.36
2019-11-17 17:00:00,18,15,55,2,83.17
2019-11-17 18:00:00,42,39,42,10,78.0
2019-11-17 19:00:00,16,14,44,4,78.82
2019-11-17 20:00:00,23,23,39,4,74.02
2019-11-17 21:00:00,26,23,44,7,86.18
2019-11-17 22:00:00,21,20,40,3,88.07
2019-11-17 23:00:00,17,14,52,4,81.13
2019-11-18 00:00:00,25,23,44,5,83.0
2019-11-18 01:00:00,32,32,39,7,85.35
2019-11-18 02:00:00,23,20,41,6,78.52
2019-11-18 03:00:00,29,25,42,4,82.4
2019-11-18 04:00:00,23,19,37,4,87.28
2019-11-18 05:00:00,31,28,45,6,87.14
2019-11-18 06:00:00,26,26,51,2,83.92
2019-11-18 07:00:00,24,22,36,3,76.88
2019-11-18 08:00:00,31,30,47,6,84.34
2019-11-18 09:00:00,25,25,33,2,74.42
2019-11-18 10:00:00,21,19,48,4,89.31
2019-11-18 11:00:00,24,21,39,4,74.27
2019-11-18 12:00:00,23,22,52,6,82.96
2019-11-18 13:00:00,28,28,49,5,78.11
2019-11-18 14:00:00,22,19,47,4,82.99
2019-11-18 15:00:00,30,29,44,5,73.56
2019-11-18 16:00:00,33,30,40,9,77.3
2019-11-18 17:00:00,27,23,46,9,85.64
2019-11-18 18:00:00,30,26,45,8,84.1
2019-11-18 19:00:00,31,29,46,7,86.08
2019-11-18 20:00:00,24,23,40,6,80.86
2019-11-18 21:00:00,23,19,52,5,67.52
2019-11-18 22:00:00,21,18,53,3,86.2
2019-11-18 23:00:00,20,18,42,4,85.32
2019-11-19 00:00:00,27,23,45,6,91.98
2019-11-19 01:00:00,30,28,45,2,81.21
2019-11-19 02:00:00,17,16,45,5,71.75
2019-11-19 03:00:00,27,23,40,2,79.21
2019-11-19 04:00:00,15,11,47,0,87.49
2019-11-19 05:00:00,26,26,39,9,80.84
2019-11-19 06:00:00,19,19,46,2,86.92
2019-11-19 07:00:00,32,31,34,6,87.03
2019-11-19 08:00:00,30,29,48,5,75.26
2019-11-19 09:00:00,28,28,46,6,76.25
2019-11-19 10:00:00,21,17,41,7,77.79
2019-11-19 11:00:00,27,25,47,6,83.21
2019-11-19 12:00:00,18,17,53,4,72.7
2019-11-19 13:00:00,25,25,53,5,78.29
2019-11-19 14:00:00,36,34,48,7,82.97
2019-11-19 15:00:00,26,26,47,4,89.21
2019-11-19 16:00:00,26,23,50,2,82.78
2019-11-19 17:00:00,24,20,49,5,78.24
2019-11-19 18:00:00,33,31,40,6,73.53
2019-11-19 19:00:00,23,23,47,6,83.82
2019-11-19 20:00:00,21,19,43,4,85.43
2019-11-19 21:00:00,21,18,54,2,80.28
2019-11-19 22:00:00,23,20,48,5,78.68
2019-11-19 23:00:00,20,16,43,5,79.01
2019-11-20 00:00:00,30,30,44,5,82.77
2019-11-20 01:00:00,35,35,37,2,79.33
2019-11-20 02:00:00,23,23,45,6,81.39
2019-11-20 03:00:00,22,21,42,4,82.94
2019-11-20 04:00:00,19,15,46,1,83.33
2019-11-20 05:00:00,26,23,59,5,89.33
2019-11-20 06:00:00,29,25,44,8,89.33
2019-11-20 07:00:00,31,30,37,8,81.55
2019-11-20 08:00:00,25,25,42,5,86.47
2019-11-20 09:00:00,24,21,44,7,83.54
2019-11-20 10:00:00,25,25,43,8,89.03
2019-11-20 11:00:00,22,21,46,1,83.39
2019-11-20 12:00:00,19,18,44,4,70.47
2019-11-20 13:00:00,29,29,47,5,84.19
2019-11-20 14:00:00,25,25,46,1,81.58
2019-11-20 15:00:00,24,22,53,7,82.22
2019-11-20 16:00:00,22,19,48,3,75.96
2019-11-20 17:00:00,33,30,50,3,83.4
2019-11-20 18:00:00,20,16,41,3,91.06
2019-11-20 19:00:00,29,25,48,9,83.5
2019-11-20 20:00:00,26,25,48,4,79.42
2019-11-20 21:00:00,20,17,39,3,75.25
2019-11-20 22:00:00,21,20,42,1,77.8
2019-11-20 23:00:00,16,16,46,5,81.16
2019-11-21 00:00:00,24,21,46,4,85.4
2019-11-21 01:00:00,33,32,46,5,76.3
2019-11-21 02:00:00,27,25,44,8,78.38
2019-11-21 03:00:00,24,22,46,2,80.01
2019-11-21 04:00:00,28,25,43,2,78.11
2019-11-21 05:00:00,26,23,45,2,85.46
2019-11-21 06:00:00,26,22,49,1,84.08
2019-11-21 07:00:00,27,24,43,8,78.02
2019-11-21 08:00:00,35,31,49,11,82.55
2019-11-21 09:00:00,21,19,47,2,85.82
2019-11-21 10:00:00,26,24,52,3,83.51
2019-11-21 11:00:00,16,14,46,2,74.28
2019-11-21 12:00:00,27,27,48,7,82.82
2019-11-21 13:00:00,24,21,30,9,82.97
2019-11-21 14:00:00,28,26,39,4,81.05
2019-11-21 15:00:00,24,20,46,4,83.85
2019-11-21 16:00:00,29,25,49,5,86.02
2019-11-21 17:00:00,29,28,46,2,82.8
2019-11-21 18:00:00,31,30,43,7,85.65
2019-11-21 19:00:00,20,20,39,4,81.94
2019-11-21 20:00:00,19,15,43,6,95.12
2019-11-21 21:00:00,26,25,47,5,83.43
2019-11-21 22:00:00,20,17,46,5,80.89
2019-11-21 23:00:00,22,19,49,2,78.0
2019-11-22 00:00:00,21,18,44,6,86.4
2019-11-22 01:00:00,23,20,45,8,81.03
2019-11-22 02:00:00,21,20,37,5,82.09
2019-11-22 03:00:00,33,33,41,3,79.63
2019-11-22 04:00:00,17,16,51,5,80.03
2019-11-22 05:00:00,32,29,48,9,73.73
2019-11-22 06:00:00,19,17,49,2,84.07
2019-11-22 07:00:00,24,21,42,7,83.14
2019-11-22 08:00:00,18,18,52,4,74.53
2019-11-22 09:00:00,30,26,46,7,88.01
2019-11-22 10:00:00,24,20,41,8,74.55
2019-11-22 11:00:00,22,19,47,3,84.33
2019-11-22 12:00:00,21,21,48,3,82.6
2019-11-22 13:00:00,28,27,47,7,81.08
2019-11-22 14:00:00,30,30,41,6,94.24
2019-11-22 15:00:00,26,23,45,8,96.33
2019-11-22 16:00:00,28,27,50,8,76.01
2019-11-22 17:00:00,23,19,42,4,79.09
2019-11-22 18:00:00,24,21,45,5,83.67
2019-11-22 19:00:00,28,24,39,6,79.0
2019-11-22 20:00:00,19,16,49,3,85.23
2019-11-22 21:00:00,16,15,42,4,94.49
2019-11-22 22:00:00,33,33,53,6,80.9
2019-11-22 23:00:00,29,25,49,5,85.58
2019-11-23 00:00:00,24,23,44,5,74.1
2019-11-23 01:00:00,21,17,35,6,79.01
2019-11-23 02:00:00,25,23,44,6,71.34
2019-11-23 03:00:00,28,27,33,4,79.36
2019-11-23 04:00:00,30,29,42,9,87.07
2019-11-23 05:00:00,20,20,54,6,74.62
2019-11-23 06:00:00,21,21,44,0,82.84
2019-11-23 07:00:00,28,25,41,2,81.12
2019-11-23 08:00:00,29,29,43,5,81.08
2019-11-23 09:00:00,21,18,47,1,92.74
2019-11-23 10:00:00,23,23,45,5,85.86
2019-11-23 11:00:00,22,22,55,3,79.01
2019-11-23 12:00:00,28,25,47,5,80.24
2019-11-23 13:00:00,24,22,45,7,77.74
2019-11-23 14:00:00,20,19,44,7,90.09
2019-11-23 15:00:00,26,23,44,6,85.92
2019-11-23 16:00:00,25,23,53,6,86.43
2019-11-23 17:00:00,22,22,48,1,77.01
2019-11-23 18:00:00,20,17,38,7,83.08
2019-11-23 19:00:00,32,30,48,6,81.42
2019-11-23 20:00:00,27,25,50,5,75.26
2019-11-23 21:00:00,15,14,55,3,75.07
2019-11-23 22:00:00,22,22,45,6,73.35
2019-11-23 23:00:00,19,15,43,3,82.53
2019-11-24 00:00:00,21,19,50,3,74.28
2019-11-24 01:00:00,32,29,44,7,91.32
2019-11-24 02:00:00,26,26,48,4,88.07
2019-11-24 03:00:00,23,19,55,3,78.92
2019-11-24 04:00:00,26,22,46,5,76.31
2019-11-24 05:00:00,31,27,48,5,83.76
2019-11-24 06:00:00,21,19,43,3,82.2
2019-11-24 07:00:00,20,19,36,5,79.38
2019-11-24 08:00:00,23,19,49,2,86.6
2019-11-24 09:00:00,24,20,47,2,78.53
2019-11-24 10:00:00,42,39,49,7,82.63
2019-11-24 11:00:00,23,19,40,2,78.49
2019-11-24 12:00:00,23,23,40,7,75.28
2019-11-24 13:00:00,19,18,47,3,83.73
2019-11-24 14:00:00,24,23,45,6,81.19
2019-11-24 15:00:00,16,12,38,2,90.44
2019-11-24 16:00:00,18,16,39,2,74.11
2019-11-24 17:00:00,19,17,43,2,74.67
2019-11-24 18:00:00,20,16,42,6,89.1
2019-11-24 19:00:00,21,17,39,6,79.72
2019-11-24 20:00:00,27,25,40,2,81.93
2019-11-24 21:00:00,17,13,44,0,84.37
2019-11-24 22:00:00,25,22,45,2,80.14
2019-11-24 23:00:00,25,22,39,4,80.65
2019-11-25 00:00:00,19,15,49,1,83.44
2019-11-25 01:00:00,27,25,47,6,77.31
2019-11-25 02:00:00,20,17,45,5,81.03
2019-11-25 03:00:00,24,22,50,4,86.05
2019-11-25 04:00:00,24,20,48,3,81.88
2019-11-25 05:00:00,37,33,36,8,76.99
2019-11-25 06:00:00,25,21,37,5,85.96
2019-11-25 07:00:00,19,16,49,3,85.43
2019-11-25 08:00:00,23,22,40,4,78.46
2019-11-25 09:00:00,26,25,47,9,68.42
2019-11-25 10:00:00,24,23,47,3,81.77
2019-11-25 11:00:00,20,17,44,2,93.6
2019-11-25 12:00:00,22,20,39,6,85.3
2019-11-25 13:00:00,29,28,45,9,77.04
2019-11-25 14:00:00,22,21,39,4,71.01
2019-11-25 15:00:00,23,23,48,2,76.13
2019-11-25 16:00:00,27,23,52,2,85.99
2019-11-25 17:00:00,31,30,43,4,78.86
2019-11-25 18:00:00,33,32,46,7,86.0
2019-11-25 19:00:00,16,14,50,4,76.1
2019-11-25 20:00:00,23,19,43,2,77.58
2019-11-25 21:00:00,31,28,41,3,77.99
2019-11-25 22:00:00,27,24,48,3,85.29
2019-11-25 23:00:00,27,27,37,5,79.41
2019-11-26 00:00:00,30,28,36,3,78.7
2019-11-26 01:00:00,23,21,36,4,85.38
2019-11-26 02:00:00,31,27,43,5,89.12
2019-11-26 03:00:00,32,30,45,4,73.34
2019-11-26 04:00:00,25,25,41,6,85.16
2019-11-26 05:00:00,31,27,39,5,81.79
2019-11-26 06:00:00,32,30,46,5,86.95
2019-11-26 07:00:00,30,28,40,4,82.14
2019-11-26 08:00:00,14,13,47,2,84.92
2019-11-26 09:00:00,19,18,51,4,75.12
2019-11-26 10:00:00,33,33,51,3,75.48
2019-11-26 11:00:00,18,17,47,2,79.7
2019-11-26 12:00:00,25,23,46,2,73.67
2019-11-26 13:00:00,21,20,43,3,75.0
2019-11-26 14:00:00,26,24,46,4,86.68
2019-11-26 15:00:00,19,15,48,2,75.41
2019-11-26 16:00:00,22,21,50,3,76.08
2019-11-26 17:00:00,26,26,51,1,78.88
2019-11-26 18:00:00,24,21,43,1,82.3
2019-11-26 19:00:00,23,21,50,1,74.01
2019-11-26 20:00:00,19,19,42,3,77.24
2019-11-26 21:00:00,22,20,48,0,81.5
2019-11-26 22:00:00,23,21,44,5,83.89
2019-11-26 23:00:00,33,29,40,8,77.66
2019-11-27 00:00:00,34,32,53,6,74.63
2019-11-27 01:00:00,26,23,51,6,76.1
2019-11-27 02:00:00,13,10,38,2,81.47
2019-11-27 03:00:00,17,14,46,5,79.56
2019-11-27 04:00:00,20,20,43,3,79.44
2019-11-27 05:00:00,32,28,47,8,81.66
2019-11-27 06:00:00,19,19,47,6,78.44
2019-11-27 07:00:00,18,18,49,4,78.74
2019-11-27 08:00:00,24,21,39,1,83.91
2019-11-27 09:00:00,29,29,35,3,85.19
2019-11-27 10:00:00,21,19,48,3,82.09
2019-11-27 11:00:00,19,18,39,0,83.15
2019-11-27 12:00:00,31,29,43,9,75.86
2019-11-27 13:00:00,23,23,44,4,87.04
2019-11-27 14:00:00,32,28,43,6,85.38
2019-11-27 15:00:00,22,20,48,3,89.09
2019-11-27 16:00:00,22,22,37,5,78.75
2019-11-27 17:00:00,21,17,39,1,81.57
2019-11-27 18:00:00,31,28,42,7,75.44
2019-11-27 19:00:00,17,16,43,3,84.89
2019-11-27 20:00:00,20,20,37,2,73.17
2019-11-27 21:00:00,26,24,48,3,82.38
2019-11-27 22:00:00,21,20,38,4,86.02
2019-11-27 23:00:00,24,21,38,2,80.91
2019-11-28 00:00:00,32,29,49,3,81.45
2019-11-28 01:00:00,17,16,43,2,90.49
2019-11-28 02:00:00,31,31,50,2,67.84
2019-11-28 03:00:00,28,28,30,6,79.08
2019-11-28 04:00:00,29,25,41,4,77.37
2019-11-28 05:00:00,23,19,50,5,85.45
2019-11-28 06:00:00,31,31,41,8,86.3
2019-11-28 07:00:00,24,22,47,6,75.69
2019-11-28 08:00:00,36,33,41,5,85.05
2019-11-28 09:00:00,18,14,47,7,84.5
2019-11-28 10:00:00,22,21,43,2,84.76
2019-11-28 11:00:00,32,31,54,6,78.45
2019-11-28 12:00:00,22,22,45,4,85.65
2019-11-28 13:00:00,25,24,41,9,84.35
2019-11-28 14:00:00,34,33,40,4,80.69
2019-11-28 15:00:00,33,33,48,7,79.11
2019-11-28 16:00:00,31,29,50,10,85.01
2019-11-28 17:00:00,22,22,40,3,82.62
2019-11-28 18:00:00,29,26,51,3,80.18
2019-11-28 19:00:00,22,18,48,4,73.32
2019-11-28 20:00:00,19,17,45,3,72.1
2019-11-28 21:00:00,23,21,44,4,87.24
2019-11-28 22:00:00,26,25,52,4,76.93
2019-11-28 23:00:00,41,37,46,11,77.27
2019-11-29 00:00:00,28,24,45,3,82.35
2019-11-29 01:00:00,22,20,41,0,82.55
2019-11-29 02:00:00,19,16,44,6,78.42
2019-11-29 03:00:00,20,17,54,4,71.65
2019-11-29 04:00:00,28,27,44,2,78.9
2019-11-29 05:00:00,19,18,52,2,75.18
2019-11-29 06:00:00,20,17,33,2,75.63
2019-11-29 07:00:00,22,18,42,5,86.74
2019-11-29 08:00:00,26,23,48,6,75.31
2019-11-29 09:00:00,24,22,48,5,84.67
2019-11-29 10:00:00,33,33,40,7,82.6
2019-11-29 11:00:00,26,26,52,6,79.69
2019-11-29 12:00:00,24,24,62,3,86.24
2019-11-29 13:00:00,22,18,54,3,87.64
2019-11-29 14:00:00,23,20,51,4,74.32
2019-11-29 15:00:00,24,22,39,2,81.72
2019-11-29 16:00:00,19,17,48,3,80.75
2019-11-29 17:00:00,22,21,45,1,86.78
2019-11-29 18:00:00,23,19,48,3,73.09
2019-11-29 19:00:00,15,13,38,3,81.63
2019-11-29 20:00:00,24,23,47,5,81.4
2019-11-29 21:00:00,40,36,43,11,88.5
2019-11-29 22:00:00,24,22,43,3,82.42
2019-11-29 23:00:00,18,15,45,0,84.0
2019-11-30 00:00:00,12,10,37,1,89.62
2019-11-30 01:00:00,27,23,50,6,81.18
2019-11-30 02:00:00,19,18,48,2,81.02
2019-11-30 03:00:00,23,19,44,5,85.17
2019-11-30 04:00:00,29,29,38,3,74.94
2019-11-30 05:00:00,18,16,38,1,74.06
2019-11-30 06:00:00,25,25,49,5,81.58
2019-11-30 07:00:00,32,29,41,6,82.5
2019-11-30 08:00:00,10,9,40,2,89.91
2019-11-30 09:00:00,17,14,37,4,80.87
2019-11-30 10:00:00,25,21,45,5,84.96
2019-11-30 11:00:00,24,22,40,8,75.65
2019-11-30 12:00:00,17,16,41,5,78.08
2019-11-30 13:00:00,23,23,49,5,88.0
2019-11-30 14:00:00,26,26,44,2,73.71
2019-11-30 15:00:00,18,14,37,3,85.94
2019-11-30 16:00:00,27,27,42,5,86.44
2019-11-30 17:00:00,27,23,46,2,82.0
2019-11-30 18:00:00,26,25,47,3,75.31
2019-11-30 19:00:00,20,17,54,4,87.78
2019-11-30 20:00:00,21,19,48,6,86.33
2019-11-30 21:00:00,30,27,45,5,81.95
2019-11-30 22:00:00,26,23,50,7,84.67
2019-11-30 23:00:00,29,27,48,4,78.33
2019-12-01 00:00:00,21,20,30,2,77.57
2019-12-01 01:00:00,28,24,41,4,82.85
2019-12-01 02:00:00,22,22,44,2,79.91
2019-12-01 03:00:00,21,19,37,3,74.73
2019-12-01 04:00:00,20,17,40,0,78.9
2019-12-01 05:00:00,18,16,49,2,75.3
2019-12-01 06:00:00,17,16,42,1,84.88
2019-12-01 07:00:00,26,24,47,3,83.73
2019-12-01 08:00:00,24,24,46,2,82.22
2019-12-01 09:00:00,18,15,50,1,67.7
2019-12-01 10:00:00,26,26,43,0,74.06
2019-12-01 11:00:00,18,18,50,2,81.63
2019-12-01 12:00:00,19,19,50,0,86.28
2019-12-01 13:00:00,26,26,39,1,81.98
2019-12-01 14:00:00,16,14,47,0,84.76
2019-12-01 15:00:00,33,31,44,3,84.17
2019-12-01 16:00:00,27,24,42,4,84.37
2019-12-01 17:00:00,27,23,52,6,82.53
2019-12-01 18:00:00,24,20,46,3,77.93
2019-12-01 19:00:00,16,16,38,1,84.37
2019-12-01 20:00:00,20,19,47,5,83.72
2019-12-01 21:00:00,24,24,45,5,82.05
2019-12-01 22:00:00,26,25,40,2,81.95
2019-12-01 23:00:00,23,22,49,2,77.36
2019-12-02 00:00:00,23,23,47,3,85.98
2019-12-02 01:00:00,22,19,37,2,73.17
2019-12-02 02:00:00,26,25,46,2,79.52
2019-12-02 03:00:00,30,30,41,3,85.7
2019-12-02 04:00:00,27,27,45,2,79.4
2019-12-02 05:00:00,12,12,41,0,79.52
2019-12-02 06:00:00,20,19,47,3,77.02
2019-12-02 07:00:00,21,19,48,1,90.22
2019-12-02 08:00:00,24,23,42,4,86.1
2019-12-02 09:00:00,31,29,42,5,91.41
2019-12-02 10:00:00,13,11,44,1,80.35
2019-12-02 11:00:00,22,19,46,2,76.18
2019-12-02 12:00:00,20,16,42,3,70.14
2019-12-02 13:00:00,24,24,44,3,86.2
2019-12-02 14:00:00,21,21,37,3,81.44
2019-12-02 15:00:00,19,18,45,3,80.64
2019-12-02 16:00:00,24,20,41,1,78.3
2019-12-02 17:00:00,25,22,46,3,85.97
2019-12-02 18:00:00,14,14,47,1,79.92
2019-12-02 19:00:00,19,18,49,2,81.15
2019-12-02 20:00:00,22,19,44,5,73.02
2019-12-02 21:00:00,24,20,41,3,89.21
2019-12-02 22:00:00,32,31,52,3,79.57
2019-12-02 23:00:00,17,14,50,0,80.98
2019-12-03 00:00:00,26,22,44,4,83.21
2019-12-03 01:00:00,19,19,50,0,83.47
2019-12-03 02:00:00,18,14,48,0,82.41
2019-12-03 03:00:00,19,18,53,2,82.6
2019-12-03 04:00:00,20,20,48,3,72.49
2019-12-03 05:00:00,14,12,46,4,80.71
2019-12-03 06:00:00,32,31,43,6,81.68
2019-12-03 07:00:00,27,25,46,3,80.03
2019-12-03 08:00:00,25,21,40,7,89.41
2019-12-03 09:00:00,23,20,49,0,79.7
2019-12-03 10:00:00,17,17,41,1,83.91
2019-12-03 11:00:00,22,21,48,1,80.22
2019-12-03 12:00:00,31,31,44,4,83.02
2019-12-03 13:00:00,30,26,48,11,88.41
2019-12-03 14:00:00,25,21,49,2,86.2
2019-12-03 15:00:00,28,25,47,4,77.14
2019-12-03 16:00:00,18,15,44,3,84.66
2019-12-03 17:00:00,18,17,48,1,84.19
2019-12-03 18:00:00,18,18,39,2,80.18
2019-12-03 19:00:00,25,24,52,7,79.95
2019-12-03 20:00:00,14,12,49,2,86.13
2019-12-03 21:00:00,21,17,39,0,79.08
2019-12-03 22:00:00,21,19,52,4,78.92
2019-12-03 23:00:00,27,25,35,3,82.93
2019-12-04 00:00:00,28,28,48,3,83.48
2019-12-04 01:00:00,28,26,40,7,79.95
2019-12-04 02:00:00,18,16,45,4,88.29
2019-12-04 03:00:00,17,14,47,1,65.24
2019-12-04 04:00:00,31,30,50,3,78.01
2019-12-04 05:00:00,17,14,45,4,79.63
2019-12-04 06:00:00,20,20,43,2,79.94
2019-12-04 07:00:00,26,25,39,1,81.19
2019-12-04 08:00:00,14,13,45,0,88.76
2019-12-04 09:00:00,20,16,38,3,74.27
2019-12-04 10:00:00,23,19,48,1,84.87
2019-12-04 11:00:00,25,23,46,5,85.91
2019-12-04 12:00:00,22,21,47,2,84.16
2019-12-04 13:00:00,10,9,50,0,76.66
2019-12-04 14:00:00,26,22,47,5,83.67
2019-12-04 15:00:00,19,17,51,0,81.86
2019-12-04 16:00:00,27,23,42,1,81.64
2019-12-04 17:00:00,21,20,45,2,85.68
2019-12-04 18:00:00,22,22,40,4,89.19
2019-12-04 19:00:00,31,27,38,9,80.31
2019-12-04 20:00:00,16,13,42,3,82.75
2019-12-04 21:00:00,24,20,44,4,76.51
2019-12-04 22:00:00,33,32,48,7,80.1
2019-12-04 23:00:00,25,23,44,2,78.39
2019-12-05 00:00:00,19,18,48,0,87.82
2019-12-05 01:00:00,32,30,55,4,88.55
2019-12-05 02:00:00,19,18,39,4,77.05
2019-12-05 03:00:00,15,12,47,1,80.95
2019-12-05 04:00:00,27,24,40,6,78.67
2019-12-05 05:00:00,22,20,49,2,82.56
2019-12-05 06:00:00,25,22,48,5,85.59
2019-12-05 07:00:00,33,33,37,5,76.94
2019-12-05 08:00:00,34,34,42,4,77.53
2019-12-05 09:00:00,30,27,56,4,89.14
2019-12-05 10:00:00,29,25,37,4,81.94
2019-12-05 11:00:00,15,12,38,0,77.36
2019-12-05 12:00:00,23,21,47,4,83.46
2019-12-05 13:00:00,25,22,44,3,78.15
2019-12-05 14:00:00,24,21,38,6,80.14
2019-12-05 15:00:00,34,32,48,0,80.94
2019-12-05 16:00:00,24,24,49,0,77.64
2019-12-05 17:00:00,22,18,36,6,88.01
2019-12-05 18:00:00,27,26,55,4,84.95
2019-12-05 19:00:00,22,18,50,5,84.79
2019-12-05 20:00:00,18,17,46,4,78.68
2019-12-05 21:00:00,28,25,40,1,79.36
2019-12-05 22:00:00,25,25,41,0,82.82
2019-12-05 23:00:00,18,15,39,1,82.25
2019-12-06 00:00:00,27,26,37,7,86.34
2019-12-06 01:00:00,31,31,46,2,80.71
2019-12-06 02:00:00,21,20,44,0,81.52
2019-12-06 03:00:00,24,21,49,6,81.47
2019-12-06 04:00:00,20,19,47,4,81.2
2019-12-06 05:00:00,31,31,47,2,80.24
2019-12-06 06:00:00,29,25,45,7,83.88
2019-12-06 07:00:00,18,15,40,4,79.46
2019-12-06 08:00:00,22,21,48,2,75.27
2019-12-06 09:00:00,19,18,46,2,76.38
2019-12-06 10:00:00,29,25,44,3,88.24
2019-12-06 11:00:00,25,25,42,1,79.31
2019-12-06 12:00:00,28,26,44,4,79.22
2019-12-06 13:00:00,26,24,40,2,84.95
2019-12-06 14:00:00,17,15,51,3,79.36
2019-12-06 15:00:00,17,14,36,2,81.37
2019-12-06 16:00:00,27,25,45,2,77.54
2019-12-06 17:00:00,18,16,45,0,84.1
2019-12-06 18:00:00,24,20,47,3,78.85
2019-12-06 19:00:00,17,15,42,0,73.48
2019-12-06 20:00:00,25,24,46,3,87.18
2019-12-06 21:00:00,22,18,50,5,80.79
2019-12-06 22:00:00,24,23,41,4,77.27
2019-12-06 23:00:00,21,18,50,2,82.06
2019-12-07 00:00:00,20,16,44,0,74.71
2019-12-07 01:00:00,15,14,47,1,84.91
2019-12-07 02:00:00,25,24,38,3,75.13
2019-12-07 03:00:00,28,28,50,7,76.96
2019-12-07 04:00:00,15,15,55,1,78.43
2019-12-07 05:00:00,21,21,40,5,77.51
2019-12-07 06:00:00,26,26,43,2,78.67
2019-12-07 07:00:00,23,21,50,4,85.24
2019-12-07 08:00:00,18,15,39,3,88.26
2019-12-07 09:00:00,22,20,49,4,89.04
2019-12-07 10:00:00,21,18,39,0,80.17
2019-12-07 11:00:00,29,25,41,3,80.87
2019-12-07 12:00:00,24,21,48,6,78.63
2019-12-07 13:00:00,20,18,51,4,77.1
2019-12-07 14:00:00,34,30,49,7,79.1
2019-12-07 15:00:00,24,20,46,5,72.08
2019-12-07 16:00:00,23,19,40,1,88.41
2019-12-07 17:00:00,18,18,45,0,71.15
2019-12-07 18:00:00,30,28,43,6,88.1
2019-12-07 19:00:00,19,19,47,1,79.18
2019-12-07 20:00:00,27,26,45,5,75.87
2019-12-07 21:00:00,25,21,42,4,73.49
2019-12-07 22:00:00,18,14,48,0,85.26
2019-12-07 23:00:00,28,24,43,2,74.4
2019-12-08 00:00:00,22,20,41,3,78.24
2019-12-08 01:00:00,20,16,45,3,87.16
2019-12-08 02:00:00,22,20,41,2,80.28
2019-12-08 03:00:00,26,25,41,3,77.91
2019-12-08 04:00:00,26,25,50,3,80.27
2019-12-08 05:00:00,29,28,38,8,85.82
2019-12-08 06:00:00,21,21,52,1,77.52
2019-12-08 07:00:00,20,16,51,1,83.33
2019-12-08 08:00:00,23,22,38,0,84.45
2019-12-08 09:00:00,16,13,46,1,78.67
2019-12-08 10:00:00,24,22,46,0,78.34
2019-12-08 11:00:00,23,20,45,4,83.76
2019-12-08 12:00:00,24,23,44,2,81.36
2019-12-08 13:00:00,22,22,43,7,86.6
2019-12-08 14:00:00,26,26,41,4,76.75
2019-12-08 15:00:00,17,14,42,4,79.74
2019-12-08 16:00:00,17,16,51,3,79.19
2019-12-08 17:00:00,28,24,52,3,76.74
2019-12-08 18:00:00,16,14,35,2,79.82
2019-12-08 19:00:00,26,24,45,2,85.89
2019-12-08 20:00:00,13,13,45,5,75.36
2019-12-08 21:00:00,20,17,46,5,84.06
2019-12-08 22:00:00,22,21,43,0,80.02
2019-12-08 23:00:00,20,19,48,0,77.36
2019-12-09 00:00:00,29,25,50,8,80.7
2019-12-09 01:00:00,24,20,49,5,80.49
2019-12-09 02:00:00,28,27,33,3,79.84
2019-12-09 03:00:00,14,13,44,3,80.25
2019-12-09 04:00:00,21,19,43,6,82.38
2019-12-09 05:00:00,23,20,43,5,89.09
2019-12-09 06:00:00,32,30,45,2,72.84
2019-12-09 07:00:00,20,16,37,5,78.09
2019-12-09 08:00:00,22,22,54,3,83.96
2019-12-09 09:00:00,22,21,56,2,85.19
2019-12-09 10:00:00,19,18,47,3,81.01
2019-12-09 11:00:00,26,23,43,1,78.44
2019-12-09 12:00:00,26,22,50,2,72.48
2019-12-09 13:00:00,26,25,42,3,82.08
2019-12-09 14:00:00,24,22,52,1,86.9
2019-12-09 15:00:00,17,14,55,3,88.97
2019-12-09 16:00:00,30,29,44,6,78.07
2019-12-09 17:00:00,19,19,49,1,81.21
2019-12-09 18:00:00,29,25,50,3,82.93
2019-12-09 19:00:00,19,16,43,0,74.96
2019-12-09 20:00:00,34,32,43,5,82.51
2019-12-09 21:00:00,22,18,43,0,72.94
2019-12-09 22:00:00,21,20,48,0,79.36
2019-12-09 23:00:00,15,15,44,1,84.06
2019-12-10 00:00:00,19,17,43,2,86.88
2019-12-10 01:00:00,35,31,55,4,82.14
2019-12-10 02:00:00,22,21,45,1,90.2
2019-12-10 03:00:00,27,24,43,8,79.88
2019-12-10 04:00:00,28,27,51,0,73.97
2019-12-10 05:00:00,27,24,43,3,86.46
2019-12-10 06:00:00,20,17,47,0,82.89
2019-12-10 07:00:00,18,17,45,0,74.82
2019-12-10 08:00:00,26,26,45,2,79.6
2019-12-10 09:00:00,25,22,33,2,80.32
2019-12-10 10:00:00,25,22,47,4,89.4
2019-12-10 11:00:00,22,21,49,3,84.49
2019-12-10 12:00:00,23,20,49,1,78.48
2019-12-10 13:00:00,25,23,55,0,81.54
2019-12-10 14:00:00,21,17,40,4,79.87
2019-12-10 15:00:00,20,19,40,0,87.57
2019-12-10 16:00:00,21,19,49,0,78.54
2019-12-10 17:00:00,25,22,41,1,78.22
2019-12-10 18:00:00,22,19,52,2,76.78
2019-12-10 19:00:00,16,13,48,2,85.05
2019-12-10 20:00:00,29,25,48,5,83.9
2019-12-10 21:00:00,35,35,46,7,76.25
2019-12-10 22:00:00,28,27,44,3,76.89
2019-12-10 23:00:00,25,23,48,4,91.5
2019-12-11 00:00:00,14,14,49,2,86.4
2019-12-11 01:00:00,24,23,47,2,80.8
2019-12-11 02:00:00,15,12,44,0,86.47
2019-12-11 03:00:00,28,25,36,0,80.16
2019-12-11 04:00:00,19,17,43,2,81.57
2019-12-11 05:00:00,16,16,43,1,85.39
2019-12-11 06:00:00,17,14,48,0,82.53
2019-12-11 07:00:00,24,20,53,1,77.11
2019-12-11 08:00:00,16,15,38,2,77.41
2019-12-11 09:00:00,25,23,42,3,82.8
2019-12-11 10:00:00,21,17,41,1,85.99
2019-12-11 11:00:00,19,17,40,4,88.46
2019-12-11 12:00:00,18,17,47,0,76.17
2019-12-11 13:00:00,25,25,48,1,82.26
2019-12-11 14:00:00,18,14,44,1,78.15
2019-12-11 15:00:00,23,20,48,5,76.73
2019-12-11 16:00:00,27,25,58,0,82.48
2019-12-11 17:00:00,20,20,48,2,74.27
2019-12-11 18:00:00,23,22,35,4,79.94
2019-12-11 19:00:00,20,17,47,2,80.77
2019-12-11 20:00:00,31,29,47,2,77.52
2019-12-11 21:00:00,19,19,40,3,83.86
2019-12-11 22:00:00,8,7,46,1,78.84
2019-12-11 23:00:00,23,23,48,2,78.41
2019-12-12 00:00:00,22,21,45,5,76.41
2019-12-12 01:00:00,26,23,51,2,93.04
2019-12-12 02:00:00,31,27,46,0,79.52
2019-12-12 03:00:00,32,30,45,4,78.29
2019-12-12 04:00:00,22,18,37,0,84.48
2019-12-12 05:00:00,22,19,37,1,83.09
2019-12-12 06:00:00,18,14,39,1,78.11
2019-12-12 07:00:00,22,20,48,0,67.47
2019-12-12 08:00:00,20,17,42,4,85.12
2019-12-12 09:00:00,21,19,39,2,77.02
2019-12-12 10:00:00,19,15,44,0,85.39
2019-12-12 11:00:00,20,20,44,0,80.08
2019-12-12 12:00:00,18,18,41,2,81.52
2019-12-12 13:00:00,23,21,46,4,80.27
2019-12-12 14:00:00,25,25,53,3,83.6
2019-12-12 15:00:00,15,13,39,0,74.54
2019-12-12 16:00:00,21,17,47,0,79.74
2019-12-12 17:00:00,23,22,39,0,73.59
2019-12-12 18:00:00,13,10,51,1,77.85
2019-12-12 19:00:00,18,14,39,1,77.59
2019-12-12 20:00:00,25,24,35,9,82.37
2019-12-12 21:00:00,20,16,46,0,72.28
2019-12-12 22:00:00,16,15,40,1,82.04
2019-12-12 23:00:00,24,22,55,6,88.8
2019-12-13 00:00:00,24,21,38,3,85.86
2019-12-13 01:00:00,23,21,37,1,75.27
2019-12-13 02:00:00,15,12,45,2,84.41
2019-12-13 03:00:00,23,22,33,0,85.83
2019-12-13 04:00:00,24,24,37,6,78.82
2019-12-13 05:00:00,17,17,39,1,86.95
2019-12-13 06:00:00,20,20,39,0,80.93
2019-12-13 07:00:00,20,20,41,1,83.47
2019-12-13 08:00:00,21,17,41,6,79.74
2019-12-13 09:00:00,20,16,40,3,84.46
2019-12-13 10:00:00,23,23,49,2,78.53
2019-12-13 11:00:00,23,21,44,1,81.8
2019-12-13 12:00:00,30,29,45,2,83.23
2019-12-13 13:00:00,18,18,44,2,75.72
2019-12-13 14:00:00,20,18,44,3,81.18
2019-12-13 15:00:00,18,16,45,0,91.62
2019-12-13 16:00:00,18,16,47,1,86.62
2019-12-13 17:00:00,16,12,50,0,85.38
2019-12-13 18:00:00,25,22,49,0,82.9
2019-12-13 19:00:00,20,16,57,1,87.58
2019-12-13 20:00:00,24,24,40,1,77.43
2019-12-13 21:00:00,33,33,41,3,83.44
2019-12-13 22:00:00,16,16,48,0,74.76
2019-12-13 23:00:00,26,25,40,3,77.52
2019-12-14 00:00:00,27,26,45,2,78.98
2019-12-14 01:00:00,18,15,56,0,89.44
2019-12-14 02:00:00,25,21,53,0,89.97
2019-12-14 03:00:00,21,19,40,0,83.08
2019-12-14 04:00:00,28,24,38,5,80.52
2019-12-14 05:00:00,27,27,34,2,77.83
2019-12-14 06:00:00,19,16,45,3,87.9
2019-12-14 07:00:00,27,26,42,2,80.6
2019-12-14 08:00:00,14,11,44,0,85.14
2019-12-14 09:00:00,31,29,43,4,83.78
2019-12-14 10:00:00,27,24,43,1,92.53
2019-12-14 11:00:00,21,18,42,3,79.05
2019-12-14 12:00:00,19,16,45,3,83.4
2019-12-14 13:00:00,16,16,50,3,75.0
2019-12-14 14:00:00,23,21,32,3,80.27
2019-12-14 15:00:00,23,22,43,2,82.17
2019-12-14 16:00:00,25,21,39,2,86.17
2019-12-14 17:00:00,28,27,47,4,75.21
2019-12-14 18:00:00,11,8,42,2,84.96
2019-12-14 19:00:00,28,25,50,4,77.18
2019-12-14 20:00:00,17,13,49,2,80.8
2019-12-14 21:00:00,17,15,40,4,83.38
2019-12-14 22:00:00,30,27,46,4,74.08
2019-12-14 23:00:00,22,22,50,1,78.04
2019-12-15 00:00:00,34,34,43,4,81.79
2019-12-15 01:00:00,10,9,44,0,79.89
2019-12-15 02:00:00,25,25,41,2,79.19
2019-12-15 03:00:00,23,22,43,8,85.52
2019-12-15 04:00:00,28,25,46,1,77.07
2019-12-15 05:00:00,28,28,47,1,74.47
2019-12-15 06:00:00,22,22,48,3,74.85
2019-12-15 07:00:00,23,19,44,1,87.34
2019-12-15 08:00:00,22,21,40,2,78.38
2019-12-15 09:00:00,28,24,43,4,88.17
2019-12-15 10:00:00,18,16,50,1,85.05
2019-12-15 11:00:00,18,14,52,0,86.45
2019-12-15 12:00:00,23,23,44,4,76.8
2019-12-15 13:00:00,16,16,46,0,77.04
2019-12-15 14:00:00,21,19,45,0,94.39
2019-12-15 15:00:00,13,12,45,0,87.08
2019-12-15 16:00:00,20,19,33,0,89.13
2019-12-15 17:00:00,24,23,38,0,71.78
2019-12-15 18:00:00,28,26,48,5,80.97
2019-12-15 19:00:00,15,12,45,0,86.94
2019-12-15 20:00:00,20,17,50,4,87.3
2019-12-15 21:00:00,21,19,44,0,86.63
2019-12-15 22:00:00,23,19,38,2,86.2
2019-12-15 23:00:00,17,15,44,1,83.52
2019-12-16 00:00:00,20,17,49,0,84.77
2019-12-16 01:00:00,10,7,46,0,86.11
2019-12-16 02:00:00,21,17,36,0,81.38
2019-12-16 03:00:00,15,15,40,1,86.44
2019-12-16 04:00:00,22,22,41,3,84.86
2019-12-16 05:00:00,28,28,37,2,79.97
2019-12-16 06:00:00,20,19,42,2,81.37
2019-12-16 07:00:00,30,27,49,0,81.1
2019-12-16 08:00:00,22,20,39,2,76.94
2019-12-16 09:00:00,22,18,49,2,84.97
2019-12-16 10:00:00,29,26,47,5,90.09
2019-12-16 11:00:00,31,31,42,1,77.1
2019-12-16 12:00:00,23,19,46,1,87.51
2019-12-16 13:00:00,28,26,42,1,86.94
2019-12-16 14:00:00,28,25,47,4,84.3
2019-12-16 15:00:00,26,24,55,5,78.67
2019-12-16 16:00:00,28,25,55,7,83.61
2019-12-16 17:00:00,25,22,33,3,76.5
2019-12-16 18:00:00,14,14,43,0,75.38
2019-12-16 19:00:00,24,20,42,2,86.48
2019-12-16 20:00:00,25,25,48,1,82.18
2019-12-16 21:00:00,21,18,49,0,75.98
2019-12-16 22:00:00,16,16,48,1,72.08
2019-12-16 23:00:00,28,25,47,0,89.59
2019-12-17 00:00:00,22,22,40,3,81.04
2019-12-17 01:00:00,29,26,51,3,80.1
2019-12-17 02:00:00,25,24,42,1,78.3
2019-12-17 03:00:00,26,25,37,0,83.61
2019-12-17 04:00:00,19,17,36,3,82.16
2019-12-17 05:00:00,18,15,43,4,82.61
2019-12-17 06:00:00,29,29,50,5,69.82
2019-12-17 07:00:00,15,12,39,0,90.16
2019-12-17 08:00:00,19,19,48,1,86.82
2019-12-17 09:00:00,22,20,41,0,82.55
2019-12-17 10:00:00,23,20,42,0,87.65
2019-12-17 11:00:00,24,22,37,2,91.48
2019-12-17 12:00:00,13,13,49,2,78.2
2019-12-17 13:00:00,15,11,42,3,82.44
2019-12-17 14:00:00,21,21,46,1,80.2
2019-12-17 15:00:00,15,13,44,2,75.51
2019-12-17 16:00:00,16,13,43,2,76.71
2019-12-17 17:00:00,25,22,45,4,84.55
2019-12-17 18:00:00,23,21,47,0,82.71
2019-12-17 19:00:00,29,26,49,3,92.1
2019-12-17 20:00:00,16,15,40,1,82.33
2019-12-17 21:00:00,19,15,40,1,92.99
2019-12-17 22:00:00,23,21,55,0,72.46
2019-12-17 23:00:00,24,20,44,1,79.33
2019-12-18 00:00:00,29,27,47,8,82.1
2019-12-18 01:00:00,26,22,40,0,88.51
2019-12-18 02:00:00,29,29,39,0,78.5
2019-12-18 03:00:00,20,18,41,2,85.48
2019-12-18 04:00:00,22,19,43,0,88.8
2019-12-18 05:00:00,21,17,45,2,89.73
2019-12-18 06:00:00,28,28,55,6,90.27
2019-12-18 07:00:00,23,23,47,4,72.56
2019-12-18 08:00:00,19,19,40,3,77.97
2019-12-18 09:00:00,33,30,43,8,92.89
2019-12-18 10:00:00,27,27,40,0,76.14
2019-12-18 11:00:00,27,23,35,4,79.8
2019-12-18 12:00:00,20,17,44,3,82.01
2019-12-18 13:00:00,16,14,38,2,89.6
2019-12-18 14:00:00,29,26,48,1,77.32
2019-12-18 15:00:00,24,22,43,4,75.0
2019-12-18 16:00:00,17,15,45,2,78.23
2019-12-18 17:00:00,28,26,42,1,88.04
2019-12-18 18:00:00,17,15,48,0,83.22
2019-12-18 19:00:00,24,21,52,4,69.87
2019-12-18 20:00:00,21,20,39,6,81.26
2019-12-18 21:00:00,27,26,45,0,79.58
2019-12-18 22:00:00,22,22,51,4,83.45
2019-12-18 23:00:00,16,12,54,0,83.13
2019-12-19 00:00:00,14,10,49,3,83.95
2019-12-19 01:00:00,23,19,45,3,82.57
2019-12-19 02:00:00,17,17,47,0,75.27
2019-12-19 03:00:00,32,28,40,8,84.18
2019-12-19 04:00:00,32,29,39,3,78.96
2019-12-19 05:00:00,26,25,44,3,81.14
2019-12-19 06:00:00,25,23,45,1,90.87
2019-12-19 07:00:00,22,18,43,1,79.52
2019-12-19 08:00:00,17,17,46,2,79.4
2019-12-19 09:00:00,21,21,44,1,79.35
2019-12-19 10:00:00,23,20,51,4,78.14
2019-12-19 11:00:00,20,18,48,3,85.96
2019-12-19 12:00:00,20,18,36,8,83.07
2019-12-19 13:00:00,23,23,42,0,85.17
2019-12-19 14:00:00,23,19,44,1,71.72
2019-12-19 15:00:00,26,23,52,5,87.03
2019-12-19 16:00:00,13,10,42,0,82.69
2019-12-19 17:00:00,20,18,48,0,83.56
2019-12-19 18:00:00,37,34,37,14,81.29
2019-12-19 19:00:00,18,17,42,2,76.95
2019-12-19 20:00:00,25,23,48,2,83.22
2019-12-19 21:00:00,32,32,48,7,77.08
2019-12-19 22:00:00,25,22,52,2,82.04
2019-12-19 23:00:00,19,17,48,3,82.39
2019-12-20 00:00:00,13,9,49,0,82.55
2019-12-20 01:00:00,17,13,43,0,80.21
2019-12-20 02:00:00,16,15,46,0,85.41
2019-12-20 03:00:00,26,26,47,7,75.28
2019-12-20 04:00:00,26,22,50,2,76.95
2019-12-20 05:00:00,25,23,43,3,73.12
2019-12-20 06:00:00,17,14,45,2,71.08
2019-12-20 07:00:00,21,17,46,0,81.88
2019-12-20 08:00:00,16,12,49,0,80.93
2019-12-20 09:00:00,29,28,47,3,68.25
2019-12-20 10:00:00,24,21,39,7,82.33
2019-12-20 11:00:00,20,17,47,2,85.88
2019-12-20 12:00:00,23,19,54,3,79.85
2019-12-20 13:00:00,23,20,38,0,81.65
2019-12-20 14:00:00,15,15,54,0,82.22
2019-12-20 15:00:00,17,17,43,0,76.98
2019-12-20 16:00:00,20,16,41,0,82.22
2019-12-20 17:00:00,18,14,42,0,85.08
2019-12-20 18:00:00,24,24,44,5,79.58
2019-12-20 19:00:00,25,22,44,6,83.22
2019-12-20 20:00:00,21,20,45,0,81.33
2019-12-20 21:00:00,19,18,36,1,83.31
2019-12-20 22:00:00,27,26,47,5,72.97
2019-12-20 23:00:00,24,21,52,3,82.95
2019-12-21 00:00:00,31,30,36,4,83.08
2019-12-21 01:00:00,19,19,46,3,81.58
2019-12-21 02:00:00,15,12,39,1,89.13
2019-12-21 03:00:00,17,17,39,0,75.07
2019-12-21 04:00:00,28,25,49,3,81.05
2019-12-21 05:00:00,32,31,54,3,89.54
2019-12-21 06:00:00,31,30,44,3,85.02
2019-12-21 07:00:00,21,17,49,2,78.77
2019-12-21 08:00:00,23,21,32,4,79.66
2019-12-21 09:00:00,26,26,39,1,76.33
2019-12-21 10:00:00,22,21,38,5,75.47
2019-12-21 11:00:00,17,14,50,0,76.31
2019-12-21 12:00:00,23,19,51,5,81.94
2019-12-21 13:00:00,33,33,50,5,75.64
2019-12-21 14:00:00,26,25,47,5,85.87
2019-12-21 15:00:00,27,23,38,0,82.57
2019-12-21 16:00:00,22,21,40,2,79.66
2019-12-21 17:00:00,20,19,57,0,83.37
2019-12-21 18:00:00,28,27,38,0,80.55
2019-12-21 19:00:00,28,24,38,8,85.6
2019-12-21 20:00:00,19,17,44,1,80.68
2019-12-21 21:00:00,24,23,50,2,76.71
2019-12-21 22:00:00,13,13,53,1,75.87
2019-12-21 23:00:00,23,19,47,2,71.25
2019-12-22 00:00:00,17,16,46,5,83.26
2019-12-22 01:00:00,17,13,44,0,74.81
2019-12-22 02:00:00,26,26,43,4,76.92
2019-12-22 03:00:00,14,14,47,0,82.02
2019-12-22 04:00:00,17,14,43,0,74.31
2019-12-22 05:00:00,20,17,55,2,83.48
2019-12-22 06:00:00,22,20,38,0,77.29
2019-12-22 07:00:00,23,20,38,5,84.71
2019-12-22 08:00:00,20,16,44,1,83.71
2019-12-22 09:00:00,23,20,38,1,77.62
2019-12-22 10:00:00,34,30,51,5,89.54
2019-12-22 11:00:00,26,22,47,0,91.46
2019-12-22 12:00:00,23,21,49,5,77.58
2019-12-22 13:00:00,31,27,41,6,83.11
2019-12-22 14:00:00,21,18,36,0,83.9
2019-12-22 15:00:00,20,17,46,3,89.51
2019-12-22 16:00:00,19,18,47,2,72.31
2019-12-22 17:00:00,23,21,51,4,84.94
2019-12-22 18:00:00,15,15,45,1,75.99
2019-12-22 19:00:00,12,12,47,0,78.09
2019-12-22 20:00:00,19,18,50,2,81.74
2019-12-22 21:00:00,23,20,44,3,84.95
2019-12-22 22:00:00,18,16,44,2,86.02
2019-12-22 23:00:00,22,19,38,1,77.08
2019-12-23 00:00:00,17,16,46,1,82.96
2019-12-23 01:00:00,22,22,40,3,83.97
2019-12-23 02:00:00,17,15,50,0,76.86
2019-12-23 03:00:00,27,24,47,0,78.54
2019-12-23 04:00:00,31,27,38,5,81.69
2019-12-23 05:00:00,18,14,41,0,78.34
2019-12-23 06:00:00,11,7,45,1,81.41
2019-12-23 07:00:00,19,19,38,1,79.94
2019-12-23 08:00:00,21,17,47,4,84.67
2019-12-23 09:00:00,28,24,43,9,88.1
2019-12-23 10:00:00,20,19,41,0,76.76
2019-12-23 11:00:00,19,18,55,3,78.8
2019-12-23 12:00:00,24,23,42,5,83.79
2019-12-23 13:00:00,20,17,52,0,93.11
2019-12-23 14:00:00,24,20,51,0,82.69
2019-12-23 15:00:00,17,17,51,3,81.77
2019-12-23 16:00:00,18,14,40,0,83.94
2019-12-23 17:00:00,21,17,43,2,81.68
2019-12-23 18:00:00,22,19,50,2,79.39
2019-12-23 19:00:00,23,22,44,1,84.41
2019-12-23 20:00:00,24,20,42,0,94.51
2019-12-23 21:00:00,25,23,51,1,86.21
2019-12-23 22:00:00,21,19,44,3,81.68
2019-12-23 23:00:00,33,32,50,4,79.3
2019-12-24 00:00:00,12,11,46,0,82.49
2019-12-24 01:00:00,20,16,43,3,83.3
2019-12-24 02:00:00,15,13,30,1,80.4
2019-12-24 03:00:00,24,24,43,2,75.67
2019-12-24 04:00:00,28,28,48,5,82.33
2019-12-24 05:00:00,31,29,41,5,90.2
2019-12-24 06:00:00,23,22,37,7,82.37
2019-12-24 07:00:00,20,17,46,5,76.92
2019-12-24 08:00:00,31,28,41,4,79.13
2019-12-24 09:00:00,14,14,37,1,91.11
2019-12-24 10:00:00,15,14,51,0,76.54
2019-12-24 11:00:00,20,16,45,2,88.85
2019-12-24 12:00:00,32,30,48,7,77.27
2019-12-24 13:00:00,22,22,40,3,77.01
2019-12-24 14:00:00,28,25,44,4,88.35
2019-12-24 15:00:00,21,18,48,0,84.29
2019-12-24 16:00:00,31,27,43,7,82.9
2019-12-24 17:00:00,26,22,33,3,79.77
2019-12-24 18:00:00,28,25,43,0,88.49
2019-12-24 19:00:00,22,21,44,4,77.55
2019-12-24 20:00:00,19,16,48,0,76.68
2019-12-24 21:00:00,24,22,45,4,84.04
2019-12-24 22:00:00,25,24,42,3,77.49
2019-12-24 23:00:00,23,19,41,0,81.54
2019-12-25 00:00:00,32,28,50,4,90.34
2019-12-25 01:00:00,22,18,50,1,74.31
2019-12-25 02:00:00,34,32,37,0,80.77
2019-12-25 03:00:00,21,17,47,1,85.35
2019-12-25 04:00:00,25,24,38,3,80.47
2019-12-25 05:00:00,22,18,49,6,76.01
2019-12-25 06:00:00,19,15,46,0,79.04
2019-12-25 07:00:00,35,32,50,5,86.34
2019-12-25 08:00:00,21,18,47,0,84.75
2019-12-25 09:00:00,22,20,36,5,77.33
2019-12-25 10:00:00,25,24,46,3,90.62
2019-12-25 11:00:00,19,18,51,2,81.82
2019-12-25 12:00:00,16,13,51,2,87.77
2019-12-25 13:00:00,16,15,38,0,78.26
2019-12-25 14:00:00,29,25,42,4,92.06
2019-12-25 15:00:00,22,20,51,0,76.97
2019-12-25 16:00:00,22,19,45,3,87.87
2019-12-25 17:00:00,16,12,49,1,72.95
2019-12-25 18:00:00,20,17,45,0,88.97
2019-12-25 19:00:00,24,21,38,0,83.61
2019-12-25 20:00:00,24,22,47,2,80.46
2019-12-25 21:00:00,31,29,52,6,80.02
2019-12-25 22:00:00,19,16,42,2,82.42
2019-12-25 23:00:00,20,16,45,3,73.43
2019-12-26 00:00:00,16,16,34,4,77.72
2019-12-26 01:00:00,19,15,42,1,87.74
2019-12-26 02:00:00,30,29,45,7,86.94
2019-12-26 03:00:00,23,20,43,2,76.85
2019-12-26 04:00:00,23,20,42,7,88.86
2019-12-26 05:00:00,25,23,39,4,74.18
2019-12-26 06:00:00,22,21,37,0,83.59
2019-12-26 07:00:00,22,22,55,0,81.44
2019-12-26 08:00:00,29,29,49,2,77.48
2019-12-26 09:00:00,19,17,47,0,89.37
2019-12-26 10:00:00,31,31,42,0,78.55
2019-12-26 11:00:00,19,16,41,0,89.75
2019-12-26 12:00:00,24,24,44,4,80.99
2019-12-26 13:00:00,31,31,38,5,78.0
2019-12-26 14:00:00,21,17,45,6,88.11
2019-12-26 15:00:00,16,16,43,1,74.81
2019-12-26 16:00:00,18,14,48,0,85.99
2019-12-26 17:00:00,18,17,37,2,85.72
2019-12-26 18:00:00,20,16,46,0,78.09
2019-12-26 19:00:00,28,27,44,4,82.57
2019-12-26 20:00:00,25,23,47,1,85.32
2019-12-26 21:00:00,23,20,41,0,86.93
2019-12-26 22:00:00,22,20,40,0,83.25
2019-12-26 23:00:00,21,19,37,2,85.89
2019-12-27 00:00:00,18,16,33,2,85.61
2019-12-27 01:00:00,34,33,52,1,79.6
2019-12-27 02:00:00,22,22,54,3,77.5
2019-12-27 03:00:00,27,23,46,5,83.44
2019-12-27 04:00:00,13,11,50,2,81.62
2019-12-27 05:00:00,21,19,40,4,81.53
2019-12-27 06:00:00,17,17,43,0,85.52
2019-12-27 07:00:00,28,26,44,2,79.78
2019-12-27 08:00:00,27,26,42,0,76.59
2019-12-27 09:00:00,13,12,48,1,87.32
2019-12-27 10:00:00,17,17,47,2,83.6
2019-12-27 11:00:00,19,18,48,1,79.24
2019-12-27 12:00:00,16,14,53,2,74.45
2019-12-27 13:00:00,30,28,39,1,87.41
2019-12-27 14:00:00,26,23,39,2,78.71
2019-12-27 15:00:00,28,25,44,5,76.77
2019-12-27 16:00:00,18,18,45,0,88.47
2019-12-27 17:00:00,17,15,50,2,86.35
2019-12-27 18:00:00,27,25,46,6,81.39
2019-12-27 19:00:00,27,23,40,5,83.96
2019-12-27 20:00:00,27,26,35,5,82.53
2019-12-27 21:00:00,27,27,43,0,78.66
2019-12-27 22:00:00,32,32,48,7,84.22
2019-12-27 23:00:00,23,22,40,0,88.1
2019-12-28 00:00:00,25,21,47,0,87.71
2019-12-28 01:00:00,33,30,51,2,81.53
2019-12-28 02:00:00,22,18,36,0,83.5
2019-12-28 03:00:00,27,24,51,3,78.09
2019-12-28 04:00:00,24,21,52,3,85.25
2019-12-28 05:00:00,32,28,38,0,73.77
2019-12-28 06:00:00,28,28,51,4,80.46
2019-12-28 07:00:00,26,24,45,2,76.86
2019-12-28 08:00:00,23,23,46,2,76.28
2019-12-28 09:00:00,27,25,34,3,81.5
2019-12-28 10:00:00,20,20,42,0,77.44
2019-12-28 11:00:00,20,16,43,0,80.94
2019-12-28 12:00:00,26,22,50,1,73.74
2019-12-28 13:00:00,23,19,43,6,81.77
2019-12-28 14:00:00,16,14,41,2,95.07
2019-12-28 15:00:00,19,19,39,1,83.91
2019-12-28 16:00:00,31,28,44,3,83.02
2019-12-28 17:00:00,25,25,45,2,79.05
2019-12-28 18:00:00,26,26,48,7,72.36
2019-12-28 19:00:00,22,21,40,3,81.93
2019-12-28 20:00:00,24,24,41,8,83.12
2019-12-28 21:00:00,26,23,51,4,88.11
2019-12-28 22:00:00,24,24,49,0,73.41
2019-12-28 23:00:00,20,19,49,4,86.04
2019-12-29 00:00:00,20,19,35,0,85.06
2019-12-29 01:00:00,20,17,40,0,70.34
2019-12-29 02:00:00,17,17,46,0,72.84
2019-12-29 03:00:00,18,14,45,2,75.98
2019-12-29 04:00:00,17,13,41,3,88.4
2019-12-29 05:00:00,21,20,48,0,80.41
2019-12-29 06:00:00,27,24,45,6,81.81
2019-12-29 07:00:00,18,14,47,0,89.95
2019-12-29 08:00:00,17,16,43,0,78.13
2019-12-29 09:00:00,27,26,41,0,81.66
2019-12-29 10:00:00,21,21,48,1,73.62
2019-12-29 11:00:00,16,13,46,2,85.66
2019-12-29 12:00:00,19,15,39,0,83.71
2019-12-29 13:00:00,25,25,45,2,82.37
2019-12-29 14:00:00,12,10,43,1,85.32
2019-12-29 15:00:00,25,22,41,2,83.27
2019-12-29 16:00:00,18,17,44,0,78.17
2019-12-29 17:00:00,13,13,42,1,87.68
2019-12-29 18:00:00,29,25,43,4,89.88
2019-12-29 19:00:00,22,21,52,4,81.87
2019-12-29 20:00:00,16,15,47,1,79.34
2019-12-29 21:00:00,16,12,50,1,90.4
2019-12-29 22:00:00,28,26,42,4,83.79
2019-12-29 23:00:00,27,24,41,4,85.36
2019-12-30 00:00:00,23,20,47,2,85.98
2019-12-30 01:00:00,21,20,34,0,80.25
2019-12-30 02:00:00,21,21,40,0,73.53
2019-12-30 03:00:00,18,16,47,1,73.24
2019-12-30 04:00:00,15,13,46,0,77.33
2019-12-30 05:00:00,21,20,42,3,85.13
2019-12-30 06:00:00,24,24,45,2,83.37
2019-12-30 07:00:00,21,17,42,5,85.9
2019-12-30 08:00:00,21,17,50,7,78.82
2019-12-30 09:00:00,14,13,50,1,87.85
2019-12-30 10:00:00,20,20,39,2,92.63
2019-12-30 11:00:00,23,21,39,0,74.43
2019-12-30 12:00:00,26,24,54,2,79.79
2019-12-30 13:00:00,26,24,43,1,76.79
2019-12-30 14:00:00,21,18,49,3,79.55
2019-12-30 15:00:00,23,21,41,5,77.55
2019-12-30 16:00:00,25,21,42,0,72.54
2019-12-30 17:00:00,18,18,43,2,88.53
2019-12-30 18:00:00,19,17,47,6,82.55
2019-12-30 19:00:00,26,25,46,6,81.12
2019-12-30 20:00:00,33,32,37,7,82.73
2019-12-30 21:00:00,25,21,41,4,67.19
2019-12-30 22:00:00,19,17,41,0,79.03
2019-12-30 23:00:00,21,17,44,0,82.22
2019-12-31 00:00:00,20,16,47,4,88.84
2019-12-31 01:00:00,19,15,44,0,83.32
2019-12-31 02:00:00,18,15,37,7,90.53
2019-12-31 03:00:00,19,17,46,2,89.18
2019-12-31 04:00:00,22,21,42,2,75.4
2019-12-31 05:00:00,18,15,51,2,80.71
2019-12-31 06:00:00,30,26,44,1,84.83
2019-12-31 07:00:00,12,11,42,1,76.35
2019-12-31 08:00:00,25,21,42,2,79.65
2019-12-31 09:00:00,16,13,48,3,81.62
2019-12-31 10:00:00,14,14,39,4,79.27
2019-12-31 11:00:00,21,17,40,0,78.7
2019-12-31 12:00:00,33,29,43,2,80.69
2019-12-31 13:00:00,24,23,47,1,82.44
2019-12-31 14:00:00,22,21,45,3,80.33
2019-12-31 15:00:00,22,18,44,0,77.76
2019-12-31 16:00:00,15,13,47,0,89.51
2019-12-31 17:00:00,28,27,40,5,95.63
2019-12-31 18:00:00,20,20,48,0,84.99
2019-12-31 19:00:00,21,21,49,5,80.04
2019-12-31 20:00:00,22,18,52,1,80.77
2019-12-31 21:00:00,18,17,59,0,80.23
2019-12-31 22:00:00,21,21,47,0,79.94
2019-12-31 23:00:00,21,18,49,4,81.78
2020-01-01 00:00:00,20,20,41,0,81.59
2020-01-01 01:00:00,22,21,48,3,83.65
2020-01-01 02:00:00,27,23,54,4,91.51
2020-01-01 03:00:00,23,23,37,3,83.03
2020-01-01 04:00:00,22,18,50,3,80.2
2020-01-01 05:00:00,14,11,47,0,77.8
2020-01-01 06:00:00,17,17,49,2,81.18
2020-01-01 07:00:00,18,14,47,0,82.29
2020-01-01 08:00:00,27,27,38,2,87.36
2020-01-01 09:00:00,20,20,35,2,83.53
2020-01-01 10:00:00,20,19,45,2,76.4
2020-01-01 11:00:00,26,25,38,6,79.57
2020-01-01 12:00:00,24,22,53,5,77.7
2020-01-01 13:00:00,24,23,39,0,89.6
2020-01-01 14:00:00,24,23,50,0,76.87
2020-01-01 15:00:00,28,26,46,5,75.12
2020-01-01 16:00:00,21,19,48,5,79.0
2020-01-01 17:00:00,31,31,40,5,73.53
2020-01-01 18:00:00,15,15,54,0,73.61
2020-01-01 19:00:00,18,18,44,0,82.43
2020-01-01 20:00:00,23,22,55,2,81.05
2020-01-01 21:00:00,14,10,47,2,94.22
2020-01-01 22:00:00,20,16,41,0,93.93
2020-01-01 23:00:00,32,31,48,6,81.86
2020-01-02 00:00:00,28,25,49,8,86.21
2020-01-02 01:00:00,26,26,43,0,79.1
2020-01-02 02:00:00,22,21,47,2,85.86
2020-01-02 03:00:00,34,31,49,5,82.24
2020-01-02 04:00:00,13,13,40,1,78.1
2020-01-02 05:00:00,23,21,41,0,78.27
2020-01-02 06:00:00,23,22,39,3,79.92
2020-01-02 07:00:00,29,26,53,6,82.33
2020-01-02 08:00:00,23,19,42,3,87.99
2020-01-02 09:00:00,18,17,54,1,80.93
2020-01-02 10:00:00,24,20,45,3,76.97
2020-01-02 11:00:00,21,18,34,2,89.36
2020-01-02 12:00:00,18,17,48,2,81.16
2020-01-02 13:00:00,16,15,47,1,85.53
2020-01-02 14:00:00,31,30,43,4,70.41
2020-01-02 15:00:00,18,17,44,1,74.61
2020-01-02 16:00:00,26,24,51,0,67.98
2020-01-02 17:00:00,25,24,44,1,77.15
2020-01-02 18:00:00,18,15,43,2,86.32
2020-01-02 19:00:00,26,23,34,0,83.17
2020-01-02 20:00:00,17,15,49,0,82.32
2020-01-02 21:00:00,26,25,45,3,88.79
2020-01-02 22:00:00,25,24,45,6,82.52
2020-01-02 23:00:00,23,23,48,4,80.1
2020-01-03 00:00:00,24,24,47,3,72.91
2020-01-03 01:00:00,18,14,38,3,87.94
2020-01-03 02:00:00,16,14,42,2,93.33
2020-01-03 03:00:00,28,28,46,2,70.25
2020-01-03 04:00:00,27,24,45,2,83.4
2020-01-03 05:00:00,17,14,35,0,79.71
2020-01-03 06:00:00,21,18,41,0,75.34
2020-01-03 07:00:00,25,23,50,5,77.55
2020-01-03 08:00:00,21,18,30,2,79.3
2020-01-03 09:00:00,17,17,32,1,77.5
2020-01-03 10:00:00,17,17,43,0,76.97
2020-01-03 11:00:00,26,22,46,1,82.99
2020-01-03 12:00:00,28,24,43,7,79.12
2020-01-03 13:00:00,19,17,49,0,85.14
2020-01-03 14:00:00,24,20,56,2,78.81
2020-01-03 15:00:00,16,14,49,0,80.77
2020-01-03 16:00:00,17,16,35,0,91.98
2020-01-03 17:00:00,24,20,40,1,80.11
2020-01-03 18:00:00,16,14,45,1,76.33
2020-01-03 19:00:00,22,22,36,5,73.61
2020-01-03 20:00:00,20,16,47,0,76.27
2020-01-03 21:00:00,21,17,48,0,77.82
2020-01-03 22:00:00,24,22,34,2,76.61
2020-01-03 23:00:00,27,26,45,1,86.41
2020-01-04 00:00:00,18,14,46,2,67.28
2020-01-04 01:00:00,30,28,38,3,77.3
2020-01-04 02:00:00,25,24,43,1,88.06
2020-01-04 03:00:00,24,22,47,3,76.83
2020-01-04 04:00:00,20,19,41,3,81.93
2020-01-04 05:00:00,16,13,50,0,85.51
2020-01-04 06:00:00,24,20,39,0,70.72
2020-01-04 07:00:00,21,18,43,0,91.4
2020-01-04 08:00:00,15,13,43,0,68.31
2020-01-04 09:00:00,26,23,43,2,72.46
2020-01-04 10:00:00,22,21,46,4,78.52
2020-01-04 11:00:00,13,13,40,0,79.13
2020-01-04 12:00:00,19,16,41,0,87.79
2020-01-04 13:00:00,22,20,39,0,85.97
2020-01-04 14:00:00,25,21,45,2,79.15
2020-01-04 15:00:00,21,18,48,4,85.82
2020-01-04 16:00:00,24,21,43,4,89.02
2020-01-04 17:00:00,23,23,40,2,86.8
2020-01-04 18:00:00,29,27,41,3,82.68
2020-01-04 19:00:00,20,17,47,3,80.28
2020-01-04 20:00:00,12,8,34,0,82.46
2020-01-04 21:00:00,26,25,43,3,93.7
2020-01-04 22:00:00,21,17,40,2,82.55
2020-01-04 23:00:00,23,20,40,2,79.31
2020-01-05 00:00:00,19,16,48,2,80.25
2020-01-05 01:00:00,19,19,44,2,85.08
2020-01-05 02:00:00,18,16,40,1,83.06
2020-01-05 03:00:00,29,29,46,8,86.1
2020-01-05 04:00:00,22,18,47,1,79.32
2020-01-05 05:00:00,21,19,50,5,73.57
2020-01-05 06:00:00,22,22,45,1,84.45
2020-01-05 07:00:00,19,16,42,2,83.46
2020-01-05 08:00:00,15,13,53,2,77.23
2020-01-05 09:00:00,28,27,52,3,87.45
2020-01-05 10:00:00,16,15,57,0,84.42
2020-01-05 11:00:00,37,33,50,3,76.06
2020-01-05 12:00:00,25,25,48,6,78.95
2020-01-05 13:00:00,25,21,32,5,79.3
2020-01-05 14:00:00,17,16,53,2,83.49
2020-01-05 15:00:00,24,21,45,6,80.22
2020-01-05 16:00:00,19,16,44,3,77.98
2020-01-05 17:00:00,19,16,47,0,83.8
2020-01-05 18:00:00,24,21,41,5,89.49
2020-01-05 19:00:00,14,11,50,0,82.38
2020-01-05 20:00:00,22,21,37,0,81.57
2020-01-05 21:00:00,21,19,50,3,76.67
2020-01-05 22:00:00,17,14,47,3,78.35
2020-01-05 23:00:00,23,21,45,0,84.72
2020-01-06 00:00:00,20,17,51,0,82.56
2020-01-06 01:00:00,18,14,48,4,86.6
2020-01-06 02:00:00,23,23,61,1,72.83
2020-01-06 03:00:00,23,21,41,1,87.84
2020-01-06 04:00:00,20,20,45,4,82.49
2020-01-06 05:00:00,24,23,45,1,87.62
2020-01-06 06:00:00,22,18,50,5,82.65
2020-01-06 07:00:00,17,14,45,1,86.33
2020-01-06 08:00:00,16,13,38,3,88.74
2020-01-06 09:00:00,22,21,31,0,90.18
2020-01-06 10:00:00,22,20,40,3,89.73
2020-01-06 11:00:00,19,16,47,3,85.13
2020-01-06 12:00:00,18,16,46,1,82.54
2020-01-06 13:00:00,23,20,40,4,77.75
2020-01-06 14:00:00,16,14,43,0,74.73
2020-01-06 15:00:00,24,24,38,3,69.0
2020-01-06 16:00:00,31,29,41,3,76.61
2020-01-06 17:00:00,19,18,49,5,79.89
2020-01-06 18:00:00,16,13,40,0,72.07
2020-01-06 19:00:00,17,13,50,1,77.51
2020-01-06 20:00:00,27,25,35,1,83.57
2020-01-06 21:00:00,26,22,41,2,79.32
2020-01-06 22:00:00,27,25,54,0,83.82
2020-01-06 23:00:00,15,15,32,0,81.27
2020-01-07 00:00:00,23,19,44,0,84.24
2020-01-07 01:00:00,24,23,48,2,82.23
2020-01-07 02:00:00,32,28,45,2,84.09
2020-01-07 03:00:00,29,27,49,7,82.42
2020-01-07 04:00:00,24,23,49,4,76.59
2020-01-07 05:00:00,24,24,41,2,80.14
2020-01-07 06:00:00,16,12,48,0,88.6
2020-01-07 07:00:00,27,26,43,5,81.82
2020-01-07 08:00:00,26,22,46,0,87.67
2020-01-07 09:00:00,32,32,41,7,86.79
2020-01-07 10:00:00,19,19,57,0,81.74
2020-01-07 11:00:00,17,17,42,1,84.05
2020-01-07 12:00:00,23,23,40,3,81.61
2020-01-07 13:00:00,21,20,49,2,79.8
2020-01-07 14:00:00,24,23,44,4,83.71
2020-01-07 15:00:00,22,22,49,5,81.94
2020-01-07 16:00:00,26,24,43,0,83.84
2020-01-07 17:00:00,22,21,38,2,73.3
2020-01-07 18:00:00,33,33,50,5,75.59
2020-01-07 19:00:00,21,20,39,4,74.76
2020-01-07 20:00:00,23,19,40,6,85.51
2020-01-07 21:00:00,21,19,44,0,85.61
2020-01-07 22:00:00,17,17,41,5,83.25
2020-01-07 23:00:00,18,16,40,0,79.62
2020-01-08 00:00:00,24,23,37,1,84.9
2020-01-08 01:00:00,13,12,49,0,77.58
2020-01-08 02:00:00,20,16,52,4,83.83
2020-01-08 03:00:00,20,20,41,0,83.02
2020-01-08 04:00:00,9,9,51,1,80.82
2020-01-08 05:00:00,25,22,46,1,85.59
2020-01-08 06:00:00,17,13,48,1,82.18
2020-01-08 07:00:00,21,19,48,3,84.96
2020-01-08 08:00:00,28,28,42,5,76.22
2020-01-08 09:00:00,16,13,41,0,78.13
2020-01-08 10:00:00,21,19,44,0,81.55
2020-01-08 11:00:00,26,25,44,0,74.31
2020-01-08 12:00:00,19,18,49,0,88.18
2020-01-08 13:00:00,20,16,46,1,83.95
2020-01-08 14:00:00,19,18,45,5,83.48
2020-01-08 15:00:00,21,20,47,0,79.38
2020-01-08 16:00:00,15,12,39,0,84.67
2020-01-08 17:00:00,26,24,47,2,84.82
2020-01-08 18:00:00,23,21,46,0,81.08
2020-01-08 19:00:00,16,13,63,1,79.28
2020-01-08 20:00:00,22,20,39,3,75.71
2020-01-08 21:00:00,28,26,47,4,86.57
2020-01-08 22:00:00,23,19,41,4,75.06
2020-01-08 23:00:00,21,21,45,0,78.47
2020-01-09 00:00:00,29,27,51,4,76.5
2020-01-09 01:00:00,24,22,54,0,79.49
2020-01-09 02:00:00,23,21,41,0,81.05
2020-01-09 03:00:00,16,15,43,1,80.62
2020-01-09 04:00:00,17,14,34,0,82.65
2020-01-09 05:00:00,25,21,53,0,78.76
2020-01-09 06:00:00,25,24,41,6,84.04
2020-01-09 07:00:00,25,22,36,0,76.19
2020-01-09 08:00:00,26,22,45,0,78.97
2020-01-09 09:00:00,23,22,39,3,80.27
2020-01-09 10:00:00,21,17,40,0,93.92
2020-01-09 11:00:00,23,21,41,2,83.85
2020-01-09 12:00:00,22,21,51,3,72.63
2020-01-09 13:00:00,17,16,53,0,82.6
2020-01-09 14:00:00,19,19,47,3,79.65
2020-01-09 15:00:00,20,18,44,4,79.36
2020-01-09 16:00:00,28,26,38,5,78.65
2020-01-09 17:00:00,27,26,42,2,81.72
2020-01-09 18:00:00,21,20,46,2,79.5
2020-01-09 19:00:00,26,23,48,5,85.26
2020-01-09 20:00:00,29,29,48,5,73.47
2020-01-09 21:00:00,32,31,47,5,74.67
2020-01-09 22:00:00,19,15,47,2,83.81
2020-01-09 23:00:00,18,15,46,2,83.46
2020-01-10 00:00:00,23,22,47,2,85.11
2020-01-10 01:00:00,17,15,38,2,77.01
2020-01-10 02:00:00,24,24,39,2,75.66
2020-01-10 03:00:00,33,30,50,4,74.77
2020-01-10 04:00:00,19,15,45,3,83.25
2020-01-10 05:00:00,14,11,50,0,76.32
2020-01-10 06:00:00,25,25,49,0,82.95
2020-01-10 07:00:00,27,27,41,0,85.06
2020-01-10 08:00:00,16,13,51,1,89.7
2020-01-10 09:00:00,24,20,52,1,77.35
2020-01-10 10:00:00,30,27,44,2,85.38
2020-01-10 11:00:00,27,25,52,8,92.2
2020-01-10 12:00:00,19,16,43,2,80.25
2020-01-10 13:00:00,26,25,47,3,83.29
2020-01-10 14:00:00,11,10,49,0,77.64
2020-01-10 15:00:00,29,25,42,1,78.05
2020-01-10 16:00:00,20,19,44,4,79.17
2020-01-10 17:00:00,25,24,42,4,80.93
2020-01-10 18:00:00,24,21,44,1,83.3
2020-01-10 19:00:00,26,23,52,3,83.81
2020-01-10 20:00:00,17,17,44,2,85.55
2020-01-10 21:00:00,18,17,45,1,81.13
2020-01-10 22:00:00,24,23,48,0,76.39
2020-01-10 23:00:00,26,26,41,3,80.51
2020-01-11 00:00:00,28,28,39,1,75.42
2020-01-11 01:00:00,16,12,42,1,96.55
2020-01-11 02:00:00,24,24,42,3,74.8
2020-01-11 03:00:00,15,15,42,0,86.57
2020-01-11 04:00:00,18,17,49,0,83.32
2020-01-11 05:00:00,18,16,35,1,80.57
2020-01-11 06:00:00,27,23,53,5,90.37
2020-01-11 07:00:00,22,18,51,4,80.22
2020-01-11 08:00:00,34,31,34,4,78.29
2020-01-11 09:00:00,28,24,46,0,79.37
2020-01-11 10:00:00,18,18,38,0,85.5
2020-01-11 11:00:00,24,20,45,2,82.77
2020-01-11 12:00:00,25,21,39,3,90.07
2020-01-11 13:00:00,19,16,41,2,82.81
2020-01-11 14:00:00,16,13,43,4,90.32
2020-01-11 15:00:00,23,19,46,3,81.96
2020-01-11 16:00:00,24,23,44,3,84.53
2020-01-11 17:00:00,27,27,45,6,77.23
2020-01-11 18:00:00,18,18,50,4,76.88
2020-01-11 19:00:00,30,30,48,4,83.37
2020-01-11 20:00:00,11,8,46,0,84.9
2020-01-11 21:00:00,21,21,43,3,82.15
2020-01-11 22:00:00,24,23,53,4,78.08
2020-01-11 23:00:00,18,18,48,1,83.37
2020-01-12 00:00:00,27,24,41,7,82.15
2020-01-12 01:00:00,31,30,47,4,78.49
2020-01-12 02:00:00,23,19,48,1,84.49
2020-01-12 03:00:00,31,29,48,6,80.04
2020-01-12 04:00:00,31,30,45,6,83.11
2020-01-12 05:00:00,25,22,56,0,77.36
2020-01-12 06:00:00,18,17,47,1,78.99
2020-01-12 07:00:00,21,20,34,4,82.78
2020-01-12 08:00:00,19,16,34,2,75.37
2020-01-12 09:00:00,23,21,37,4,82.03
2020-01-12 10:00:00,21,17,47,4,75.64
2020-01-12 11:00:00,16,13,49,0,84.79
2020-01-12 12:00:00,22,18,52,0,85.79
2020-01-12 13:00:00,14,10,44,0,73.08
2020-01-12 14:00:00,24,24,44,1,78.35
2020-01-12 15:00:00,20,19,48,0,76.41
2020-01-12 16:00:00,20,18,44,0,86.14
2020-01-12 17:00:00,26,22,47,1,73.91
2020-01-12 18:00:00,21,17,41,0,73.15
2020-01-12 19:00:00,18,17,46,5,87.05
2020-01-12 20:00:00,16,16,43,0,81.79
2020-01-12 21:00:00,32,32,52,3,84.58
2020-01-12 22:00:00,26,24,48,4,82.95
2020-01-12 23:00:00,27,27,54,2,86.67
2020-01-13 00:00:00,27,25,47,0,73.99
2020-01-13 01:00:00,17,15,42,6,74.07
2020-01-13 02:00:00,14,10,42,5,85.4
2020-01-13 03:00:00,21,19,42,3,79.12
2020-01-13 04:00:00,19,16,49,0,84.08
2020-01-13 05:00:00,22,20,46,0,83.44
2020-01-13 06:00:00,28,26,44,7,88.71
2020-01-13 07:00:00,19,16,50,1,85.15
2020-01-13 08:00:00,16,15,49,0,80.56
2020-01-13 09:00:00,17,17,47,1,84.13
2020-01-13 10:00:00,19,19,42,5,75.24
2020-01-13 11:00:00,20,20,38,0,69.4
2020-01-13 12:00:00,19,18,50,1,80.6
2020-01-13 13:00:00,32,29,47,3,92.94
2020-01-13 14:00:00,24,24,50,1,83.32
2020-01-13 15:00:00,19,19,37,1,72.7
2020-01-13 16:00:00,20,18,46,2,81.89
2020-01-13 17:00:00,19,18,38,0,91.97
2020-01-13 18:00:00,24,24,45,1,79.63
2020-01-13 19:00:00,21,20,44,5,79.57
2020-01-13 20:00:00,15,15,49,3,74.84
2020-01-13 21:00:00,23,23,48,3,78.8
2020-01-13 22:00:00,26,26,43,3,73.19
2020-01-13 23:00:00,29,26,44,6,79.5
2020-01-14 00:00:00,27,25,42,6,91.86
2020-01-14 01:00:00,24,21,35,2,75.52
2020-01-14 02:00:00,28,27,45,9,83.13
2020-01-14 03:00:00,25,23,33,1,91.46
2020-01-14 04:00:00,25,21,40,5,84.65
2020-01-14 05:00:00,22,19,46,5,87.99
2020-01-14 06:00:00,24,22,45,3,77.65
2020-01-14 07:00:00,16,16,49,1,75.63
2020-01-14 08:00:00,27,27,44,7,80.46
2020-01-14 09:00:00,21,18,50,4,78.32
2020-01-14 10:00:00,20,18,47,3,78.41
2020-01-14 11:00:00,20,17,46,3,83.77
2020-01-14 12:00:00,21,17,37,6,89.53
2020-01-14 13:00:00,19,18,53,1,80.04
2020-01-14 14:00:00,21,18,38,4,85.76
2020-01-14 15:00:00,28,27,46,3,90.24
2020-01-14 16:00:00,23,21,54,3,70.15
2020-01-14 17:00:00,28,24,34,4,85.26
2020-01-14 18:00:00,31,28,42,5,73.39
2020-01-14 19:00:00,19,17,32,3,78.76
2020-01-14 20:00:00,29,26,48,2,87.78
2020-01-14 21:00:00,18,18,44,2,86.88
2020-01-14 22:00:00,18,16,42,3,78.15
2020-01-14 23:00:00,21,17,40,0,78.62
2020-01-15 00:00:00,20,18,43,5,82.22
2020-01-15 01:00:00,21,17,47,3,92.49
2020-01-15 02:00:00,21,21,40,1,82.39
2020-01-15 03:00:00,16,16,43,0,86.14
2020-01-15 04:00:00,22,21,45,10,82.75
2020-01-15 05:00:00,21,20,43,4,72.61
2020-01-15 06:00:00,27,27,45,0,83.71
2020-01-15 07:00:00,21,21,39,3,76.75
2020-01-15 08:00:00,21,20,40,1,79.24
2020-01-15 09:00:00,29,28,44,2,72.9
2020-01-15 10:00:00,21,20,37,3,77.04
2020-01-15 11:00:00,28,26,42,2,80.73
2020-01-15 12:00:00,26,26,42,2,72.86
2020-01-15 13:00:00,27,24,48,5,73.52
2020-01-15 14:00:00,25,21,50,4,87.95
2020-01-15 15:00:00,21,17,50,5,80.93
2020-01-15 16:00:00,23,19,46,3,82.05
2020-01-15 17:00:00,24,20,38,2,82.93
2020-01-15 18:00:00,23,22,39,3,76.33
2020-01-15 19:00:00,21,20,46,1,89.04
2020-01-15 20:00:00,19,19,48,5,84.53
2020-01-15 21:00:00,20,19,38,4,86.25
2020-01-15 22:00:00,19,15,52,1,87.18
2020-01-15 23:00:00,18,16,50,3,86.86
2020-01-16 00:00:00,26,24,52,5,86.29
2020-01-16 01:00:00,29,26,46,3,81.64
2020-01-16 02:00:00,33,33,39,5,77.79
2020-01-16 03:00:00,26,24,48,3,76.22
2020-01-16 04:00:00,26,24,44,2,78.15
2020-01-16 05:00:00,18,16,44,0,86.0
2020-01-16 06:00:00,31,27,51,2,77.76
2020-01-16 07:00:00,29,25,42,4,86.8
2020-01-16 08:00:00,24,21,46,3,82.75
2020-01-16 09:00:00,29,28,43,4,80.94
2020-01-16 10:00:00,27,26,42,3,79.85
2020-01-16 11:00:00,20,19,41,2,69.78
2020-01-16 12:00:00,21,19,41,0,77.15
2020-01-16 13:00:00,15,14,39,2,79.63
2020-01-16 14:00:00,21,20,55,3,80.04
2020-01-16 15:00:00,24,20,45,5,85.41
2020-01-16 16:00:00,23,19,47,3,85.38
2020-01-16 17:00:00,21,20,41,2,74.0
2020-01-16 18:00:00,28,24,40,4,75.59
2020-01-16 19:00:00,23,19,41,4,86.51
2020-01-16 20:00:00,9,7,41,1,77.62
2020-01-16 21:00:00,23,20,45,2,88.02
2020-01-16 22:00:00,24,20,44,4,81.97
2020-01-16 23:00:00,19,16,53,1,87.4
2020-01-17 00:00:00,27,27,40,4,78.22
2020-01-17 01:00:00,24,23,47,2,80.12
2020-01-17 02:00:00,26,23,34,3,86.16
2020-01-17 03:00:00,21,18,42,4,75.8
2020-01-17 04:00:00,23,23,57,0,76.78
2020-01-17 05:00:00,25,24,38,3,90.15
2020-01-17 06:00:00,20,19,48,4,78.54
2020-01-17 07:00:00,26,25,46,5,79.94
2020-01-17 08:00:00,20,16,42,1,82.87
2020-01-17 09:00:00,25,23,37,3,84.66
2020-01-17 10:00:00,19,17,43,0,84.91
2020-01-17 11:00:00,25,21,41,0,81.01
2020-01-17 12:00:00,27,26,39,5,82.81
2020-01-17 13:00:00,25,25,34,0,76.19
2020-01-17 14:00:00,16,12,44,1,84.53
2020-01-17 15:00:00,23,19,41,7,79.92
2020-01-17 16:00:00,17,14,39,5,88.76
2020-01-17 17:00:00,24,20,37,2,92.54
2020-01-17 18:00:00,21,20,41,4,71.43
2020-01-17 19:00:00,19,15,48,3,92.12
2020-01-17 20:00:00,19,17,46,3,80.4
2020-01-17 21:00:00,30,28,45,4,86.43
2020-01-17 22:00:00,26,22,41,3,87.53
2020-01-17 23:00:00,27,27,53,7,71.56
2020-01-18 00:00:00,13,10,41,4,80.7
2020-01-18 01:00:00,20,16,46,7,75.52
2020-01-18 02:00:00,16,15,50,1,73.56
2020-01-18 03:00:00,23,23,43,6,87.19
2020-01-18 04:00:00,25,24,34,2,84.9
2020-01-18 05:00:00,21,20,47,3,72.18
2020-01-18 06:00:00,20,17,46,3,74.68
2020-01-18 07:00:00,27,24,37,8,87.08
2020-01-18 08:00:00,28,26,46,0,86.34
2020-01-18 09:00:00,28,27,44,10,82.84
2020-01-18 10:00:00,20,16,46,2,83.01
2020-01-18 11:00:00,29,28,38,3,76.92
2020-01-18 12:00:00,29,27,48,6,80.13
2020-01-18 13:00:00,15,14,42,1,82.79
2020-01-18 14:00:00,29,26,39,5,81.6
2020-01-18 15:00:00,23,21,48,4,81.62
2020-01-18 16:00:00,22,22,49,3,91.55
2020-01-18 17:00:00,22,21,45,1,78.91
2020-01-18 18:00:00,28,27,48,7,74.18
2020-01-18 19:00:00,20,17,42,0,82.9
2020-01-18 20:00:00,22,22,42,3,79.79
2020-01-18 21:00:00,24,23,51,6,78.76
2020-01-18 22:00:00,35,34,33,9,78.35
2020-01-18 23:00:00,18,18,34,2,74.42
2020-01-19 00:00:00,24,21,43,3,82.97
2020-01-19 01:00:00,26,22,42,3,88.85
2020-01-19 02:00:00,29,29,50,2,81.12
2020-01-19 03:00:00,18,15,42,0,79.95
2020-01-19 04:00:00,21,20,46,3,77.91
2020-01-19 05:00:00,26,26,49,6,79.7
2020-01-19 06:00:00,27,24,49,3,85.06
2020-01-19 07:00:00,25,24,39,7,82.4
2020-01-19 08:00:00,23,21,46,0,82.51
2020-01-19 09:00:00,27,24,36,9,76.2
2020-01-19 10:00:00,22,19,49,2,89.26
2020-01-19 11:00:00,28,25,43,7,81.08
2020-01-19 12:00:00,19,18,47,0,90.35
2020-01-19 13:00:00,21,17,43,2,85.66
2020-01-19 14:00:00,24,20,43,2,72.49
2020-01-19 15:00:00,21,19,46,2,73.58
2020-01-19 16:00:00,13,13,46,5,82.42
2020-01-19 17:00:00,16,14,41,1,77.03
2020-01-19 18:00:00,25,25,38,4,78.02
2020-01-19 19:00:00,21,21,42,0,77.93
2020-01-19 20:00:00,31,29,46,8,65.69
2020-01-19 21:00:00,24,22,51,3,82.43
2020-01-19 22:00:00,17,14,43,0,83.71
2020-01-19 23:00:00,20,19,40,6,91.52
2020-01-20 00:00:00,31,27,38,5,80.9
2020-01-20 01:00:00,18,18,45,3,79.21
2020-01-20 02:00:00,22,22,43,4,78.37
2020-01-20 03:00:00,28,25,41,3,95.12
2020-01-20 04:00:00,15,11,52,0,83.97
2020-01-20 05:00:00,17,16,46,4,78.23
2020-01-20 06:00:00,21,18,47,5,82.21
2020-01-20 07:00:00,23,22,42,1,79.32
2020-01-20 08:00:00,27,27,44,6,78.49
2020-01-20 09:00:00,20,16,45,1,79.49
2020-01-20 10:00:00,23,23,42,5,84.2
2020-01-20 11:00:00,17,14,48,0,79.88
2020-01-20 12:00:00,18,17,41,2,79.05
2020-01-20 13:00:00,28,27,50,0,80.77
2020-01-20 14:00:00,24,24,48,3,80.36
2020-01-20 15:00:00,27,24,47,5,88.48
2020-01-20 16:00:00,20,16,45,2,81.15
2020-01-20 17:00:00,25,23,44,5,81.44
2020-01-20 18:00:00,22,19,49,4,78.75
2020-01-20 19:00:00,26,22,42,7,83.58
2020-01-20 20:00:00,28,24,33,7,83.42
2020-01-20 21:00:00,23,22,43,3,79.52
2020-01-20 22:00:00,14,12,42,3,79.43
2020-01-20 23:00:00,21,19,41,1,69.06
2020-01-21 00:00:00,14,12,49,0,75.72
2020-01-21 01:00:00,33,33,37,3,75.25
2020-01-21 02:00:00,32,31,43,8,84.73
2020-01-21 03:00:00,23,20,44,4,79.34
2020-01-21 04:00:00,27,27,41,5,87.41
2020-01-21 05:00:00,22,22,49,1,79.95
2020-01-21 06:00:00,15,13,52,4,83.36
2020-01-21 07:00:00,22,20,45,4,83.44
2020-01-21 08:00:00,14,10,46,2,76.77
2020-01-21 09:00:00,25,21,48,3,84.31
2020-01-21 10:00:00,31,30,46,4,73.51
2020-01-21 11:00:00,20,19,54,2,85.51
2020-01-21 12:00:00,21,18,42,4,78.51
2020-01-21 13:00:00,21,21,47,0,83.22
2020-01-21 14:00:00,17,15,43,4,78.01
2020-01-21 15:00:00,25,23,51,3,82.6
2020-01-21 16:00:00,23,22,40,5,77.63
2020-01-21 17:00:00,26,22,40,2,87.8
2020-01-21 18:00:00,20,17,45,7,81.91
2020-01-21 19:00:00,29,29,52,2,82.29
2020-01-21 20:00:00,15,14,52,4,77.87
2020-01-21 21:00:00,23,19,36,4,80.96
2020-01-21 22:00:00,24,20,49,2,82.65
2020-01-21 23:00:00,22,22,45,4,80.75
2020-01-22 00:00:00,30,30,42,8,73.82
2020-01-22 01:00:00,32,31,52,4,86.47
2020-01-22 02:00:00,26,26,48,3,81.9
2020-01-22 03:00:00,25,23,48,11,74.1
2020-01-22 04:00:00,18,14,47,1,80.57
2020-01-22 05:00:00,26,22,42,2,70.55
2020-01-22 06:00:00,22,20,45,3,76.19
2020-01-22 07:00:00,16,13,46,4,87.02
2020-01-22 08:00:00,29,26,39,5,82.75
2020-01-22 09:00:00,18,18,48,3,74.01
2020-01-22 10:00:00,18,17,51,4,82.41
2020-01-22 11:00:00,16,13,52,0,78.36
2020-01-22 12:00:00,32,31,40,2,73.52
2020-01-22 13:00:00,18,17,43,3,83.17
2020-01-22 14:00:00,21,18,48,4,78.07
2020-01-22 15:00:00,23,22,44,2,77.74
2020-01-22 16:00:00,17,17,41,5,78.39
2020-01-22 17:00:00,23,21,50,4,84.88
2020-01-22 18:00:00,21,19,44,3,85.47
2020-01-22 19:00:00,21,21,38,5,78.92
2020-01-22 20:00:00,8,8,48,0,78.72
2020-01-22 21:00:00,27,23,50,4,83.43
2020-01-22 22:00:00,29,27,43,2,75.98
2020-01-22 23:00:00,23,23,48,4,79.93
2020-01-23 00:00:00,25,22,36,7,81.22
2020-01-23 01:00:00,21,20,44,2,75.1
2020-01-23 02:00:00,18,18,42,1,78.39
2020-01-23 03:00:00,24,21,52,2,86.56
2020-01-23 04:00:00,23,19,51,5,77.45
2020-01-23 05:00:00,29,27,43,6,85.02
2020-01-23 06:00:00,30,27,43,7,77.43
2020-01-23 07:00:00,22,21,53,2,79.53
2020-01-23 08:00:00,17,14,52,3,83.97
2020-01-23 09:00:00,20,16,40,5,78.35
2020-01-23 10:00:00,25,24,44,4,78.69
2020-01-23 11:00:00,23,21,48,5,84.37
2020-01-23 12:00:00,28,27,47,5,82.58
2020-01-23 13:00:00,27,24,50,1,85.13
2020-01-23 14:00:00,17,17,42,2,82.53
2020-01-23 15:00:00,29,29,48,7,82.85
2020-01-23 16:00:00,22,21,45,1,82.03
2020-01-23 17:00:00,22,21,50,2,80.56
2020-01-23 18:00:00,22,18,42,7,91.94
2020-01-23 19:00:00,28,25,41,4,89.18
2020-01-23 20:00:00,18,17,47,3,92.29
2020-01-23 21:00:00,26,26,47,3,79.26
2020-01-23 22:00:00,12,10,44,2,80.77
2020-01-23 23:00:00,29,26,46,4,74.85
2020-01-24 00:00:00,22,18,44,2,73.98
2020-01-24 01:00:00,23,20,49,0,80.35
2020-01-24 02:00:00,21,21,44,4,88.0
2020-01-24 03:00:00,18,15,46,3,86.99
2020-01-24 04:00:00,34,30,42,4,81.1
2020-01-24 05:00:00,20,16,49,4,84.99
2020-01-24 06:00:00,15,13,44,0,76.31
2020-01-24 07:00:00,16,13,55,1,85.14
2020-01-24 08:00:00,25,23,42,4,81.85
2020-01-24 09:00:00,22,21,45,2,87.25
2020-01-24 10:00:00,26,24,45,5,81.76
2020-01-24 11:00:00,26,25,44,4,64.5
2020-01-24 12:00:00,18,17,52,5,79.79
2020-01-24 13:00:00,27,26,35,6,79.87
2020-01-24 14:00:00,26,26,49,8,79.5
2020-01-24 15:00:00,21,17,44,3,73.22
2020-01-24 16:00:00,25,24,47,5,91.43
2020-01-24 17:00:00,22,19,42,8,82.73
2020-01-24 18:00:00,25,25,45,6,79.04
2020-01-24 19:00:00,23,22,45,0,78.11
2020-01-24 20:00:00,20,19,42,1,77.94
2020-01-24 21:00:00,25,21,43,4,75.53
2020-01-24 22:00:00,19,19,55,3,85.98
2020-01-24 23:00:00,26,26,45,6,80.16
2020-01-25 00:00:00,20,18,45,4,81.95
2020-01-25 01:00:00,21,18,51,4,87.76
2020-01-25 02:00:00,36,32,48,6,80.53
2020-01-25 03:00:00,25,23,45,2,88.14
2020-01-25 04:00:00,29,27,44,5,79.2
2020-01-25 05:00:00,31,28,43,5,78.3
2020-01-25 06:00:00,27,23,54,10,81.2
2020-01-25 07:00:00,20,17,40,4,81.49
2020-01-25 08:00:00,27,23,40,8,88.71
2020-01-25 09:00:00,24,23,42,8,82.15
2020-01-25 10:00:00,27,27,39,9,81.93
2020-01-25 11:00:00,25,24,46,6,74.63
2020-01-25 12:00:00,29,28,49,6,81.62
2020-01-25 13:00:00,24,23,42,3,72.66
2020-01-25 14:00:00,26,23,41,3,78.86
2020-01-25 15:00:00,27,23,49,2,83.05
2020-01-25 16:00:00,32,31,46,3,74.32
2020-01-25 17:00:00,24,24,31,4,91.59
2020-01-25 18:00:00,31,30,36,6,78.27
2020-01-25 19:00:00,29,27,47,4,87.41
2020-01-25 20:00:00,22,20,52,2,85.84
2020-01-25 21:00:00,21,18,45,3,85.81
2020-01-25 22:00:00,24,24,46,6,82.44
2020-01-25 23:00:00,24,21,45,6,77.38
2020-01-26 00:00:00,29,26,48,5,84.98
2020-01-26 01:00:00,27,24,39,1,81.7
2020-01-26 02:00:00,30,29,46,6,71.5
2020-01-26 03:00:00,24,20,45,5,86.02
2020-01-26 04:00:00,24,20,44,3,82.05
2020-01-26 05:00:00,26,26,42,3,71.42
2020-01-26 06:00:00,22,21,45,4,92.31
2020-01-26 07:00:00,25,21,41,5,91.82
2020-01-26 08:00:00,21,19,42,3,83.51
2020-01-26 09:00:00,24,21,47,6,83.99
2020-01-26 10:00:00,26,22,45,6,83.66
2020-01-26 11:00:00,22,19,37,2,71.06
2020-01-26 12:00:00,23,22,50,5,83.31
2020-01-26 13:00:00,18,14,42,3,84.6
2020-01-26 14:00:00,18,15,47,6,84.37
2020-01-26 15:00:00,26,22,43,2,79.59
2020-01-26 16:00:00,19,15,44,1,81.99
2020-01-26 17:00:00,21,21,50,3,81.36
2020-01-26 18:00:00,27,27,40,7,79.25
2020-01-26 19:00:00,19,18,45,5,80.68
2020-01-26 20:00:00,26,23,40,3,83.9
2020-01-26 21:00:00,32,32,46,5,81.69
2020-01-26 22:00:00,29,29,35,2,81.13
2020-01-26 23:00:00,28,27,40,3,82.74
2020-01-27 00:00:00,23,21,53,4,76.23
2020-01-27 01:00:00,26,24,36,3,78.79
2020-01-27 02:00:00,14,10,43,3,77.0
2020-01-27 03:00:00,28,27,42,11,77.25
2020-01-27 04:00:00,25,22,46,4,81.68
2020-01-27 05:00:00,24,24,41,3,75.12
2020-01-27 06:00:00,16,14,45,2,91.6
2020-01-27 07:00:00,25,25,42,9,88.26
2020-01-27 08:00:00,18,14,39,3,76.22
2020-01-27 09:00:00,22,22,41,5,80.16
2020-01-27 10:00:00,31,30,44,5,89.13
2020-01-27 11:00:00,19,16,47,0,78.69
2020-01-27 12:00:00,23,23,40,4,83.56
2020-01-27 13:00:00,20,17,43,4,89.83
2020-01-27 14:00:00,34,33,47,7,82.66
2020-01-27 15:00:00,30,26,41,4,88.37
2020-01-27 16:00:00,24,23,42,6,74.13
2020-01-27 17:00:00,15,13,42,2,78.7
2020-01-27 18:00:00,25,21,47,3,82.54
2020-01-27 19:00:00,18,18,43,4,79.31
2020-01-27 20:00:00,22,19,52,4,87.33
2020-01-27 21:00:00,33,29,47,7,84.45
2020-01-27 22:00:00,27,23,41,7,83.2
2020-01-27 23:00:00,22,20,46,2,71.5
2020-01-28 00:00:00,16,16,48,2,79.14
2020-01-28 01:00:00,31,27,40,5,76.81
2020-01-28 02:00:00,23,21,47,5,77.71
2020-01-28 03:00:00,23,20,42,3,79.85
2020-01-28 04:00:00,27,24,43,1,85.3
2020-01-28 05:00:00,32,32,49,7,79.93
2020-01-28 06:00:00,25,25,40,5,87.54
2020-01-28 07:00:00,29,29,43,2,83.84
2020-01-28 08:00:00,14,11,44,2,80.25
2020-01-28 09:00:00,22,21,48,5,73.52
2020-01-28 10:00:00,23,23,40,1,79.05
2020-01-28 11:00:00,35,34,47,10,85.86
2020-01-28 12:00:00,20,19,52,4,76.4
2020-01-28 13:00:00,20,20,46,6,77.58
2020-01-28 14:00:00,22,21,36,6,77.09
2020-01-28 15:00:00,18,17,51,3,81.39
2020-01-28 16:00:00,21,20,45,2,78.05
2020-01-28 17:00:00,28,26,55,5,78.62
2020-01-28 18:00:00,25,21,44,3,82.2
2020-01-28 19:00:00,29,29,50,3,79.91
2020-01-28 20:00:00,28,26,55,7,83.85
2020-01-28 21:00:00,22,22,36,9,79.81
2020-01-28 22:00:00,18,14,42,2,89.55
2020-01-28 23:00:00,14,13,43,4,79.73
2020-01-29 00:00:00,29,27,52,5,72.29
2020-01-29 01:00:00,21,21,41,3,78.23
2020-01-29 02:00:00,27,26,50,7,77.73
2020-01-29 03:00:00,30,27,44,8,84.58
2020-01-29 04:00:00,19,17,42,4,83.42
2020-01-29 05:00:00,27,25,41,2,82.97
2020-01-29 06:00:00,41,38,50,9,85.73
2020-01-29 07:00:00,23,22,47,2,83.68
2020-01-29 08:00:00,27,23,42,5,88.31
2020-01-29 09:00:00,30,27,54,2,85.24
2020-01-29 10:00:00,31,28,46,9,82.49
2020-01-29 11:00:00,29,29,48,3,85.53
2020-01-29 12:00:00,27,25,57,4,83.74
2020-01-29 13:00:00,29,25,49,5,85.48
2020-01-29 14:00:00,23,19,50,4,79.69
2020-01-29 15:00:00,27,23,43,9,78.34
2020-01-29 16:00:00,26,24,45,4,80.09
2020-01-29 17:00:00,25,21,43,7,87.57
2020-01-29 18:00:00,26,26,44,4,79.37
2020-01-29 19:00:00,23,22,46,1,78.18
2020-01-29 20:00:00,26,26,40,4,77.26
2020-01-29 21:00:00,28,27,50,5,86.8
2020-01-29 22:00:00,34,32,47,4,73.88
2020-01-29 23:00:00,33,30,45,6,76.13
2020-01-30 00:00:00,27,24,47,5,76.89
2020-01-30 01:00:00,24,20,44,4,79.9
2020-01-30 02:00:00,28,24,37,9,85.52
2020-01-30 03:00:00,19,17,37,2,78.53
2020-01-30 04:00:00,23,20,41,5,74.78
2020-01-30 05:00:00,22,21,51,7,84.43
2020-01-30 06:00:00,27,25,39,4,83.7
2020-01-30 07:00:00,26,23,42,6,88.91
2020-01-30 08:00:00,24,23,55,9,92.41
2020-01-30 09:00:00,31,27,43,8,80.52
2020-01-30 10:00:00,28,24,33,1,88.15
2020-01-30 11:00:00,18,15,42,4,77.75
2020-01-30 12:00:00,27,26,41,7,82.35
2020-01-30 13:00:00,24,22,44,8,73.72
2020-01-30 14:00:00,21,18,45,5,82.5
2020-01-30 15:00:00,24,21,55,8,88.18
2020-01-30 16:00:00,24,24,45,4,91.02
2020-01-30 17:00:00,33,33,41,8,80.55
2020-01-30 18:00:00,24,24,42,3,74.89
2020-01-30 19:00:00,25,22,43,3,88.37
2020-01-30 20:00:00,21,20,49,2,85.12
2020-01-30 21:00:00,34,32,50,6,82.97
2020-01-30 22:00:00,22,20,40,4,79.09
2020-01-30 23:00:00,41,37,45,14,78.41
2020-01-31 00:00:00,27,24,40,4,82.9
2020-01-31 01:00:00,24,24,42,7,82.36
2020-01-31 02:00:00,33,31,47,8,80.46
2020-01-31 03:00:00,23,22,47,4,82.29
2020-01-31 04:00:00,25,24,42,7,81.23
2020-01-31 05:00:00,31,28,53,4,90.59
2020-01-31 06:00:00,26,25,48,3,84.94
2020-01-31 07:00:00,18,14,50,2,92.45
2020-01-31 08:00:00,23,20,44,5,77.87
2020-01-31 09:00:00,30,27,45,8,85.42
2020-01-31 10:00:00,23,19,48,3,82.85
2020-01-31 11:00:00,24,20,45,2,85.03
2020-01-31 12:00:00,30,29,48,9,78.51
2020-01-31 13:00:00,31,31,49,2,75.42
2020-01-31 14:00:00,26,24,38,4,76.32
2020-01-31 15:00:00,32,29,45,7,87.66
2020-01-31 16:00:00,25,22,40,6,79.81
2020-01-31 17:00:00,28,26,40,5,83.12
2020-01-31 18:00:00,25,24,49,4,71.29
2020-01-31 19:00:00,24,22,47,5,78.48
2020-01-31 20:00:00,29,29,49,5,81.4
2020-01-31 21:00:00,35,34,45,8,78.2
2020-01-31 22:00:00,20,17,44,3,78.97
2020-01-31 23:00:00,26,24,47,3,85.01
2020-02-01 00:00:00,15,13,49,2,80.38
2020-02-01 01:00:00,35,34,41,3,81.95
2020-02-01 02:00:00,34,31,46,9,81.66
2020-02-01 03:00:00,28,26,43,6,85.34
2020-02-01 04:00:00,20,16,43,2,76.21
2020-02-01 05:00:00,19,17,48,5,87.02
2020-02-01 06:00:00,19,17,46,5,84.48
2020-02-01 07:00:00,25,25,45,6,82.42
2020-02-01 08:00:00,29,29,36,6,83.16
2020-02-01 09:00:00,28,26,43,7,76.5
2020-02-01 10:00:00,19,17,47,2,82.81
2020-02-01 11:00:00,20,20,49,1,82.03
2020-02-01 12:00:00,19,15,44,2,79.57
2020-02-01 13:00:00,16,13,43,4,85.61
2020-02-01 14:00:00,30,29,38,7,80.86
2020-02-01 15:00:00,21,19,42,6,87.94
2020-02-01 16:00:00,24,21,44,6,85.58
2020-02-01 17:00:00,28,26,45,8,84.81
2020-02-01 18:00:00,20,20,48,5,77.49
2020-02-01 19:00:00,19,17,49,7,88.99
2020-02-01 20:00:00,30,27,37,7,82.82
2020-02-01 21:00:00,22,21,45,5,79.93
2020-02-01 22:00:00,15,15,43,5,84.47
2020-02-01 23:00:00,27,23,46,7,80.27
2020-02-02 00:00:00,29,27,46,10,89.05
2020-02-02 01:00:00,21,20,39,6,92.56
2020-02-02 02:00:00,19,16,55,1,74.96
2020-02-02 03:00:00,31,31,47,5,89.13
2020-02-02 04:00:00,22,21,40,6,81.72
2020-02-02 05:00:00,25,21,43,5,78.17
2020-02-02 06:00:00,20,18,39,2,75.32
2020-02-02 07:00:00,27,27,44,5,68.33
2020-02-02 08:00:00,29,28,45,6,75.46
2020-02-02 09:00:00,22,19,47,7,83.57
2020-02-02 10:00:00,36,33,43,3,78.12
2020-02-02 11:00:00,24,20,57,5,77.92
2020-02-02 12:00:00,29,27,41,5,77.43
2020-02-02 13:00:00,22,18,42,3,81.59
2020-02-02 14:00:00,20,19,45,3,78.31
2020-02-02 15:00:00,21,21,41,1,76.65
2020-02-02 16:00:00,31,31,49,4,85.35
2020-02-02 17:00:00,29,28,39,5,86.8
2020-02-02 18:00:00,18,18,48,8,66.22
2020-02-02 19:00:00,25,24,44,4,80.52
2020-02-02 20:00:00,28,24,54,7,82.83
2020-02-02 21:00:00,26,24,41,3,71.98
2020-02-02 22:00:00,27,24,51,6,80.26
2020-02-02 23:00:00,32,29,46,4,80.59
2020-02-03 00:00:00,22,19,47,7,85.0
2020-02-03 01:00:00,19,19,37,2,76.98
2020-02-03 02:00:00,26,22,44,6,77.02
2020-02-03 03:00:00,19,15,44,6,90.31
2020-02-03 04:00:00,30,27,49,4,80.49
2020-02-03 05:00:00,24,20,43,7,80.67
2020-02-03 06:00:00,19,18,53,8,72.79
2020-02-03 07:00:00,26,23,44,4,80.2
2020-02-03 08:00:00,24,21,35,9,83.91
2020-02-03 09:00:00,20,18,43,3,80.65
2020-02-03 10:00:00,26,23,45,6,76.78
2020-02-03 11:00:00,29,29,47,4,78.25
2020-02-03 12:00:00,11,10,44,1,79.15
2020-02-03 13:00:00,19,15,56,6,82.28
2020-02-03 14:00:00,30,30,47,6,87.37
2020-02-03 15:00:00,25,24,43,4,84.6
2020-02-03 16:00:00,32,30,41,8,87.18
2020-02-03 17:00:00,22,19,52,4,71.21
2020-02-03 18:00:00,30,26,44,7,81.42
2020-02-03 19:00:00,29,26,47,7,83.85
2020-02-03 20:00:00,18,18,50,4,77.45
2020-02-03 21:00:00,33,30,42,7,78.56
2020-02-03 22:00:00,22,21,43,2,82.74
2020-02-03 23:00:00,32,29,52,9,80.58
2020-02-04 00:00:00,20,17,39,5,81.36
2020-02-04 01:00:00,22,20,48,9,84.43
2020-02-04 02:00:00,32,29,51,10,95.61
2020-02-04 03:00:00,28,26,42,4,80.64
2020-02-04 04:00:00,26,26,51,9,83.54
2020-02-04 05:00:00,29,27,45,5,86.12
2020-02-04 06:00:00,30,28,42,3,87.39
2020-02-04 07:00:00,20,20,41,3,77.47
2020-02-04 08:00:00,38,36,50,6,84.06
2020-02-04 09:00:00,18,15,43,3,83.83
2020-02-04 10:00:00,33,33,45,7,78.07
2020-02-04 11:00:00,17,17,46,3,78.82
2020-02-04 12:00:00,22,20,36,6,81.94
2020-02-04 13:00:00,20,18,44,2,76.62
2020-02-04 14:00:00,23,22,49,5,81.45
2020-02-04 15:00:00,26,26,38,5,80.7
2020-02-04 16:00:00,23,19,42,4,78.16
2020-02-04 17:00:00,33,30,44,8,80.42
2020-02-04 18:00:00,26,24,45,8,85.42
2020-02-04 19:00:00,18,18,45,5,74.31
2020-02-04 20:00:00,23,23,47,5,85.65
2020-02-04 21:00:00,27,24,50,4,87.36
2020-02-04 22:00:00,25,25,48,5,81.2
2020-02-04 23:00:00,26,22,44,4,86.29
2020-02-05 00:00:00,25,24,45,3,81.9
2020-02-05 01:00:00,24,21,50,6,77.23
2020-02-05 02:00:00,31,27,46,9,79.45
2020-02-05 03:00:00,33,33,48,8,79.05
2020-02-05 04:00:00,37,37,46,8,84.14
2020-02-05 05:00:00,22,20,43,5,76.48
2020-02-05 06:00:00,29,26,38,4,88.53
2020-02-05 07:00:00,25,24,42,5,73.98
2020-02-05 08:00:00,22,20,46,6,82.31
2020-02-05 09:00:00,21,21,43,3,84.11
2020-02-05 10:00:00,22,21,43,8,80.03
2020-02-05 11:00:00,26,23,42,3,84.03
2020-02-05 12:00:00,23,19,46,7,71.54
2020-02-05 13:00:00,31,30,47,10,82.19
2020-02-05 14:00:00,20,18,41,7,76.66
2020-02-05 15:00:00,38,34,45,10,73.47
2020-02-05 16:00:00,21,17,48,3,79.12
2020-02-05 17:00:00,26,25,52,5,90.35
2020-02-05 18:00:00,30,29,49,5,84.55
2020-02-05 19:00:00,26,24,48,6,86.72
2020-02-05 20:00:00,25,24,42,5,85.84
2020-02-05 21:00:00,29,26,46,7,79.16
2020-02-05 22:00:00,22,18,49,6,85.93
2020-02-05 23:00:00,22,18,41,4,89.65
2020-02-06 00:00:00,28,26,39,7,81.53
2020-02-06 01:00:00,28,27,46,6,73.86
2020-02-06 02:00:00,29,28,37,6,78.82
2020-02-06 03:00:00,22,18,42,6,82.61
2020-02-06 04:00:00,19,15,42,4,88.37
2020-02-06 05:00:00,32,30,47,9,71.99
2020-02-06 06:00:00,28,27,43,9,80.92
2020-02-06 07:00:00,23,23,45,5,78.67
2020-02-06 08:00:00,21,20,42,3,82.64
2020-02-06 09:00:00,29,27,46,7,81.55
2020-02-06 10:00:00,28,24,44,8,84.75
2020-02-06 11:00:00,25,21,39,10,82.51
2020-02-06 12:00:00,33,33,46,8,76.56
2020-02-06 13:00:00,27,27,46,6,77.76
2020-02-06 14:00:00,37,35,49,8,81.78
2020-02-06 15:00:00,30,29,48,5,74.9
2020-02-06 16:00:00,28,24,49,9,86.37
2020-02-06 17:00:00,27,24,43,7,84.13
2020-02-06 18:00:00,16,13,47,3,77.57
2020-02-06 19:00:00,25,22,38,6,83.32
2020-02-06 20:00:00,29,25,36,5,83.96
2020-02-06 21:00:00,30,26,40,5,83.84
2020-02-06 22:00:00,27,24,35,6,71.9
2020-02-06 23:00:00,26,26,46,7,87.38
2020-02-07 00:00:00,19,16,46,5,90.74
2020-02-07 01:00:00,24,24,37,7,75.05
2020-02-07 02:00:00,31,29,51,5,78.36
2020-02-07 03:00:00,16,13,45,5,88.04
2020-02-07 04:00:00,33,30,38,9,89.83
2020-02-07 05:00:00,21,21,51,5,76.7
2020-02-07 06:00:00,24,24,41,5,82.61
2020-02-07 07:00:00,27,27,46,6,81.2
2020-02-07 08:00:00,33,31,46,5,77.94
2020-02-07 09:00:00,24,21,38,5,88.55
2020-02-07 10:00:00,24,24,51,6,76.36
2020-02-07 11:00:00,24,22,57,4,81.03
2020-02-07 12:00:00,32,30,39,11,73.93
2020-02-07 13:00:00,21,17,46,6,80.21
2020-02-07 14:00:00,24,24,46,8,82.51
2020-02-07 15:00:00,25,25,46,4,88.48
2020-02-07 16:00:00,23,23,54,5,80.86
2020-02-07 17:00:00,24,20,46,3,85.93
2020-02-07 18:00:00,29,29,47,11,83.16
2020-02-07 19:00:00,30,30,50,7,82.81
2020-02-07 20:00:00,32,30,54,7,79.06
2020-02-07 21:00:00,20,20,41,6,77.19
2020-02-07 22:00:00,28,25,44,6,65.73
2020-02-07 23:00:00,31,30,46,10,81.54
2020-02-08 00:00:00,34,34,41,7,79.65
2020-02-08 01:00:00,23,21,50,3,84.38
2020-02-08 02:00:00,21,17,45,3,89.05
2020-02-08 03:00:00,31,27,39,6,81.25
2020-02-08 04:00:00,25,24,44,7,85.35
2020-02-08 05:00:00,35,33,39,8,78.19
2020-02-08 06:00:00,31,31,43,6,77.27
2020-02-08 07:00:00,24,20,34,7,75.48
2020-02-08 08:00:00,31,27,49,11,82.52
2020-02-08 09:00:00,32,29,42,7,86.43
2020-02-08 10:00:00,27,26,40,6,79.8
2020-02-08 11:00:00,24,21,44,5,85.29
2020-02-08 12:00:00,27,23,51,4,83.6
2020-02-08 13:00:00,27,27,48,5,78.75
2020-02-08 14:00:00,17,17,54,2,84.13
2020-02-08 15:00:00,35,32,38,8,77.92
2020-02-08 16:00:00,31,31,38,6,81.96
2020-02-08 17:00:00,27,26,43,7,81.01
2020-02-08 18:00:00,27,24,53,3,86.7
2020-02-08 19:00:00,26,24,48,4,80.54
2020-02-08 20:00:00,26,26,49,5,76.46
2020-02-08 21:00:00,23,23,39,5,82.24
2020-02-08 22:00:00,28,26,43,4,85.89
2020-02-08 23:00:00,26,25,43,5,87.63
2020-02-09 00:00:00,21,18,46,4,81.92
2020-02-09 01:00:00,20,17,48,4,84.12
2020-02-09 02:00:00,19,18,44,4,89.54
2020-02-09 03:00:00,24,21,39,8,84.44
2020-02-09 04:00:00,29,29,41,9,87.83
2020-02-09 05:00:00,31,30,48,8,88.03
2020-02-09 06:00:00,19,19,51,5,87.61
2020-02-09 07:00:00,20,20,47,5,78.65
2020-02-09 08:00:00,35,35,42,7,76.52
2020-02-09 09:00:00,20,18,41,8,83.82
2020-02-09 10:00:00,27,26,43,5,72.51
2020-02-09 11:00:00,18,18,52,4,82.96
2020-02-09 12:00:00,40,39,42,7,73.74
2020-02-09 13:00:00,21,17,40,2,84.26
2020-02-09 14:00:00,35,35,42,7,78.55
2020-02-09 15:00:00,34,31,45,11,80.39
2020-02-09 16:00:00,25,21,43,3,78.58
2020-02-09 17:00:00,27,24,42,8,82.79
2020-02-09 18:00:00,27,23,47,10,91.8
2020-02-09 19:00:00,28,26,38,9,82.19
2020-02-09 20:00:00,23,21,42,5,89.17
2020-02-09 21:00:00,33,29,44,7,83.97
2020-02-09 22:00:00,25,21,46,6,78.34
2020-02-09 23:00:00,29,28,41,5,80.92
2020-02-10 00:00:00,31,29,38,7,75.32
2020-02-10 01:00:00,27,26,47,7,86.67
2020-02-10 02:00:00,25,22,57,6,83.08
2020-02-10 03:00:00,33,31,44,11,81.44
2020-02-10 04:00:00,25,24,46,5,84.73
2020-02-10 05:00:00,22,22,44,10,77.17
2020-02-10 06:00:00,27,24,42,6,86.21
2020-02-10 07:00:00,31,29,48,6,82.04
2020-02-10 08:00:00,27,27,43,8,81.28
2020-02-10 09:00:00,28,24,40,7,85.25
2020-02-10 10:00:00,25,25,45,6,81.19
2020-02-10 11:00:00,20,16,38,4,82.28
2020-02-10 12:00:00,32,28,49,10,82.51
2020-02-10 13:00:00,22,18,49,7,85.1
2020-02-10 14:00:00,24,20,50,2,82.87
2020-02-10 15:00:00,30,27,39,6,77.43
2020-02-10 16:00:00,23,19,44,4,82.67
2020-02-10 17:00:00,27,23,56,6,77.53
2020-02-10 18:00:00,26,22,38,4,93.81
2020-02-10 19:00:00,27,25,42,4,88.4
2020-02-10 20:00:00,17,16,44,4,89.79
2020-02-10 21:00:00,25,25,42,4,78.18
2020-02-10 22:00:00,23,23,42,5,81.52
2020-02-10 23:00:00,23,22,43,2,78.28
2020-02-11 00:00:00,25,22,38,1,90.24
2020-02-11 01:00:00,23,19,39,3,80.82
2020-02-11 02:00:00,26,24,42,5,82.25
2020-02-11 03:00:00,26,26,30,7,81.57
2020-02-11 04:00:00,27,26,39,5,88.26
2020-02-11 05:00:00,24,20,45,7,87.01
2020-02-11 06:00:00,28,28,42,3,80.07
2020-02-11 07:00:00,22,22,40,4,88.56
2020-02-11 08:00:00,22,22,44,6,80.99
2020-02-11 09:00:00,26,22,43,5,88.92
2020-02-11 10:00:00,21,18,48,5,76.67
2020-02-11 11:00:00,29,28,45,8,90.12
2020-02-11 12:00:00,28,27,44,5,80.8
2020-02-11 13:00:00,24,24,39,7,83.13
2020-02-11 14:00:00,27,24,44,3,78.77
2020-02-11 15:00:00,28,25,35,10,76.84
2020-02-11 16:00:00,23,19,54,4,83.81
2020-02-11 17:00:00,21,20,37,7,83.34
2020-02-11 18:00:00,31,31,45,7,75.08
2020-02-11 19:00:00,25,25,42,5,80.39
2020-02-11 20:00:00,25,22,44,7,71.51
2020-02-11 21:00:00,25,23,45,7,77.71
2020-02-11 22:00:00,33,29,39,8,80.79
2020-02-11 23:00:00,22,19,48,9,72.29
2020-02-12 00:00:00,21,17,49,3,85.61
2020-02-12 01:00:00,22,19,43,6,92.86
2020-02-12 02:00:00,29,26,47,5,87.01
2020-02-12 03:00:00,23,20,53,6,77.31
2020-02-12 04:00:00,29,27,47,8,81.38
2020-02-12 05:00:00,26,25,46,4,81.5
2020-02-12 06:00:00,32,32,36,9,80.96
2020-02-12 07:00:00,35,31,49,8,83.14
2020-02-12 08:00:00,21,18,43,4,81.17
2020-02-12 09:00:00,20,20,49,3,77.14
2020-02-12 10:00:00,43,40,46,10,85.53
2020-02-12 11:00:00,29,28,38,7,87.85
2020-02-12 12:00:00,21,20,43,3,77.86
2020-02-12 13:00:00,30,29,50,7,74.84
2020-02-12 14:00:00,26,23,60,8,87.64
2020-02-12 15:00:00,26,26,40,6,80.22
2020-02-12 16:00:00,29,28,37,9,73.6
2020-02-12 17:00:00,29,25,44,5,79.86
2020-02-12 18:00:00,30,28,46,8,89.25
2020-02-12 19:00:00,26,24,47,3,81.05
2020-02-12 20:00:00,29,27,50,6,85.47
2020-02-12 21:00:00,24,22,47,4,73.3
2020-02-12 22:00:00,25,23,41,6,77.56
2020-02-12 23:00:00,31,29,46,13,88.15
2020-02-13 00:00:00,22,19,39,6,81.71
2020-02-13 01:00:00,27,27,37,8,84.13
2020-02-13 02:00:00,32,28,51,9,87.87
2020-02-13 03:00:00,33,33,50,7,79.85
2020-02-13 04:00:00,28,24,34,6,83.58
2020-02-13 05:00:00,28,27,50,9,77.58
2020-02-13 06:00:00,29,25,45,8,72.47
2020-02-13 07:00:00,28,25,50,10,88.38
2020-02-13 08:00:00,29,28,36,7,89.68
2020-02-13 09:00:00,25,23,41,6,78.16
2020-02-13 10:00:00,30,27,41,6,91.59
2020-02-13 11:00:00,32,29,43,8,86.31
2020-02-13 12:00:00,35,35,45,8,69.65
2020-02-13 13:00:00,30,30,34,13,73.65
2020-02-13 14:00:00,32,31,42,7,67.44
2020-02-13 15:00:00,21,18,42,5,85.54
2020-02-13 16:00:00,30,29,41,8,78.29
2020-02-13 17:00:00,25,23,43,11,80.17
2020-02-13 18:00:00,26,26,56,4,78.01
2020-02-13 19:00:00,25,22,44,6,82.27
2020-02-13 20:00:00,22,20,36,4,84.48
2020-02-13 21:00:00,22,19,48,5,87.99
2020-02-13 22:00:00,23,21,49,7,78.18
2020-02-13 23:00:00,28,24,48,4,77.35
2020-02-14 00:00:00,28,26,41,8,83.84
2020-02-14 01:00:00,25,21,50,7,81.68
2020-02-14 02:00:00,22,22,47,7,80.81
2020-02-14 03:00:00,14,10,48,4,87.66
2020-02-14 04:00:00,28,27,47,7,77.66
2020-02-14 05:00:00,26,24,49,7,70.58
2020-02-14 06:00:00,32,32,45,9,78.46
2020-02-14 07:00:00,24,21,46,7,96.13
2020-02-14 08:00:00,19,17,43,6,81.09
2020-02-14 09:00:00,26,24,42,5,77.81
2020-02-14 10:00:00,29,25,53,7,81.97
2020-02-14 11:00:00,27,23,42,7,86.6
2020-02-14 12:00:00,28,26,43,9,76.93
2020-02-14 13:00:00,22,20,43,6,95.57
2020-02-14 14:00:00,28,27,46,7,76.25
2020-02-14 15:00:00,19,16,37,6,78.32
2020-02-14 16:00:00,27,26,41,9,90.21
2020-02-14 17:00:00,30,29,43,6,83.71
2020-02-14 18:00:00,30,27,45,9,92.01
2020-02-14 19:00:00,30,30,38,7,88.33
2020-02-14 20:00:00,29,26,46,6,86.18
2020-02-14 21:00:00,31,31,41,9,71.87
2020-02-14 22:00:00,22,20,45,5,78.9
2020-02-14 23:00:00,26,25,50,2,75.51
2020-02-15 00:00:00,33,31,45,10,79.29
2020-02-15 01:00:00,34,33,47,7,76.16
2020-02-15 02:00:00,25,21,39,6,78.9
2020-02-15 03:00:00,24,23,37,6,87.75
2020-02-15 04:00:00,23,22,49,7,85.43
2020-02-15 05:00:00,33,32,52,6,73.2
2020-02-15 06:00:00,21,21,51,8,82.34
2020-02-15 07:00:00,35,31,39,12,74.74
2020-02-15 08:00:00,27,27,41,8,81.27
2020-02-15 09:00:00,23,20,34,7,77.39
2020-02-15 10:00:00,20,17,40,4,80.21
2020-02-15 11:00:00,27,23,44,7,76.99
2020-02-15 12:00:00,32,29,46,10,85.71
2020-02-15 13:00:00,29,27,45,8,78.18
2020-02-15 14:00:00,27,27,49,6,78.9
2020-02-15 15:00:00,35,34,49,8,75.85
2020-02-15 16:00:00,38,36,44,9,79.28
2020-02-15 17:00:00,27,26,48,8,82.19
2020-02-15 18:00:00,30,27,45,7,79.69
2020-02-15 19:00:00,34,34,50,11,70.51
2020-02-15 20:00:00,30,27,51,6,85.8
2020-02-15 21:00:00,38,38,46,8,83.38
2020-02-15 22:00:00,20,19,46,7,78.5
2020-02-15 23:00:00,29,28,46,7,84.74
2020-02-16 00:00:00,25,24,43,5,78.76
2020-02-16 01:00:00,31,27,51,8,77.02
2020-02-16 02:00:00,34,31,36,12,84.34
2020-02-16 03:00:00,34,30,46,8,88.99
2020-02-16 04:00:00,23,21,47,7,83.15
2020-02-16 05:00:00,33,29,44,7,87.08
2020-02-16 06:00:00,33,32,42,11,78.81
2020-02-16 07:00:00,26,26,50,9,79.52
2020-02-16 08:00:00,29,26,38,7,88.78
2020-02-16 09:00:00,30,27,48,9,86.68
2020-02-16 10:00:00,33,30,43,8,86.89
2020-02-16 11:00:00,34,32,38,7,79.24
2020-02-16 12:00:00,23,20,46,8,81.43
2020-02-16 13:00:00,30,28,38,7,82.87
2020-02-16 14:00:00,25,24,39,8,75.2
2020-02-16 15:00:00,29,29,43,5,71.38
2020-02-16 16:00:00,29,28,50,10,85.07
2020-02-16 17:00:00,32,28,49,5,76.17
2020-02-16 18:00:00,27,24,46,5,81.35
2020-02-16 19:00:00,26,22,48,6,87.04
2020-02-16 20:00:00,31,29,48,8,78.98
2020-02-16 21:00:00,22,21,39,6,78.15
2020-02-16 22:00:00,24,21,53,7,86.91
2020-02-16 23:00:00,25,23,41,8,85.95
2020-02-17 00:00:00,29,28,37,5,88.71
2020-02-17 01:00:00,30,29,36,7,79.96
2020-02-17 02:00:00,24,22,33,8,71.72
2020-02-17 03:00:00,20,20,40,8,80.54
2020-02-17 04:00:00,28,27,43,10,80.96
2020-02-17 05:00:00,29,26,42,10,76.39
2020-02-17 06:00:00,19,15,43,6,84.73
2020-02-17 07:00:00,24,22,40,7,75.46
2020-02-17 08:00:00,28,28,46,6,88.87
2020-02-17 09:00:00,32,31,48,8,77.91
2020-02-17 10:00:00,27,23,47,6,71.07
2020-02-17 11:00:00,24,24,33,8,83.17
2020-02-17 12:00:00,30,28,46,6,85.32
2020-02-17 13:00:00,27,26,43,7,76.51
2020-02-17 14:00:00,26,25,42,6,74.32
2020-02-17 15:00:00,18,16,51,7,90.57
2020-02-17 16:00:00,25,21,47,5,94.71
2020-02-17 17:00:00,23,19,37,8,87.44
2020-02-17 18:00:00,30,27,50,10,81.07
2020-02-17 19:00:00,24,23,39,5,78.2
2020-02-17 20:00:00,23,21,42,6,83.18
2020-02-17 21:00:00,38,37,44,10,83.6
2020-02-17 22:00:00,15,12,36,5,80.92
2020-02-17 23:00:00,29,26,43,7,79.93
2020-02-18 00:00:00,27,27,38,4,77.54
2020-02-18 01:00:00,28,27,43,6,74.5
2020-02-18 02:00:00,25,23,48,5,81.64
2020-02-18 03:00:00,28,28,54,8,81.51
2020-02-18 04:00:00,22,20,53,4,83.58
2020-02-18 05:00:00,19,16,40,5,79.49
2020-02-18 06:00:00,26,22,55,3,88.09
2020-02-18 07:00:00,25,21,40,14,84.06
2020-02-18 08:00:00,28,26,38,8,86.36
2020-02-18 09:00:00,34,32,43,8,81.23
2020-02-18 10:00:00,29,25,42,7,82.75
2020-02-18 11:00:00,23,23,41,5,84.17
2020-02-18 12:00:00,26,22,41,8,80.9
2020-02-18 13:00:00,18,15,50,5,81.33
2020-02-18 14:00:00,19,18,44,5,79.98
2020-02-18 15:00:00,29,27,40,10,80.51
2020-02-18 16:00:00,32,32,37,7,78.84
2020-02-18 17:00:00,33,30,39,8,79.7
2020-02-18 18:00:00,30,29,42,9,91.81
2020-02-18 19:00:00,28,28,44,6,87.09
2020-02-18 20:00:00,29,27,46,9,79.19
2020-02-18 21:00:00,23,23,45,6,78.88
2020-02-18 22:00:00,28,25,47,6,90.17
2020-02-18 23:00:00,26,22,44,6,88.41
2020-02-19 00:00:00,23,21,46,5,83.6
2020-02-19 01:00:00,23,22,40,7,81.72
2020-02-19 02:00:00,22,20,48,7,80.43
2020-02-19 03:00:00,27,24,46,11,82.24
2020-02-19 04:00:00,32,31,50,8,80.05
2020-02-19 05:00:00,23,20,51,6,79.36
2020-02-19 06:00:00,24,22,57,9,90.32
2020-02-19 07:00:00,31,31,52,7,83.66
2020-02-19 08:00:00,20,17,46,8,85.4
2020-02-19 09:00:00,27,23,52,4,75.91
2020-02-19 10:00:00,29,25,53,6,87.21
2020-02-19 11:00:00,25,23,42,9,71.1
2020-02-19 12:00:00,39,38,39,8,74.82
2020-02-19 13:00:00,24,24,37,4,84.01
2020-02-19 14:00:00,36,35,44,4,84.54
2020-02-19 15:00:00,28,25,39,7,71.86
2020-02-19 16:00:00,27,25,54,5,85.45
2020-02-19 17:00:00,26,26,34,11,87.06
2020-02-19 18:00:00,29,27,42,3,76.9
2020-02-19 19:00:00,28,26,50,5,85.28
2020-02-19 20:00:00,34,32,45,10,81.84
2020-02-19 21:00:00,31,30,49,2,81.98
2020-02-19 22:00:00,39,36,39,8,83.41
2020-02-19 23:00:00,20,17,37,5,80.91
2020-02-20 00:00:00,30,29,48,11,90.02
2020-02-20 01:00:00,30,26,47,7,89.06
2020-02-20 02:00:00,27,27,48,11,88.69
2020-02-20 03:00:00,25,25,44,5,80.49
2020-02-20 04:00:00,17,16,53,6,80.12
2020-02-20 05:00:00,27,25,45,4,83.54
2020-02-20 06:00:00,31,29,48,5,86.91
2020-02-20 07:00:00,23,20,47,5,83.36
2020-02-20 08:00:00,26,25,34,4,81.12
2020-02-20 09:00:00,37,33,47,8,83.29
2020-02-20 10:00:00,30,26,48,4,86.33
2020-02-20 11:00:00,22,22,49,4,80.49
2020-02-20 12:00:00,29,29,41,8,77.69
2020-02-20 13:00:00,26,24,49,4,78.84
2020-02-20 14:00:00,23,21,38,10,79.06
2020-02-20 15:00:00,25,24,46,7,73.93
2020-02-20 16:00:00,25,23,42,4,77.13
2020-02-20 17:00:00,25,23,38,7,90.41
2020-02-20 18:00:00,36,33,39,8,84.84
2020-02-20 19:00:00,26,25,50,7,83.76
2020-02-20 20:00:00,25,25,50,9,78.23
2020-02-20 21:00:00,33,32,41,6,70.51
2020-02-20 22:00:00,31,27,44,8,85.67
2020-02-20 23:00:00,24,22,38,7,83.52
2020-02-21 00:00:00,32,32,50,7,82.65
2020-02-21 01:00:00,31,30,50,8,81.85
2020-02-21 02:00:00,18,18,37,8,73.28
2020-02-21 03:00:00,22,20,35,8,89.98
2020-02-21 04:00:00,30,30,53,5,87.06
2020-02-21 05:00:00,22,22,48,7,87.76
2020-02-21 06:00:00,31,31,46,7,70.78
2020-02-21 07:00:00,25,21,41,7,85.3
2020-02-21 08:00:00,27,24,42,5,87.44
2020-02-21 09:00:00,33,32,45,9,83.67
2020-02-21 10:00:00,22,22,51,4,79.98
2020-02-21 11:00:00,18,14,41,5,85.73
2020-02-21 12:00:00,23,23,50,7,83.76
2020-02-21 13:00:00,30,30,41,7,83.14
2020-02-21 14:00:00,33,30,37,9,76.81
2020-02-21 15:00:00,27,23,44,8,90.41
